Subject,Class,Sequence,D|0,I|0+1,PF|0+1,RF|0+1,D|1,I|1+2,PF|1+2,RF|1+2,D|2,I|2+3,PF|2+3,RF|2+3,D|3,I|3+4,PF|3+4,RF|3+4,D|4,I|4+5,PF|4+5,RF|4+5,D|5,I|5+6,PF|5+6,RF|5+6,D|6,I|6+7,PF|6+7,RF|6+7,D|7,I|7+8,PF|7+8,RF|7+8,D|8,I|8+9,PF|8+9,RF|8+9,D|9
3,3,bob docket,0.172158718,0.359594584,0.187401533,0.187435865,0.17219305,0.218995094,0.093483686,0.046802044,0.125511408,0.251172304,0.140854597,0.125660896,0.110317707,0.281267643,0.156197071,0.170949936,0.125070572,0.251378536,0.157343149,0.126307964,0.094035387,0.233166218,0.124531746,0.139130831,0.108634472,0.234490395,0.124445915,0.125855923,0.110044479,0.468536854,0.296752453,0.358492374,0.171784401,0.187556267,0.078193903,0.015771866,0.109362364
3,3,eel emulge,0.12517333,0.250566721,0.140972137,0.125393391,0.109594584,0.281191587,0.140140772,0.171597004,0.141050816,0.265849113,0.126655102,0.124798298,0.139194012,0.561166286,0.404803991,0.421972275,0.156362295,0.469130993,0.345729589,0.312768698,0.123401403,1.513406515,1.404042959,1.390005112,0.109363556,1.500450373,1.360373259,1.391086817,0.140077114,0.687397957,0.436588764,0.547320843,0.250809193,0.218953609,0.094152927,-0.031855583,0.124800682
3,3,kin chaffy,0.109229803,0.484546185,0.249888182,0.375316381,0.234658003,0.234658003,0.078525305,0,0.156132698,0.285045862,0.124805689,0.128913164,0.160240173,0.6250422,0.468909502,0.464802027,0.156132698,0.296513557,0.203632593,0.140380859,0.092880964,0.327421427,0.1712358,0.234540462,0.156185627,0.421727657,0.343741655,0.26554203,0.077986002,0.25810194,0.125617266,0.180115938,0.132484674,0.218092918,0.108772993,0.085608244,0.109319925
3,3,orb whiffy,0.093712091,0.218835831,0.078409672,0.125123739,0.140426159,0.282433271,0.188341856,0.142007113,0.094091415,0.655019999,0.500935555,0.560928583,0.154084444,0.552821159,0.388733625,0.398736715,0.164087534,0.312541723,0.140846252,0.148454189,0.171695471,0.202718973,0.077943325,0.031023502,0.124775648,0.87565589,0.81240201,0.750880241,0.06325388,0.23709178,0.124922276,0.1738379,0.112169504,0.241034269,0.125313759,0.128864765,0.11572051
3,3,vie crummy,0.094025135,0.281478643,0.143708467,0.187453508,0.137770176,0.324690104,0.199913979,0.186919928,0.124776125,0.328093052,0.21872282,0.203316927,0.109370232,0.234173536,0.140785933,0.124803305,0.093387604,0.421874762,0.312380314,0.328487158,0.109494448,0.265489101,0.171963453,0.155994654,0.093525648,0.343685627,0.24993515,0.250159979,0.093750477,0.234383345,0.156521559,0.140632868,0.077861786,0.202866554,0.093515873,0.125004768,0.109350681
3,3,abs hammed,0.187489748,0.390805244,0.296681643,0.203315496,0.094123602,0.40624547,0.250326157,0.312121868,0.155919313,0.718276978,0.609046936,0.562357664,0.109230042,0.359519243,0.29710722,0.250289202,0.062412024,0.249646902,0.110035181,0.187234879,0.139611721,0.23342967,0.170801163,0.093817949,0.062628508,0.220857859,0.141038179,0.158229351,0.079819679,0.31233716,0.093811989,0.232517481,0.218525171,0.171376705,0.062268019,-0.047148466,0.109108686
3,3,don chucks,0.142448902,0.344166994,0.125412703,0.201718092,0.218754292,0.20298028,0.07830286,-0.015774012,0.12467742,0.218447685,0.062066078,0.093770266,0.156381607,0.375633955,0.250032902,0.219252348,0.125601053,0.359603643,0.296972036,0.23400259,0.062631607,0.609431982,0.531562567,0.546800375,0.077869415,0.280824423,0.156390667,0.202955008,0.124433756,0.249385595,0.140174627,0.124951839,0.109210968,0.265435934,0.125311136,0.156224966,0.140124798
3,3,cur ulcers,0.123618841,0.279881477,0.154674053,0.156262636,0.125207424,0.297298908,0.187412024,0.172091484,0.109886885,0.609859467,0.50087142,0.499972582,0.108988047,0.374292135,0.31176734,0.265304089,0.062524796,0.312479734,0.203435183,0.249954939,0.109044552,0.327717066,0.23423481,0.218672514,0.093482256,0.578230381,0.390830994,0.484748125,0.187399387,0.187399387,0.068617105,0,0.118782282,0.431081295,0.321801424,0.312299013,0.109279871
3,3,key tuples,0.077816963,0.343589306,0.218961477,0.265772343,0.124627829,0.296573162,0.203041077,0.171945333,0.093532085,0.280899763,0.140385628,0.187367678,0.140514135,0.692009449,0.518325567,0.551495314,0.173683882,0.26527524,0.173683882,0.091591358,0.091591358,0.65409565,0.436273336,0.562504292,0.217822313,0.202448368,0.092935801,-0.015373945,0.109512568,0.265538692,0.15634346,0.156026125,0.109195232,0.358875513,0.249505281,0.249680281,0.109370232
3,3,ski storks,0.172080517,0.265805483,0.156395674,0.093724966,0.109409809,0.375300884,0.265896082,0.265891075,0.109404802,0.281230688,0.124599457,0.171825886,0.156631231,0.703312159,0.578271151,0.546680927,0.125041008,0.547030687,0.437423468,0.421989679,0.10960722,0.250303745,0.156209469,0.140696526,0.094094276,0.234350204,0.124997854,0.140255928,0.10935235,0.219210148,0.10935235,0.109857798,0.109857798,0.281551361,0.172125101,0.171693563,0.10942626
3,3,raw hotdog,0.125374079,0.422094822,0.172210455,0.296720743,0.249884367,0.249884367,0.126231909,0,0.123652458,0.393194914,0.26534605,0.269542456,0.127848864,0.655189753,0.467746496,0.527340889,0.187443256,0.21848774,0.078187943,0.031044483,0.140299797,0.20298624,0.124541998,0.062686443,0.078444242,0.484346628,0.392014742,0.405902386,0.092331886,0.264581442,0.139453173,0.172249556,0.125128269,0.252244234,0.171975136,0.127115965,0.080269098
3,3,din cosily,0.218478441,0.360542059,0.155991077,0.142063618,0.204550982,0.204550982,0.079159975,0,0.125391006,0.249140739,0.077142,0.123749733,0.171998739,0.421781063,0.282104254,0.249782324,0.139676809,0.280475616,0.186799765,0.140798807,0.093675852,0.32782793,0.172081232,0.234152079,0.155746698,0.796436071,0.562603474,0.640689373,0.233832598,0.265252829,0.110074282,0.031420231,0.155178547,0.311889172,0.20189023,0.156710625,0.109998941
3,3,rim metric,0.14099288,0.265851498,0.156364679,0.124858618,0.109486818,0.361241102,0.250178099,0.251754284,0.111063004,0.249712706,0.111063004,0.138649702,0.138649702,0.495863676,0.357640743,0.357213974,0.138222933,0.297646284,0.157203674,0.159423351,0.14044261,0.328171015,0.234329462,0.187728405,0.093841553,0.296168327,0.188244104,0.202326775,0.107924223,0.21804595,0.124004602,0.110121727,0.094041348,0.296309233,0.210516691,0.202267885,0.085792542
3,3,rap reaver,0.202588558,0.234109879,0.077718019,0.03152132,0.156391859,0.265608788,0.156391859,0.109216928,0.109216928,0.234229088,0.080734015,0.125012159,0.153495073,0.668875694,0.544373512,0.515380621,0.124502182,0.171690702,0.046366215,0.04718852,0.125324488,0.75048852,0.641141415,0.625164032,0.109347105,0.335259676,0.234000444,0.225912571,0.101259232,0.468768835,0.312456369,0.367509604,0.156312466,0.173329592,0.078876495,0.017017126,0.094453096
3,3,put gismos,0.125313997,0.406119585,0.298087358,0.280805588,0.108032227,0.217395067,0.093721628,0.109362841,0.123673439,0.4207623,0.327038527,0.297088861,0.093723774,1.859407902,1.656219482,1.765684128,0.203188419,0.265553951,0.062373161,0.062365532,0.20318079,0.422218561,0.281486273,0.219037771,0.140732288,0.671564341,0.562326431,0.530832052,0.109237909,0.328404427,0.221547127,0.219166517,0.1068573,0.216305971,0.091467619,0.109448671,0.124838352
3,3,win sawfly,0.140817404,0.328300714,0.109416485,0.187483311,0.21888423,0.203093529,0.093477726,-0.015790701,0.109615803,0.375284672,0.251089096,0.265668869,0.124195576,0.343561172,0.093955755,0.219365597,0.249605417,0.295527935,0.108196497,0.045922518,0.187331438,1.562600136,1.437550545,1.375268698,0.125049591,0.430662394,0.297106028,0.305612803,0.133556366,0.218426943,0.09335041,0.084870577,0.125076532,0.437628984,0.344120502,0.312552452,0.093508482
3,3,pit repour,0.23408246,0.203137398,0.016241312,-0.030945063,0.186896086,0.298672438,0.108793497,0.111776352,0.189878941,0.250546932,0.109047651,0.060667992,0.141499281,0.688233376,0.469722748,0.546734095,0.218510628,0.265003681,0.092967033,0.046493053,0.172036648,0.55286932,0.390921593,0.380832672,0.161947727,0.452798605,0.29681015,0.290850878,0.155988455,0.468902111,0.374696255,0.312913656,0.094205856,0.343744278,0.189050436,0.249538422,0.154693842
3,3,new panini,0.093508244,0.515003204,0.405585051,0.421494961,0.109418154,0.375554562,0.297955751,0.266136408,0.07759881,0.483299971,0.405493498,0.40570116,0.077806473,1.015762806,0.93891263,0.937956333,0.076850176,0.623584986,0.551349163,0.54673481,0.072235823,3.572652578,3.400337219,3.500416756,0.172315359,0.531199694,0.421794891,0.358884335,0.109404802,0.374932528,0.125221968,0.265527725,0.24971056,0.24971056,0.109275341,0,0.140435219
3,3,abs insist,0.16176796,0.25216794,0.140765667,0.090399981,0.111402273,0.281239271,0.111402273,0.169836998,0.169836998,0.357125282,0.263598442,0.187288284,0.09352684,0.625170231,0.437364817,0.531643391,0.187805414,0.2031672,0.078371525,0.015361786,0.124795675,0.328311205,0.202970505,0.20351553,0.1253407,0.828560114,0.718689919,0.703219414,0.109870195,0.250189543,0.109870195,0.140319347,0.140319347,0.421154022,0.314440489,0.280834675,0.106713533
3,3,use prefer,0.108696461,0.171628237,0.093500137,0.062931776,0.078128099,0.327847481,0.218711615,0.249719381,0.109135866,0.20342207,0.109135866,0.094286203,0.094286203,0.328383684,0.203968287,0.234097481,0.124415398,0.218049288,0.078123808,0.09363389,0.13992548,0.155730963,0.04629159,0.015805483,0.109439373,0.78172636,0.70294261,0.672286987,0.078783751,0.359418392,0.203373194,0.280634642,0.156045198,0.171820402,0.077915668,0.015775204,0.093904734
3,3,ate priest,0.156010628,0.43696785,0.249764681,0.280957222,0.187203169,0.265602112,0.109077692,0.078398943,0.15652442,0.31296587,0.219266176,0.15644145,0.093699694,0.345288277,0.218462229,0.251588583,0.126826048,0.250420332,0.109597206,0.123594284,0.140823126,0.484309673,0.375763893,0.343486547,0.10854578,0.358292341,0.264783621,0.249746561,0.09350872,0.343496323,0.249762774,0.249987602,0.093733549,0.312633753,0.250179291,0.218900204,0.062454462
3,3,ref yowled,0.173036814,0.218886375,0.079794168,0.045849562,0.139092207,0.529570103,0.388894558,0.390477896,0.140675545,0.499968529,0.375032902,0.359292984,0.124935627,1.016617775,0.944684029,0.891682148,0.071933746,0.430368185,0.321082354,0.358434439,0.109285831,1.078242779,0.942577362,0.968956947,0.135665417,0.635439634,0.5102911,0.499774218,0.125148535,0.499911547,0.249995708,0.374763012,0.249915838,0.234667778,0.093724728,-0.01524806,0.14094305
3,3,qof litres,0.140688658,0.422316074,0.281461477,0.281627417,0.140854597,0.34360981,0.171702147,0.202755213,0.171907663,0.265974998,0.109671116,0.094067335,0.156303883,0.343824387,0.187158346,0.187520504,0.15666604,0.390632391,0.265779972,0.233966351,0.124852419,0.484248638,0.344036102,0.359396219,0.140212536,0.468648911,0.343478441,0.328436375,0.125170469,0.2969594,0.187346935,0.171788931,0.109612465,0.3441782,0.250130415,0.234565735,0.094047785
4,4,lake voile,0.139457464,0.280043364,0.107808113,0.140585899,0.17223525,0.328457117,0.203217506,0.156221867,0.125239611,0.234470606,0.094198227,0.109230995,0.140272379,0.344973564,0.251037121,0.204701185,0.093936443,1.18605566,1.04539299,1.092119217,0.14066267,0.249712229,0.14066267,0.109049559,0.109049559,0.312360048,0.218626976,0.20331049,0.093733072,0.296856403,0.187415838,0.203123331,0.109440565,0.218949795,0.094210386,0.10950923,0.124739408
4,4,opts jacks,0.250710011,0.250710011,0.062669277,0,0.188040733,0.312766314,0.203353882,0.12472558,0.109412432,0.502032518,0.343681335,0.392620087,0.158351183,0.254108906,0.126517057,0.095757723,0.127591848,0.326587915,0.232666969,0.198996067,0.093920946,0.39082098,0.125385046,0.296900034,0.265435934,0.344146729,0.175523996,0.078710794,0.168622732,0.793018341,0.668071032,0.624395609,0.124947309,0.249624014,0.124947309,0.124676704,0.124676704
4,4,cork decks,0.126043797,0.656547546,0.562442303,0.53050375,0.094105244,0.375362158,0.251267433,0.281256914,0.124094725,0.318580866,0.20249486,0.194486141,0.116086006,0.312003613,0.155945063,0.195917606,0.15605855,0.468893766,0.233966112,0.312835217,0.234927654,0.250193357,0.109355927,0.015265703,0.140837431,0.531729698,0.406337261,0.390892267,0.125392437,0.453369617,0.343916655,0.32797718,0.109452963,0.25015974,0.125184059,0.140706778,0.124975681
4,4,jamb mushy,0.093952179,0.375069857,0.171690702,0.281117678,0.203379154,0.406518698,0.316203833,0.203139544,0.090314865,0.980905771,0.887048483,0.890590906,0.093857288,0.328177929,0.171827078,0.234320641,0.156350851,0.303462744,0.203558207,0.147111893,0.099904537,0.296591282,0.20285058,0.196686745,0.093740702,0.29684639,0.140540123,0.203105688,0.156306267,1.265655279,1.156490088,1.109349012,0.109165192,0.296809435,0.188149929,0.187644243,0.108659506
4,4,naif umbel,0.093865156,0.187687874,0.048509598,0.093822718,0.139178276,0.2795403,0.155963898,0.140362024,0.123576403,0.232883453,0.076778889,0.109307051,0.156104565,0.251192093,0.109290361,0.095087528,0.141901731,0.750144482,0.672208548,0.60824275,0.077935934,0.325297594,0.219460011,0.24736166,0.105837584,0.311787605,0.233567476,0.205950022,0.078220129,0.250003338,0.109404325,0.171783209,0.140599012,0.187486649,0.109515429,0.046887636,0.07797122
4,4,guys toted,0.203280687,0.203280687,0.078480244,0,0.124800444,0.343174696,0.249643087,0.218374252,0.093531609,0.234265566,0.093531609,0.140733957,0.140733957,0.234844446,0.078167915,0.094110489,0.156676531,0.547198057,0.437613726,0.390521526,0.109584332,0.218687296,0.140774727,0.109102964,0.077912569,0.749917507,0.626526356,0.672004938,0.123391151,0.296765089,0.202691317,0.173373938,0.094073772,0.327810526,0.21764946,0.233736753,0.110161066
4,4,ramp spasm,0.220781565,0.250481129,0.094475746,0.029699564,0.156005383,1.530245781,1.329488516,1.374240398,0.200757265,0.200757265,0.075516462,0,0.125240803,0.250424862,0.078288317,0.125184059,0.172136545,0.327939987,0.140607834,0.155803442,0.187332153,0.322996378,0.187332153,0.135664225,0.135664225,0.312921762,0.140688658,0.177257538,0.172233105,0.734482288,0.609473467,0.562249184,0.125008821,0.704269409,0.609658241,0.579260588,0.094611168
4,4,flue croon,0.137571096,0.293627977,0.153342724,0.156056881,0.140285254,0.392463207,0.281143188,0.252177954,0.111320019,0.234572887,0.062778234,0.123252869,0.171794653,0.249878645,0.093632936,0.078083992,0.156245708,0.46834445,0.359351873,0.312098742,0.108992577,0.452813387,0.359062195,0.34382081,0.093751192,0.188079119,0.125254869,0.094327927,0.062824249,0.359024525,0.141367197,0.296200275,0.217657328,0.233435392,0.124064922,0.015778065,0.10937047
4,4,wads scuba,0.124936342,0.406100512,0.234382629,0.281164169,0.171717882,0.500220776,0.297069073,0.328502893,0.203151703,0.234164715,0.109235048,0.031013012,0.124929667,0.343872786,0.218697309,0.218943119,0.125175476,0.390595675,0.172143936,0.265420198,0.218451738,0.234195232,0.093415022,0.015743494,0.14078021,0.515897989,0.439058065,0.375117779,0.076839924,0.545341253,0.482752085,0.468501329,0.062589169,0.218902588,0.110956907,0.156313419,0.107945681
4,4,geum quick,0.203840256,0.267222643,0.078262568,0.063382387,0.188960075,0.640633821,0.5471313,0.451673746,0.093502522,0.390379429,0.296549559,0.296876907,0.09382987,0.281779528,0.125451326,0.187949657,0.156328201,0.390607595,0.265517473,0.234279394,0.125090122,0.18762517,0.109461069,0.062535048,0.078164101,0.28091979,0.189631939,0.20275569,0.091287851,0.23221755,0.138110399,0.140929699,0.094107151,0.203349113,0.110309124,0.109241962,0.093039989
4,4,meet olios,0.094768763,0.28118062,0.187884331,0.186411858,0.093296289,0.375129223,0.204045534,0.281832933,0.171083689,0.218892336,0.063983202,0.047808647,0.154909134,0.294311285,0.200869083,0.139402151,0.093442202,1.078330755,0.984220028,0.984888554,0.094110727,0.390502691,0.281148434,0.296391964,0.109354258,0.406974554,0.313040257,0.297620296,0.093934298,0.358839035,0.265051126,0.264904737,0.093787909,0.250955105,0.124976397,0.157167196,0.125978708
4,4,nixy grebe,0.109201193,0.297197104,0.189130783,0.187995911,0.10806632,0.420492411,0.249454975,0.31242609,0.171037436,0.327054262,0.233186722,0.156016827,0.09386754,0.297284603,0.140701294,0.203417063,0.156583309,0.6409688,0.578184605,0.48438549,0.062784195,0.703352928,0.500746727,0.640568733,0.202606201,0.233747244,0.061963081,0.031141043,0.171784163,0.671445131,0.593603611,0.499660969,0.07784152,0.253040314,0.14056015,0.175198793,0.112480164
4,4,soot pined,0.124636412,0.297007561,0.203003168,0.172371149,0.094004393,0.312716484,0.156289339,0.218712091,0.156427145,0.250063181,0.125392675,0.093636036,0.124670506,0.437278509,0.327498436,0.312608004,0.109780073,0.391168356,0.282167435,0.281388283,0.109000921,0.46837306,0.24925971,0.359372139,0.21911335,0.234896898,0.062610865,0.015783548,0.172286034,0.359502316,0.124937773,0.187216282,0.234564543,0.234564543,0.078377724,0,0.156186819
4,4,lady palmy,0.109055519,0.218519449,0.093336582,0.10946393,0.125182867,0.375240803,0.234899521,0.250057936,0.140341282,0.579318285,0.46849966,0.438977003,0.110818624,0.359825611,0.218641758,0.249006987,0.141183853,0.720113754,0.628443003,0.578929901,0.091670752,0.324490547,0.168564558,0.232819796,0.155925989,0.298107386,0.172038794,0.142181396,0.126068592,0.374484301,0.249727249,0.248415709,0.124757051,0.390318632,0.313775063,0.265561581,0.07654357
4,4,debt heron,0.218314648,0.234051466,0.078240871,0.015736818,0.155810595,0.375446081,0.265139103,0.219635487,0.110306978,0.343638897,0.220299959,0.233331919,0.123338938,0.31112504,0.218268394,0.187786102,0.092856646,0.88996172,0.795903444,0.797105074,0.094058275,0.359883785,0.156144619,0.26582551,0.203739166,0.203739166,0.031457186,0,0.172281981,0.346387863,0.155991554,0.174105883,0.190396309,0.203514814,0.093719721,0.013118505,0.109795094
4,4,lode equal,0.094203472,0.391453743,0.248744726,0.297250271,0.142709017,0.297000408,0.078338861,0.154291391,0.218661547,0.265539646,0.064370155,0.046878099,0.201169491,0.357498646,0.232620001,0.156329155,0.124878645,0.984260082,0.859444141,0.859381437,0.124815941,0.343473196,0.21837616,0.218657255,0.125097036,0.249989033,0.156611919,0.124891996,0.093377113,0.249703884,0.141062498,0.156326771,0.108641386,0.234241247,0.108641386,0.125599861,0.125599861
4,4,saga opine,0.218585014,0.312745094,0.128635645,0.09416008,0.184109449,0.543155432,0.372012615,0.359045982,0.171142817,0.265033007,0.124771118,0.09389019,0.140261889,1.093474627,0.952687025,0.953212738,0.140787601,0.828429937,0.660609722,0.687642336,0.167820215,0.167820215,0.027045727,0,0.140774488,0.48496294,0.296856165,0.344188452,0.188106775,0.188106775,0.062525988,0,0.125580788,0.234216452,0.093835115,0.108635664,0.140381336
4,4,siam began,0.140882969,0.281211376,0.17323041,0.140328407,0.107980967,0.27953124,0.124824286,0.171550274,0.154706955,0.248727322,0.154706955,0.094020367,0.094020367,0.265630484,0.109268427,0.171610117,0.156362057,0.40653038,0.31260848,0.250168324,0.0939219,0.300653934,0.140687227,0.206732035,0.159966707,0.579271317,0.390974998,0.419304609,0.188296318,0.203128815,0.046478748,0.014832497,0.156650066,0.203454256,0.1097579,0.04680419,0.093696356
4,4,meow dally,0.109250784,0.28557539,0.140671492,0.176324606,0.144903898,0.234126568,0.144903898,0.08922267,0.08922267,0.19880414,0.042316675,0.10958147,0.156487465,0.353981733,0.203275919,0.197494268,0.150705814,2.093740702,1.937520027,1.943034887,0.156220675,0.720068693,0.593698978,0.563848019,0.126369715,0.344557524,0.252131224,0.218187809,0.0924263,0.272254705,0.15671277,0.179828405,0.115541935,0.247823,0.153929234,0.132281065,0.093893766
4,4,crux flaky,0.100214958,0.386503458,0.285892725,0.2862885,0.100610733,0.254698992,0.154098272,0.154088259,0.100600719,0.348856211,0.216867685,0.248255491,0.131988525,0.285826683,0.185474157,0.153838158,0.100352526,0.704195976,0.581128836,0.603843451,0.123067141,0.308456898,0.185745478,0.185389757,0.12271142,1.059056759,0.927131653,0.936345339,0.131925106,0.581519127,0.467556715,0.449594021,0.113962412,0.417858839,0.314630985,0.303896427,0.103227854
4,4,sagy brags,0.233381987,0.280421495,0.092767,0.047039509,0.187654495,0.500198603,0.296989441,0.312544107,0.203209162,0.250794172,0.109390736,0.047585011,0.141403437,0.313018084,0.17282629,0.171614647,0.140191793,0.514845133,0.421906471,0.374653339,0.092938662,0.468136311,0.342936754,0.375197649,0.125199556,0.328763008,0.140975475,0.203563452,0.187787533,0.499680281,0.437276125,0.311892748,0.062404156,0.359343529,0.234440565,0.296939373,0.124902964
4,4,eely burro,0.077828646,0.249879122,0.140550852,0.172050476,0.10932827,0.24998188,0.140634775,0.14065361,0.109347105,0.484450817,0.390594244,0.375103712,0.093856573,0.640682459,0.49980855,0.546825886,0.140873909,1.140571117,1.015665054,0.999697208,0.124906063,1.171865702,1.062606335,1.046959639,0.109259367,0.28127265,0.202985048,0.172013283,0.078287601,0.234321356,0.126580954,0.156033754,0.107740402,0.217183828,0.107740402,0.109443426,0.109443426
4,4,dugs could,0.140553713,0.281256437,0.172010899,0.140702724,0.109245539,0.454871655,0.359089375,0.345626116,0.09578228,0.265992165,0.109595299,0.170209885,0.156396866,0.281566143,0.093624592,0.125169277,0.187941551,0.500907898,0.343580961,0.312966347,0.157326937,0.313110828,0.12551856,0.155783892,0.187592268,0.187592268,0.109115839,0,0.078476429,0.328581333,0.218750238,0.250104904,0.109831095,0.234397888,0.126205206,0.124566793,0.108192682
5,5,taxis lire,0.187484264,0.249755859,0.063104868,0.062271595,0.186650991,0.530346394,0.422627211,0.343695402,0.107719183,0.379616022,0.232975006,0.271896839,0.146641016,0.265616894,0.146641016,0.118975878,0.118975878,0.322256327,0.24397397,0.203280449,0.078282356,0.313974142,0.20304966,0.235691786,0.110924482,0.312759638,0.218725681,0.201835155,0.094033957,0.284597635,0.10936451,0.190563679,0.175233126,0.20517087,0.06253624,0.029937744,0.14263463
5,5,agley gogo,0.187639713,0.796973944,0.672380447,0.60933423,0.124593496,0.374522924,0.249829054,0.249929428,0.124693871,0.374568701,0.234128237,0.24987483,0.140440464,0.890570164,0.781273842,0.7501297,0.109296322,0.327905178,0.17173624,0.218608856,0.156168938,0.328344345,0.171850204,0.172175407,0.156494141,0.344166756,0.234583378,0.187672615,0.109583378,0.280879498,0.156001806,0.17129612,0.124877691,0.203952789,0.093902826,0.079075098,0.110049963
5,5,slops blvd,0.159491777,0.265745878,0.187483549,0.106254101,0.078262329,0.749857426,0.499840498,0.671595097,0.250016928,0.219190836,0.07801795,-0.030826092,0.141172886,0.672158718,0.51584959,0.530985832,0.156309128,1.453796864,1.296919107,1.297487736,0.156877756,0.37539196,0.250872374,0.218514204,0.124519587,0.467542171,0.342923164,0.343022585,0.124619007,0.906166315,0.812392473,0.781547308,0.093773842,0.40659833,0.296863556,0.312824488,0.109734774
5,5,therm hope,0.140673161,0.251197815,0.156403065,0.110524654,0.09479475,0.406258106,0.188659906,0.311463356,0.2175982,0.2175982,0.093446493,0,0.124151707,0.327429771,0.218289614,0.203278065,0.109140158,0.390361786,0.249639273,0.281221628,0.140722513,0.379246473,0.29673028,0.23852396,0.082516193,0.438049555,0.218734026,0.355533361,0.219315529,0.219315529,0.094853401,0,0.124462128,0.201929331,0.077059984,0.077467203,0.124869347
5,5,place edgy,0.080754042,0.327954054,0.2191751,0.247200012,0.108778954,0.249610424,0.108778954,0.14083147,0.14083147,0.343631029,0.14083147,0.202799559,0.202799559,0.21856451,0.110185385,0.015764952,0.108379126,0.233307362,0.139883995,0.124928236,0.093423367,0.344916344,0.140268564,0.251492977,0.204647779,0.218924046,0.079316616,0.014276266,0.13960743,0.670499086,0.547795773,0.530891657,0.122703314,0.185377836,0.091758966,0.062674522,0.09361887
5,5,chary nard,0.125032187,0.281453609,0.187653542,0.156421423,0.093800068,0.327942848,0.171588182,0.23414278,0.156354666,0.187800884,0.047005415,0.031446218,0.140795469,0.249983311,0.157021999,0.109187841,0.092961311,0.296382904,0.155514479,0.203421593,0.140868425,0.781326771,0.703263998,0.640458345,0.078062773,0.421862841,0.171765566,0.343800068,0.250097275,0.21868825,0.093963385,-0.031409025,0.124724865,0.393749237,0.296839476,0.269024372,0.096909761
5,5,fixed lucy,0.109537601,0.281487226,0.156415939,0.171949625,0.125071287,0.234231472,0.156184435,0.109160185,0.078047037,0.500199318,0.312634706,0.422152281,0.187564611,0.202860355,0.047055006,0.015295744,0.155805349,0.234199762,0.140509605,0.078394413,0.093690157,0.312614441,0.203835249,0.218924284,0.108779192,0.405563354,0.311750174,0.296784163,0.093813181,0.302927256,0.187150717,0.209114075,0.115776539,0.187606812,0.115776539,0.071830273,0.071830273
5,5,lyric chef,0.124281406,0.468005419,0.374149323,0.343724012,0.093856096,0.219214678,0.125373363,0.125358582,0.093841314,0.296782494,0.156284332,0.202941179,0.140498161,0.390532017,0.28905654,0.250033855,0.101475477,0.570213795,0.429725409,0.468738317,0.140488386,0.37487793,0.249680996,0.234389544,0.125196934,0.297197342,0.203018665,0.172000408,0.094178677,0.406748533,0.187713385,0.312569857,0.219035149,0.219035149,0.095323086,0,0.123712063
5,5,youse raid,0.109455347,0.437535524,0.23427844,0.328080177,0.203257084,0.203257084,0.062805176,0,0.140451908,0.562434673,0.406275034,0.421982765,0.156159639,0.531319618,0.406093836,0.375159979,0.125225782,0.312621117,0.187419891,0.187395334,0.125201225,0.312640905,0.218885183,0.18743968,0.093755722,0.328062296,0.220385075,0.234306574,0.107677221,0.279628992,0.170467615,0.171951771,0.109161377,0.234425545,0.093431234,0.125264168,0.14099431
5,5,reedy cake,0.156268358,0.328349113,0.203604221,0.172080755,0.124744892,0.329029083,0.202805519,0.204284191,0.126223564,0.40716362,0.284186363,0.280940056,0.122977257,0.293996096,0.184446335,0.171018839,0.109549761,0.343602896,0.203678846,0.234053135,0.139924049,0.905963898,0.743930817,0.766039848,0.162033081,0.47431016,0.318181753,0.312277079,0.156128407,0.327866077,0.234455824,0.171737671,0.093410254,0.252564907,0.124868393,0.159154654,0.127696514
5,5,spurt fowl,0.17218709,1.0622437,0.968745232,0.89005661,0.093498468,0.390650988,0.265587091,0.297152519,0.125063896,0.312864304,0.17185092,0.187800407,0.141013384,0.718982458,0.577986956,0.577969074,0.140995502,0.391091108,0.283628464,0.250095606,0.107462645,0.377772808,0.232262373,0.270310163,0.145510435,0.406028509,0.304650784,0.260518074,0.101377726,0.398478985,0.257639647,0.297101259,0.140839338,0.266047239,0.134315491,0.125207901,0.131731749
5,5,dewed flus,0.172065973,0.37524724,0.172065973,0.203181267,0.203181267,0.905983686,0.765307188,0.70280242,0.140676498,0.875878811,0.625233889,0.735202312,0.250644922,0.234717846,0.077887058,-0.015927076,0.156830788,0.47364831,0.328428984,0.316817522,0.145219326,0.531342745,0.391278744,0.386123419,0.140064001,0.26497817,0.140064001,0.124914169,0.124914169,0.390598297,0.296830654,0.265684128,0.093767643,0.220553637,0.093767643,0.126785994,0.126785994
5,5,lucid sick,0.109468699,0.343623161,0.250230789,0.234154463,0.093392372,0.390226364,0.265333414,0.296833992,0.12489295,0.280991554,0.156386137,0.156098604,0.124605417,0.329838276,0.21867156,0.205232859,0.111166716,0.375104904,0.281336069,0.263938189,0.093768835,0.298090458,0.141357422,0.204321623,0.156733036,0.295850039,0.186804533,0.139117002,0.109045506,0.249944448,0.124754429,0.140898943,0.12519002,0.236771107,0.156205654,0.111581087,0.080565453
5,5,study soot,0.14146471,0.390595436,0.313100576,0.249130726,0.07749486,0.296546459,0.187072277,0.2190516,0.109474182,0.265954494,0.125350952,0.156480312,0.140603542,0.233921528,0.140603542,0.093317986,0.093317986,0.265340805,0.109023809,0.17202282,0.156316996,0.500286102,0.359810352,0.343969107,0.14047575,0.437057972,0.37462163,0.296582222,0.062436342,0.265550852,0.171809196,0.20311451,0.093741655,0.187867641,0.062697649,0.094125986,0.125169992
5,5,bruin ears,0.125142813,0.296975136,0.158058167,0.171832323,0.138916969,0.279708147,0.185893774,0.140791178,0.093814373,0.672128677,0.43890357,0.578314304,0.233225107,0.217456579,0.093978405,-0.015768528,0.123478174,0.250435591,0.107736826,0.126957417,0.142698765,0.531489611,0.250036478,0.388790846,0.281453133,0.281453133,0.094394445,0,0.187058687,0.218024731,0.093569756,0.030966043,0.124454975,0.405667305,0.296681881,0.28121233,0.108985424
5,5,trier kent,0.109446287,0.406270504,0.266168594,0.296824217,0.14010191,0.749718189,0.593495607,0.60961628,0.156222582,0.62468195,0.453074932,0.468459368,0.171607018,0.171607018,0.031031132,0,0.140575886,0.328203678,0.251490831,0.187627792,0.076712847,0.373613119,0.264516592,0.296900272,0.109096527,0.249584436,0.093353271,0.140487909,0.156231165,0.281384468,0.187683344,0.125153303,0.093701124,0.281205416,0.171884775,0.187504292,0.109320641
5,5,plena mown,0.093737125,0.375252485,0.250068426,0.28151536,0.125184059,0.359342337,0.219250917,0.234158278,0.140091419,1.094639778,0.983556509,0.954548359,0.111083269,0.2660079,0.111083269,0.154924631,0.154924631,0.279851198,0.185858727,0.124926567,0.093992472,0.359772682,0.267625809,0.26578021,0.092146873,0.310334444,0.201983452,0.218187571,0.108350992,0.280329704,0.159799576,0.171978712,0.120530128,0.198801279,0.10532093,0.078271151,0.093480349
5,5,diary sown,0.156399488,0.281289101,0.140674829,0.124889612,0.140614271,0.437355757,0.22035718,0.296741486,0.216998577,0.216998577,0.092214108,0,0.12478447,0.296955109,0.187314987,0.172170639,0.109640121,0.297454119,0.141143084,0.187813997,0.156311035,0.577701807,0.437197447,0.421390772,0.14050436,0.296763182,0.187768221,0.156258821,0.108994961,0.265312433,0.140547276,0.156317472,0.124765158,0.218762159,0.124765158,0.093997002,0.093997002
5,5,joyed roar,0.124999762,0.406563282,0.314089775,0.28156352,0.092473507,0.404663086,0.311066389,0.312189579,0.093596697,0.468695879,0.218768835,0.375099182,0.249927044,0.234195948,0.06231904,-0.015731096,0.171876907,0.594177008,0.484315395,0.4223001,0.109861612,0.437410355,0.296874285,0.327548742,0.14053607,0.250005007,0.14053607,0.109468937,0.109468937,0.297204494,0.094148397,0.187735558,0.203056097,0.203056097,0.078016758,0,0.125039339
5,5,farts calx,0.187577248,0.312376499,0.156613111,0.124799252,0.155763388,0.359795332,0.249530315,0.204031944,0.110265017,0.297420502,0.203568697,0.187155485,0.093851805,0.468158722,0.329596519,0.374306917,0.138562202,0.341590881,0.200926781,0.203028679,0.140664101,1.000308037,0.798455954,0.859643936,0.201852083,0.217150927,0.061587334,0.015298843,0.155563593,0.297198534,0.187103271,0.141634941,0.110095263,0.249746799,0.140561819,0.139651537,0.10918498
5,5,joeys bond,0.202977896,0.202977896,0.078264236,0,0.124713659,0.359321117,0.233938694,0.234607458,0.125382423,0.875436783,0.78269434,0.750054359,0.092742443,0.436524391,0.295713425,0.343781948,0.140810966,0.422072411,0.328349352,0.281261444,0.093723059,0.359131813,0.265650272,0.265408754,0.093481541,0.484223127,0.452973843,0.390741587,0.031249285,0.53121686,0.437218428,0.499967575,0.093998432,0.25041008,0.141246796,0.156411648,0.109163284
5,5,spoke wick,0.156527042,0.593818665,0.423379421,0.437291622,0.170439243,0.326653481,0.092622519,0.156214237,0.234030962,0.265574217,0.124582052,0.031543255,0.140992165,0.328422308,0.203458309,0.187430143,0.124963999,0.499743223,0.390628338,0.374779224,0.109114885,0.328756809,0.203115225,0.219641924,0.125641584,0.281327486,0.171931267,0.155685902,0.109396219,0.328201532,0.233944178,0.218805313,0.094257355,0.187916756,0.094257355,0.093659401,0.093659401
5,5,pseud lawn,0.14051795,0.515412807,0.359498262,0.374894857,0.155914545,1.030800819,0.921714783,0.874886274,0.109086037,0.390437126,0.265768051,0.281351089,0.124669075,0.343616724,0.218917608,0.218947649,0.124699116,0.374993563,0.234079838,0.250294447,0.140913725,0.390710354,0.265607119,0.249796629,0.125103235,0.249956369,0.125103235,0.124853134,0.124853134,0.343536615,0.203186512,0.218683481,0.140350103,0.218691826,0.125023603,0.078341722,0.093668222
6,6,tariff war,0.140922785,0.344288111,0.234797716,0.203365326,0.109490395,0.469789028,0.343425989,0.360298634,0.126363039,0.343840599,0.218786001,0.21747756,0.125054598,0.391115665,0.314896107,0.266061068,0.076219559,0.264188766,0.140025616,0.187969208,0.124163151,0.379484177,0.263908863,0.255321026,0.115575314,0.281388998,0.125185013,0.165813684,0.156203985,0.265397549,0.062388659,0.109193563,0.20300889,0.328260183,0.171524525,0.125251293,0.156735659
6,6,salter leu,0.234178543,0.25084734,0.077832937,0.016668797,0.173014402,0.343612671,0.218832731,0.170598269,0.12477994,0.359445333,0.25009799,0.234665394,0.109347343,0.384381056,0.187654018,0.275033712,0.196727037,0.196727037,0.062514544,0,0.134212494,0.312298536,0.218497992,0.178086042,0.093800545,0.327856064,0.203266144,0.234055519,0.12458992,0.391335964,0.250176191,0.266746044,0.141159773,0.218304396,0.124989033,0.077144623,0.093315363
6,6,flayer sob,0.155339003,0.357717037,0.232650042,0.202378035,0.125066996,0.472000122,0.297095537,0.346933126,0.174904585,0.734065056,0.644175053,0.559160471,0.089890003,0.636678696,0.449204683,0.546788692,0.187474012,0.187474012,0.047119617,0,0.140354395,0.381731987,0.265857935,0.241377592,0.115874052,0.546974659,0.421627522,0.431100607,0.125347137,0.359555721,0.156418324,0.234208584,0.203137398,0.203137398,0.094487667,0,0.108649731
6,6,skinny far,0.153955221,0.684847832,0.575734138,0.530892611,0.109113693,0.359937429,0.250336647,0.250823736,0.109600782,0.296599865,0.202907324,0.186999083,0.093692541,0.265201807,0.157530785,0.171509266,0.107671022,0.357716799,0.264010191,0.250045776,0.093706608,0.281306028,0.141474009,0.187599421,0.13983202,0.313060045,0.171457529,0.173228025,0.141602516,0.50029707,0.23416996,0.358694553,0.26612711,0.238756657,0.07831049,-0.027370453,0.160446167
6,6,wiving rho,0.142512321,0.265802145,0.15639472,0.123289824,0.109407425,0.406249523,0.298304558,0.296842098,0.107944965,0.420391798,0.201945066,0.312446833,0.218446732,0.202728748,0.077912331,-0.015717983,0.124816418,0.234405279,0.093874454,0.109588861,0.140530825,0.421623468,0.312886238,0.281092644,0.10873723,0.749483347,0.608977079,0.640746117,0.140506268,0.265582323,0.109453917,0.125076056,0.156128407,0.18723321,0.031052351,0.031104803,0.156180859
6,6,votive pit,0.180817127,0.595328569,0.454924583,0.414511442,0.140403986,0.686224937,0.545460939,0.545820951,0.140763998,0.845287561,0.72023201,0.704523563,0.125055552,0.779296637,0.529550791,0.654241085,0.249745846,0.249745846,0.093544245,0,0.156201601,0.797097921,0.672252893,0.64089632,0.124845028,0.594173193,0.437468767,0.469328165,0.156704426,0.438976288,0.327930927,0.282271862,0.111045361,0.250169039,0.111045361,0.139123678,0.139123678
6,6,miller jam,0.108927011,0.296243191,0.219305992,0.187316179,0.076937199,0.951665163,0.874233007,0.874727964,0.077432156,0.312152624,0.156011343,0.234720469,0.156141281,0.312376261,0.109724998,0.15623498,0.202651262,0.202651262,0.069053888,0,0.133597374,0.273901701,0.164437532,0.140304327,0.109464169,0.32830143,0.250175238,0.218837261,0.078126192,0.203384161,0.078126192,0.125257969,0.125257969,0.234457254,0.141477108,0.109199286,0.092980146
6,6,haglet lid,0.078495026,0.375381947,0.172196865,0.296886921,0.203185081,0.203185081,0.095448971,0,0.107736111,0.263814449,0.154468536,0.156078339,0.109345913,0.343850613,0.172000885,0.2345047,0.171849728,0.188917637,0.083107471,0.017067909,0.105810165,0.230370998,0.135928869,0.124560833,0.094442129,0.359480143,0.2339046,0.265038013,0.125575542,0.499923706,0.390931606,0.374348164,0.1089921,0.343630552,0.249702215,0.234638453,0.093928337
6,6,retuse huh,0.219588518,0.252624989,0.078191757,0.03303647,0.174433231,0.624965191,0.515443325,0.45053196,0.109521866,0.317134619,0.156377554,0.207612753,0.160757065,0.313688755,0.203048229,0.15293169,0.110640526,0.405913353,0.267063618,0.295272827,0.138849735,0.607990265,0.482699156,0.46914053,0.125291109,0.484795332,0.360768557,0.359504223,0.124026775,0.420537472,0.173078775,0.296510696,0.247458696,0.232170343,0.106806278,-0.015288353,0.125364065
6,6,smoggy sic,0.172061443,0.530931711,0.406283379,0.358870268,0.124648333,0.343851805,0.235785246,0.219203472,0.108066559,0.561077118,0.483487368,0.453010559,0.07758975,0.249514103,0.125902176,0.171924353,0.123611927,0.217222452,0.107831717,0.093610525,0.109390736,0.25024724,0.109390736,0.140856504,0.140856504,0.437455177,0.29709053,0.296598673,0.140364647,0.348048687,0.218893051,0.20768404,0.129155636,0.220110178,0.109018087,0.090954542,0.111092091
6,6,ghosts gel,0.155972242,0.305238962,0.203238726,0.14926672,0.102000237,0.249911308,0.218914986,0.147911072,0.030996323,1.030907393,0.890465498,0.99991107,0.140441895,0.608990431,0.515651226,0.468548536,0.093339205,0.468559742,0.344611645,0.375220537,0.123948097,0.451952457,0.327100754,0.32800436,0.124851704,0.468932867,0.300914764,0.344081163,0.168018103,0.261745453,0.089669466,0.09372735,0.172075987,0.234434128,0.125878811,0.062358141,0.108555317
6,6,terser ref,0.125200033,0.438162804,0.21867609,0.31296277,0.219486713,0.203431606,0.078314543,-0.016055107,0.125117064,0.737413645,0.655888319,0.612296581,0.081525326,0.503858805,0.347416878,0.422333479,0.156441927,0.172642469,0.062556028,0.016200542,0.110086441,0.453328371,0.328223467,0.34324193,0.125104904,0.328157663,0.210665941,0.203052759,0.117491722,0.148534536,0.023674488,0.031042814,0.124860048,0.3291471,0.235949039,0.204287052,0.093198061
6,6,lowest bit,0.109815121,0.361275911,0.250246286,0.251460791,0.111029625,0.267273664,0.140630722,0.15624404,0.126642942,0.374753714,0.281272411,0.248110771,0.093481302,0.359622955,0.250047684,0.266141653,0.109575272,0.375361443,0.296974182,0.265786171,0.07838726,0.296863556,0.204227448,0.218476295,0.092636108,0.54546833,0.326910257,0.452832222,0.218558073,0.250092506,0.125084639,0.031534433,0.125007868,0.204758883,0.093473434,0.079751015,0.111285448
6,6,deploy nut,0.234487534,0.234487534,0.078235626,0,0.156251907,0.406281233,0.202887535,0.250029325,0.203393698,0.219547749,0.109678268,0.016154051,0.10986948,0.359587431,0.234204769,0.249717951,0.125382662,0.312558413,0.218947411,0.187175751,0.093611002,0.70293808,0.609442711,0.609327078,0.093495369,0.414862633,0.296819925,0.321367264,0.118042707,0.312508106,0.187401772,0.194465399,0.125106335,0.203439236,0.109383345,0.078332901,0.094055891
6,6,poults eta,0.093347311,0.35926795,0.270314455,0.265920639,0.088953495,0.291906357,0.215050936,0.202952862,0.076855421,0.453659296,0.342694759,0.376803875,0.110964537,0.350185633,0.219030857,0.239221096,0.131154776,0.561882734,0.405484438,0.430727959,0.156398296,0.312907934,0.204592466,0.156509638,0.108315468,0.454317331,0.311198473,0.346001863,0.143118858,0.328430176,0.172109365,0.185311317,0.15632081,0.250084162,0.109382153,0.093763351,0.140702009
6,6,kabbal qis,0.10938096,0.341511011,0.187818289,0.232130051,0.153692722,0.484215498,0.406914711,0.330522776,0.077300787,0.264747858,0.170810223,0.187447071,0.093937635,0.343965292,0.187992096,0.250027657,0.155973196,0.24973464,0.155973196,0.093761444,0.093761444,0.328682899,0.156299114,0.234921455,0.172383785,0.750660419,0.60962677,0.578276634,0.141033649,0.327806473,0.218421221,0.186772823,0.109385252,0.285415888,0.172140121,0.176030636,0.113275766
6,6,panino flu,0.156293154,0.359425783,0.203249931,0.203132629,0.156175852,0.406256914,0.281549454,0.250081062,0.12470746,0.390643597,0.265391111,0.265936136,0.125252485,0.625182152,0.500109196,0.499929667,0.125072956,0.29686141,0.187603951,0.171788454,0.10925746,0.641165495,0.500212669,0.531908035,0.140952826,0.688284636,0.530851126,0.54733181,0.15743351,0.250972986,0.14068222,0.093539476,0.110290766,0.343714476,0.250155687,0.23342371,0.093558788
6,6,baldly kay,0.103412867,0.250136137,0.128017902,0.14672327,0.122118235,0.247119904,0.140114784,0.125001669,0.107005119,0.263467312,0.138121367,0.156462193,0.125345945,0.328351736,0.234637976,0.203005791,0.09371376,0.421565771,0.343668699,0.327852011,0.077897072,0.34348011,0.187273264,0.265583038,0.156206846,0.687412977,0.578398466,0.531206131,0.109014511,0.249988079,0.124759912,0.140973568,0.125228167,0.281322002,0.187736511,0.156093836,0.093585491
6,6,forego yah,0.141680956,0.281043768,0.156489849,0.139362812,0.124553919,0.484504938,0.344590187,0.359951019,0.139914751,0.764654875,0.608538151,0.624740124,0.156116724,0.581752062,0.4059937,0.425635338,0.175758362,0.312777042,0.156352997,0.137018681,0.156424046,0.328022957,0.172361135,0.171598911,0.155661821,0.842904568,0.733433008,0.687242746,0.10947156,0.203196287,0.078529596,0.093724728,0.124666691,0.249851465,0.156055689,0.125184774,0.093795776
6,6,rababs pew,0.172065973,0.437839985,0.281526804,0.265774012,0.156313181,2.002160788,1.906297207,1.845847607,0.095863581,0.312752485,0.187570333,0.216888905,0.125182152,0.265600204,0.15634203,0.140418053,0.109258175,0.296724558,0.124566793,0.187466383,0.172157764,0.328229427,0.172157764,0.156071663,0.156071663,0.640690088,0.546796322,0.484618425,0.093893766,0.266727924,0.125128269,0.172834158,0.141599655,0.18722558,0.048041582,0.045625925,0.139183998
6,6,poised fox,0.189059258,0.202950954,0.062471867,0.013891697,0.140479088,0.406019449,0.315478325,0.265540361,0.090541124,0.230906725,0.109685183,0.140365601,0.121221542,0.513045073,0.324634075,0.39182353,0.188410997,0.203218699,0.077648878,0.014807701,0.12556982,0.344129801,0.23463273,0.21855998,0.10949707,0.424413204,0.329734087,0.314916134,0.094679117,0.232626915,0.1231668,0.137947798,0.109460115,0.281439304,0.172214746,0.171979189,0.109224558
6,6,mashes two,0.069783449,0.323828936,0.100771189,0.254045486,0.223057747,0.223057747,0.069218636,0,0.153839111,0.403879642,0.317587376,0.250040531,0.086292267,0.240147829,0.117266417,0.153855562,0.122881413,0.504311323,0.37262249,0.381429911,0.131688833,0.504021168,0.371782303,0.372332335,0.132238865,0.519385099,0.419881582,0.387146235,0.099503517,0.719711304,0.571732044,0.620207787,0.147979259,0.350229502,0.234370708,0.202250242,0.115858793
6,6,molest dig,0.124792099,0.859174967,0.766283274,0.734382868,0.092891693,0.374397278,0.264924049,0.281505585,0.109473228,0.315678596,0.202719688,0.206205368,0.112958908,0.375322819,0.250158548,0.262363911,0.12516427,0.406592369,0.3127141,0.281428099,0.093878269,0.296720743,0.203078032,0.202842474,0.093642712,0.437263727,0.328043461,0.343621016,0.109220266,0.484195948,0.422471046,0.374975681,0.061724901,0.218105555,0.140170097,0.156380653,0.077935457
