Subject,Char_Total_Str,Char_Total_Int,Char_Init,Char_End,Current_Dwell,Interval,Press_Flight,Release_Flight,Digraph,Later_Dwell
jc,s_a,19_1,19,1,0.07899093627929688,0.08856749534606934,0.1675584316253662,0.18355560302734375,0.2625465393066406,0.09498810768127441
jc,a_p,1_16,1,16,0.09498810768127441,0.08027982711791992,0.17526793479919434,0.15244221687316895,0.24743032455444336,0.07216238975524902
jc,p_p,16_16,16,16,0.07216238975524902,0.06426000595092773,0.13642239570617676,0.14346742630004883,0.21562981605529785,0.0792074203491211
jc,p_y,16_25,16,25,0.0792074203491211,0.05703020095825195,0.13623762130737305,0.13602566719055176,0.21523308753967285,0.0789954662322998
jc,c_h,3_8,3,8,0.08794927597045898,0.056200504302978516,0.1441497802734375,0.1758592128753662,0.2638084888458252,0.1196587085723877
jc,h_u,8_21,8,21,0.1196587085723877,0.02425861358642578,0.14391732215881348,0.11156773567199707,0.23122644424438477,0.08730912208557129
jc,u_r,21_18,21,18,0.08730912208557129,0.03173065185546875,0.11903977394104004,0.1125788688659668,0.19988799095153809,0.08084821701049805
jc,r_n,18_14,18,14,0.08084821701049805,0.0476374626159668,0.12848567962646484,0.1436295509338379,0.22447776794433594,0.0959920883178711
jc,t_u,20_21,20,21,0.08054113388061523,0.03918051719665527,0.11972165107727051,0.14329051971435547,0.2238316535949707,0.1041100025177002
jc,u_b,21_2,21,2,0.1041100025177002,0.19277334213256836,0.29688334465026855,0.26380395889282227,0.36791396141052246,0.0710306167602539
jc,b_a,2_1,2,1,0.0710306167602539,0.08016705513000488,0.1511976718902588,0.21667098999023438,0.2877016067504883,0.1365039348602295
jc,a_s,1_19,1,19,0.1365039348602295,-0.048027992248535156,0.08847594261169434,0.08804583549499512,0.2245497703552246,0.13607382774353027
jc,l_e,12_5,12,5,0.08800077438354492,0.032000064849853516,0.12000083923339844,0.10400032997131348,0.1920011043548584,0.07200026512145996
jc,e_a,5_1,5,1,0.07200026512145996,0.11229085922241211,0.18429112434387207,0.2082972526550293,0.28029751777648926,0.09600639343261719
jc,a_p,1_16,1,16,0.09600639343261719,0.03174924850463867,0.12775564193725586,0.12781381607055664,0.22382020950317383,0.09606456756591797
jc,p_s,16_19,16,19,0.09606456756591797,0.09625792503356934,0.1923224925994873,0.16749882698059082,0.2635633945465088,0.07124090194702148
jc,w_h,23_8,23,8,0.0798954963684082,0.14470458030700684,0.22460007667541504,0.23169255256652832,0.3115880489349365,0.08698797225952148
jc,h_e,8_5,8,5,0.08698797225952148,0.08073115348815918,0.16771912574768066,0.15976595878601074,0.24675393104553223,0.07903480529785156
jc,e_l,5_12,5,12,0.07903480529785156,0.08133482933044434,0.1603696346282959,0.16814613342285156,0.24718093872070312,0.08681130409240723
jc,l_p,12_16,12,16,0.08681130409240723,0.08842730522155762,0.17523860931396484,0.17643380165100098,0.2632451057434082,0.08800649642944336
jc,d_o,4_15,4,15,0.0804295539855957,0.06477952003479004,0.14520907402038574,0.1998302936553955,0.2802598476409912,0.13505077362060547
jc,o_m,15_13,15,13,0.13505077362060547,-0.05597710609436035,0.07907366752624512,0.06483221054077148,0.19988298416137695,0.12080931663513184
jc,m_e,13_5,13,5,0.12080931663513184,0.039047956466674805,0.15985727310180664,0.10321688652038574,0.22402620315551758,0.06416893005371094
jc,e_s,5_19,5,19,0.06416893005371094,0.11994314193725586,0.1841120719909668,0.1999518871307373,0.26412081718444824,0.08000874519348145
jc,w_h,23_8,23,8,0.08033895492553711,0.08188748359680176,0.16222643852233887,0.16789841651916504,0.24823737144470215,0.08601093292236328
jc,h_a,8_1,8,1,0.08601093292236328,0.08898591995239258,0.17499685287475586,0.17589902877807617,0.26190996170043945,0.0869131088256836
jc,a_l,1_12,1,12,0.0869131088256836,0.06420135498046875,0.15111446380615234,0.13619327545166016,0.22310638427734375,0.0719919204711914
jc,l_e,12_5,12,5,0.0719919204711914,0.09601521492004395,0.16800713539123535,0.1600184440612793,0.2320103645324707,0.06400322914123535
jc,c_o,3_15,3,15,0.12099647521972656,0.06300210952758789,0.18399858474731445,0.13500165939331055,0.2559981346130371,0.07199954986572266
jc,o_l,15_12,15,12,0.07199954986572266,0.1439986228942871,0.21599817276000977,0.2320573329925537,0.30405688285827637,0.0880587100982666
jc,l_o,12_15,12,15,0.0880587100982666,0.13610482215881348,0.22416353225708008,0.2241048812866211,0.3121635913848877,0.08800005912780762
jc,o_n,15_14,15,14,0.08800005912780762,0.09600043296813965,0.18400049209594727,0.20800042152404785,0.29600048065185547,0.1119999885559082
jc,k_a,11_1,11,1,0.07193589210510254,0.07279014587402344,0.14472603797912598,0.1596207618713379,0.23155665397644043,0.08683061599731445
jc,a_r,1_18,1,18,0.08683061599731445,0.13623952865600586,0.2230701446533203,0.2082686424255371,0.29509925842285156,0.07202911376953125
jc,r_a,18_1,18,1,0.07202911376953125,0.08795666694641113,0.15998578071594238,0.18415379524230957,0.2561829090118408,0.09619712829589844
jc,a_t,1_20,1,20,0.09619712829589844,0.12061381340026855,0.216810941696167,0.19998407363891602,0.29618120193481445,0.07937026023864746
jc,t_e,20_5,20,5,0.07973146438598633,0.1364574432373047,0.21618890762329102,0.2004554271697998,0.28018689155578613,0.06399798393249512
jc,e_a,5_1,5,1,0.06399798393249512,0.1120758056640625,0.17607378959655762,0.20786762237548828,0.2718656063079834,0.09579181671142578
jc,a_l,1_12,1,12,0.09579181671142578,0.03172922134399414,0.12752103805541992,0.12039589881896973,0.2161877155303955,0.08866667747497559
jc,l_s,12_19,12,19,0.08866667747497559,0.031214475631713867,0.11988115310668945,0.11167168617248535,0.20033836364746094,0.08045721054077148
jc,b_o,2_15,2,15,0.07199740409851074,0.05665707588195801,0.12865447998046875,0.15186166763305664,0.22385907173156738,0.09520459175109863
jc,o_c,15_3,15,3,0.09520459175109863,0.0400087833404541,0.13521337509155273,0.11965060234069824,0.21485519409179688,0.07964181900024414
jc,c_k,3_11,3,11,0.07964181900024414,0.032212018966674805,0.11185383796691895,0.11255025863647461,0.19219207763671875,0.0803382396697998
jc,k_s,11_19,11,19,0.0803382396697998,0.07190752029418945,0.15224575996398926,0.1518995761871338,0.2322378158569336,0.07999205589294434
jc,a_b,1_2,1,2,0.08082103729248047,0.17513251304626465,0.2559535503387451,0.25519418716430664,0.3360152244567871,0.08006167411804199
jc,b_b,2_2,2,2,0.08006167411804199,0.0877077579498291,0.1677694320678711,0.19192790985107422,0.2719895839691162,0.10422015190124512
jc,b_o,2_15,2,15,0.10422015190124512,0.0320734977722168,0.13629364967346191,0.12028217315673828,0.2245023250579834,0.08820867538452148
jc,o_t,15_20,15,20,0.08820867538452148,0.0404202938079834,0.12862896919250488,0.1278836727142334,0.21609234809875488,0.08746337890625
jc,i_c,9_3,9,3,0.07930803298950195,0.015917062759399414,0.09522509574890137,0.10400223731994629,0.18331027030944824,0.08808517456054688
jc,c_o,3_15,3,15,0.08808517456054688,0.07208943367004395,0.16017460823059082,0.19245266914367676,0.28053784370422363,0.12036323547363281
jc,o_n,15_14,15,14,0.12036323547363281,-0.06387615203857422,0.056487083435058594,0.03190732002258301,0.15227055549621582,0.09578347206115723
jc,n_s,14_19,14,19,0.09578347206115723,0.03209519386291504,0.12787866592407227,0.11985898017883301,0.21564245223999023,0.08776378631591797
jc,d_e,4_5,4,5,0.07100105285644531,0.09750580787658691,0.16850686073303223,0.1770787239074707,0.24807977676391602,0.07957291603088379
jc,e_l,5_12,5,12,0.07957291603088379,0.03970599174499512,0.1192789077758789,0.11942076683044434,0.19899368286132812,0.07971477508544922
jc,l_f,12_6,12,6,0.07971477508544922,0.04834246635437012,0.12805724143981934,0.13690710067749023,0.21662187576293945,0.08856463432312012
jc,f_t,6_20,6,20,0.08856463432312012,0.09612703323364258,0.1846916675567627,0.18374991416931152,0.27231454849243164,0.08762288093566895
jc,d_i,4_9,4,9,0.04706382751464844,0.15374159812927246,0.2008054256439209,0.23978185653686523,0.28684568405151367,0.08604025840759277
jc,i_e,9_5,9,5,0.08604025840759277,0.024549007415771484,0.11058926582336426,0.08889937400817871,0.17493963241577148,0.06435036659240723
jc,e_t,5_20,5,20,0.06435036659240723,0.10463404655456543,0.16898441314697266,0.18396210670471191,0.24831247329711914,0.07932806015014648
jc,t_h,20_8,20,8,0.07932806015014648,0.023967981338500977,0.10329604148864746,0.17592358589172363,0.2552516460418701,0.15195560455322266
jc,r_a,18_1,18,1,0.07235217094421387,0.13520121574401855,0.20755338668823242,0.21591854095458984,0.2882707118988037,0.08071732521057129
jc,a_z,1_26,1,26,0.08071732521057129,0.16011714935302734,0.24083447456359863,0.20807456970214844,0.2887918949127197,0.047957420349121094
jc,z_e,26_5,26,5,0.047957420349121094,0.1763770580291748,0.2243344783782959,0.2254021167755127,0.2733595371246338,0.04902505874633789
jc,e_s,5_19,5,19,0.04902505874633789,0.11886405944824219,0.16788911819458008,0.19062232971191406,0.23964738845825195,0.07175827026367188
jc,c_u,3_21,3,21,0.09508395195007324,0.1049966812133789,0.20008063316345215,0.20794963836669922,0.30303359031677246,0.10295295715332031
jc,u_s,21_19,21,19,0.10295295715332031,0.04073905944824219,0.1436920166015625,0.1288588047027588,0.2318117618560791,0.0881197452545166
jc,s_h,19_8,19,8,0.0881197452545166,0.02369856834411621,0.11181831359863281,0.11172890663146973,0.19984865188598633,0.08803033828735352
jc,h_y,8_25,8,25,0.08803033828735352,0.12755775451660156,0.21558809280395508,0.2246098518371582,0.3126401901245117,0.09705209732055664
jc,b_o,2_15,2,15,0.07201814651489258,0.07197976112365723,0.1439979076385498,0.1439816951751709,0.21599984169006348,0.07200193405151367
jc,o_o,15_15,15,15,0.07200193405151367,0.07199883460998535,0.14400076866149902,0.17600345611572266,0.24800539016723633,0.1040046215057373
jc,o_k,15_11,15,11,0.1040046215057373,-0.03200244903564453,0.07200217247009277,0.08753108978271484,0.19153571128845215,0.11953353881835938
jc,k_s,11_19,11,19,0.11953353881835938,0.03999781608581543,0.1595313549041748,0.08001041412353516,0.19954395294189453,0.04001259803771973
jc,w_h,23_8,23,8,0.07120537757873535,0.07200932502746582,0.14321470260620117,0.15949511528015137,0.23070049285888672,0.08748579025268555
jc,h_e,8_5,8,5,0.08748579025268555,0.04031062126159668,0.12779641151428223,0.12031292915344238,0.20779871940612793,0.0800023078918457
jc,e_a,5_1,5,1,0.0800023078918457,0.3845393657684326,0.4645416736602783,0.4715747833251953,0.551577091217041,0.0870354175567627
jc,a_l,1_12,1,12,0.0870354175567627,0.02399420738220215,0.11102962493896484,0.08837676048278809,0.17541217803955078,0.06438255310058594
jc,b_e,2_5,2,5,0.06300592422485352,0.1289975643157959,0.19200348854064941,0.1999967098236084,0.2630026340484619,0.0709991455078125
jc,e_d,5_4,5,4,0.0709991455078125,0.10401391983032227,0.17501306533813477,0.17602181434631348,0.24702095985412598,0.07200789451599121
jc,d_e,4_5,4,5,0.07200789451599121,0.09853529930114746,0.17054319381713867,0.14452409744262695,0.21653199195861816,0.04598879814147949
jc,e_w,5_23,5,23,0.04598879814147949,0.6726605892181396,0.7186493873596191,0.7369918823242188,0.7829806804656982,0.0643312931060791
jc,q_u,17_21,17,21,0.08703088760375977,0.04864239692687988,0.13567328453063965,0.1522681713104248,0.23929905891418457,0.10362577438354492
jc,u_i,21_9,21,9,0.10362577438354492,0.11252117156982422,0.21614694595336914,0.18373703956604004,0.28736281394958496,0.07121586799621582
jc,i_c,9_3,9,3,0.07121586799621582,0.024051904678344727,0.09526777267456055,0.11246562004089355,0.18368148803710938,0.08841371536254883
jc,c_k,3_11,3,11,0.08841371536254883,0.04895973205566406,0.1373734474182129,0.1528947353363037,0.24130845069885254,0.10393500328063965
jc,q_u,17_21,17,21,0.1204376220703125,0.04807543754577637,0.16851305961608887,0.14310860633850098,0.2635462284088135,0.09503316879272461
jc,u_i,21_9,21,9,0.09503316879272461,0.10527992248535156,0.20031309127807617,0.1842334270477295,0.2792665958404541,0.07895350456237793
jc,i_p,9_16,9,16,0.07895350456237793,0.12047004699707031,0.19942355155944824,0.20049834251403809,0.279451847076416,0.08002829551696777
jc,p_s,16_19,16,19,0.08002829551696777,0.055695533752441406,0.13572382926940918,0.14385533332824707,0.22388362884521484,0.08815979957580566
jc,h_a,8_1,8,1,0.07102131843566895,0.039981842041015625,0.11100316047668457,0.128129243850708,0.19915056228637695,0.08814740180969238
jc,a_r,1_18,1,18,0.08814740180969238,0.0645751953125,0.15272259712219238,0.20755767822265625,0.29570508003234863,0.14298248291015625
jc,r_e,18_5,18,5,0.14298248291015625,-0.03895449638366699,0.10402798652648926,0.0730142593383789,0.21599674224853516,0.1119687557220459
jc,e_s,5_19,5,19,0.1119687557220459,0.08838129043579102,0.20035004615783691,0.15937328338623047,0.27134203910827637,0.07099199295043945
jc,f_i,6_9,6,9,0.05499267578125,0.04000258445739746,0.09499526023864746,0.13540101051330566,0.19039368629455566,0.0953984260559082
jc,i_o,9_15,9,15,0.0953984260559082,0.11304473876953125,0.20844316482543945,0.18392539024353027,0.2793238162994385,0.07088065147399902
jc,o_r,15_18,15,18,0.07088065147399902,0.09704399108886719,0.1679246425628662,0.22404098510742188,0.2949216365814209,0.1269969940185547
jc,r_d,18_4,18,4,0.1269969940185547,0.33688807487487793,0.4638850688934326,0.4328453540802002,0.5598423480987549,0.09595727920532227
jc,o_c,15_3,15,3,0.0713493824005127,0.024129867553710938,0.09547924995422363,0.1126251220703125,0.1839745044708252,0.08849525451660156
jc,c_e,3_5,3,5,0.08849525451660156,0.06308841705322266,0.15158367156982422,0.1350698471069336,0.22356510162353516,0.07198143005371094
jc,e_a,5_1,5,1,0.07198143005371094,0.09676218032836914,0.16874361038208008,0.23279309272766113,0.30477452278137207,0.136030912399292
jc,a_n,1_14,1,14,0.136030912399292,-0.01695871353149414,0.11907219886779785,0.055042266845703125,0.19107317924499512,0.07200098037719727
jc,p_y,16_25,16,25,0.07986617088317871,0.4160490036010742,0.49591517448425293,0.4881742000579834,0.5680403709411621,0.07212519645690918
jc,y_r,25_18,25,18,0.07212519645690918,0.07200026512145996,0.14412546157836914,0.22339153289794922,0.2955167293548584,0.15139126777648926
jc,r_e,18_5,18,5,0.15139126777648926,-0.07169628143310547,0.07969498634338379,0.056611061096191406,0.20800232887268066,0.12830734252929688
jc,e_s,5_19,5,19,0.12830734252929688,0.05636715888977051,0.18467450141906738,0.18384051322937012,0.312147855758667,0.1274733543395996
jc,d_e,4_5,4,5,0.06200289726257324,0.08786225318908691,0.14986515045166016,0.1606006622314453,0.22260355949401855,0.0727384090423584
jc,e_c,5_3,5,3,0.0727384090423584,0.055199384689331055,0.12793779373168945,0.15917110443115234,0.23190951347351074,0.10397171974182129
jc,c_o,3_15,3,15,0.10397171974182129,0.03200578689575195,0.13597750663757324,0.11200547218322754,0.21597719192504883,0.07999968528747559
jc,o_y,15_25,15,25,0.07999968528747559,0.1360034942626953,0.2160031795501709,0.2400188446044922,0.3200185298919678,0.10401535034179688
jc,a_e,1_5,1,5,0.1120612621307373,0.1277906894683838,0.2398519515991211,0.26378774642944336,0.37584900856018066,0.13599705696105957
jc,e_r,5_18,5,18,0.13599705696105957,-0.01600480079650879,0.11999225616455078,0.10413956642150879,0.24013662338256836,0.12014436721801758
jc,r_i,18_9,18,9,0.12014436721801758,0.05550742149353027,0.17565178871154785,0.18367815017700195,0.30382251739501953,0.12817072868347168
jc,i_e,9_5,9,5,0.12817072868347168,0.056726932525634766,0.18489766120910645,0.14372491836547852,0.2718956470489502,0.08699798583984375
jc,b_l,2_12,2,12,0.07099127769470215,0.047997236251831055,0.1189885139465332,0.14299869537353516,0.2139899730682373,0.0950014591217041
jc,l_o,12_15,12,15,0.0950014591217041,0.08000302314758301,0.1750044822692871,0.2400035858154297,0.3350050449371338,0.16000056266784668
jc,o_n,15_14,15,14,0.16000056266784668,-0.0480043888092041,0.11199617385864258,0.049001455307006836,0.20900201797485352,0.09700584411621094
jc,n_d,14_4,14,4,0.09700584411621094,-0.024001359939575195,0.07300448417663574,0.05500364303588867,0.1520094871520996,0.07900500297546387
jc,a_h,1_8,1,8,0.09503817558288574,0.015957117080688477,0.11099529266357422,0.12049126625061035,0.2155294418334961,0.10453414916992188
jc,h_e,8_5,8,5,0.10453414916992188,0.03228187561035156,0.13681602478027344,0.08731484413146973,0.1918489933013916,0.055032968521118164
jc,e_a,5_1,5,1,0.055032968521118164,0.13679981231689453,0.1918327808380127,0.24878740310668945,0.3038203716278076,0.11198759078979492
jc,a_d,1_4,1,4,0.11198759078979492,-0.024020910263061523,0.0879666805267334,0.09633827209472656,0.20832586288452148,0.12035918235778809
jc,r_a,18_1,18,1,0.10331153869628906,0.0809183120727539,0.18422985076904297,0.18397760391235352,0.2872891426086426,0.10305929183959961
jc,a_n,1_14,1,14,0.10305929183959961,-0.016043424606323242,0.08701586723327637,0.05582571029663086,0.15888500213623047,0.0718691349029541
jc,n_t,14_20,14,20,0.0718691349029541,0.04112648963928223,0.11299562454223633,0.11213541030883789,0.184004545211792,0.07100892066955566
jc,t_s,20_19,20,19,0.07100892066955566,0.11265850067138672,0.18366742134094238,0.18369245529174805,0.2547013759613037,0.07103395462036133
jc,e_n,5_14,5,14,0.08701491355895996,0.047960758209228516,0.13497567176818848,0.1363999843597412,0.22341489791870117,0.0884392261505127
jc,n_t,14_20,14,20,0.0884392261505127,0.024131059646606445,0.11257028579711914,0.11195731163024902,0.20039653778076172,0.08782625198364258
jc,t_r,20_18,20,18,0.08782625198364258,0.07166409492492676,0.15949034690856934,0.14368486404418945,0.23151111602783203,0.0720207691192627
jc,r_y,18_25,18,25,0.0720207691192627,0.10452818870544434,0.17654895782470703,0.22707176208496094,0.29909253120422363,0.1225435733795166
jc,e_p,5_16,5,16,0.0721123218536377,0.1602001190185547,0.23231244087219238,0.24723529815673828,0.319347620010376,0.0870351791381836
jc,p_h,16_8,16,8,0.0870351791381836,0.17694640159606934,0.26398158073425293,0.2641177177429199,0.3511528968811035,0.08717131614685059
jc,h_a,8_1,8,1,0.08717131614685059,0.04008173942565918,0.12725305557250977,0.12864255905151367,0.21581387519836426,0.08856081962585449
jc,a_h,1_8,1,8,0.08856081962585449,0.02357649803161621,0.1121373176574707,0.10382771492004395,0.19238853454589844,0.08025121688842773
jc,l_o,12_15,12,15,0.07898664474487305,0.11995100975036621,0.19893765449523926,0.20104193687438965,0.2800285816192627,0.08109092712402344
jc,o_o,15_15,15,15,0.08109092712402344,0.05563235282897949,0.13672327995300293,0.13578534126281738,0.21687626838684082,0.08015298843383789
jc,o_t,15_20,15,20,0.08015298843383789,0.031419992446899414,0.1115729808807373,0.13616418838500977,0.21631717681884766,0.10474419593811035
jc,t_s,20_19,20,19,0.10474419593811035,0.0718238353729248,0.17656803131103516,0.19244599342346191,0.29719018936157227,0.12062215805053711
jc,s_t,19_20,19,20,0.07106637954711914,0.11236047744750977,0.1834268569946289,0.20008492469787598,0.2711513042449951,0.08772444725036621
jc,t_o,20_15,20,15,0.08772444725036621,0.05554461479187012,0.14326906204223633,0.14420175552368164,0.23192620277404785,0.08865714073181152
jc,o_r,15_18,15,18,0.08865714073181152,0.015055179595947266,0.10371232032775879,0.15172553062438965,0.24038267135620117,0.13667035102844238
jc,r_e,18_5,18,5,0.13667035102844238,-0.048027992248535156,0.08864235877990723,0.06423211097717285,0.20090246200561523,0.11226010322570801
jc,d_r,4_18,4,18,0.0950019359588623,0.07310676574707031,0.16810870170593262,0.1522998809814453,0.24730181694030762,0.079193115234375
jc,r_a,18_1,18,1,0.079193115234375,0.08003950119018555,0.15923261642456055,0.18442678451538086,0.26361989974975586,0.10438728332519531
jc,a_p,1_16,1,16,0.10438728332519531,0.023609638214111328,0.12799692153930664,0.08792877197265625,0.19231605529785156,0.06431913375854492
jc,p_e,16_5,16,5,0.06431913375854492,0.02416849136352539,0.08848762512207031,0.09534358978271484,0.15966272354125977,0.07117509841918945
jc,t_o,20_15,20,15,0.09499239921569824,0.047898054122924805,0.14289045333862305,0.1441502571105957,0.23914265632629395,0.0962522029876709
jc,o_w,15_23,15,23,0.0962522029876709,0.01600027084350586,0.11225247383117676,0.09600424766540527,0.19225645065307617,0.08000397682189941
jc,w_e,23_5,23,5,0.08000397682189941,0.11235260963439941,0.19235658645629883,0.17541074752807617,0.2554147243499756,0.06305813789367676
jc,e_d,5_4,5,4,0.06305813789367676,0.0803070068359375,0.14336514472961426,0.192413330078125,0.25547146797180176,0.1121063232421875
jc,p_e,16_5,16,5,0.07895445823669434,0.04067492485046387,0.1196293830871582,0.12039065361022949,0.19934511184692383,0.07971572875976562
jc,e_n,5_14,5,14,0.07971572875976562,0.04913043975830078,0.1288461685180664,0.13620305061340332,0.21591877937316895,0.08707261085510254
jc,n_i,14_9,14,9,0.08707261085510254,0.05579543113708496,0.1428680419921875,0.15286636352539062,0.23993897438049316,0.09707093238830566
jc,i_s,9_19,9,19,0.09707093238830566,0.0158841609954834,0.11295509338378906,0.10290932655334473,0.1999802589416504,0.08702516555786133
jc,o_u,15_21,15,21,0.14400362968444824,-0.04800081253051758,0.09600281715393066,0.06400489807128906,0.2080085277557373,0.11200571060180664
jc,u_t,21_20,21,20,0.11200571060180664,-0.03200221061706543,0.08000349998474121,0.06401920318603516,0.1760249137878418,0.09602141380310059
jc,t_d,20_4,20,4,0.09602141380310059,0.11201953887939453,0.20804095268249512,0.2233877182006836,0.3194091320037842,0.11136817932128906
jc,d_o,4_15,4,15,0.11136817932128906,0.04013252258300781,0.15150070190429688,0.1125478744506836,0.22391605377197266,0.07241535186767578
jc,c_l,3_12,3,12,0.11304712295532227,0.022953033447265625,0.1360001564025879,0.11896061897277832,0.23200774192810059,0.0960075855255127
jc,l_a,12_1,12,1,0.0960075855255127,0.0394594669342041,0.1354670524597168,0.14445877075195312,0.24046635627746582,0.10499930381774902
jc,a_w,1_23,1,23,0.10499930381774902,0.11173772811889648,0.2167370319366455,0.175734281539917,0.280733585357666,0.06399655342102051
jc,w_s,23_19,23,19,0.06399655342102051,0.12749624252319336,0.19149279594421387,0.20774555206298828,0.2717421054840088,0.08024930953979492
jc,a_v,1_22,1,22,0.08603668212890625,0.1361069679260254,0.22214365005493164,0.21591758728027344,0.3019542694091797,0.07981061935424805
jc,v_o,22_15,22,15,0.07981061935424805,0.05660533905029297,0.13641595840454102,0.13589119911193848,0.21570181846618652,0.07928586006164551
jc,o_i,15_9,15,9,0.07928586006164551,0.05722355842590332,0.13650941848754883,0.16034936904907227,0.23963522911071777,0.10312581062316895
jc,i_d,9_4,9,4,0.10312581062316895,0.016263723373413086,0.11938953399658203,0.07187771797180176,0.1750035285949707,0.05561399459838867
jc,s_a,19_1,19,1,0.08745646476745605,0.11194658279418945,0.1994030475616455,0.21494603157043457,0.3024024963378906,0.10299944877624512
jc,a_l,1_12,1,12,0.10299944877624512,0.05699968338012695,0.15999913215637207,0.11300086975097656,0.21600031852722168,0.05600118637084961
jc,l_l,12_12,12,12,0.05600118637084961,0.0640256404876709,0.12002682685852051,0.12700223922729492,0.18300342559814453,0.06297659873962402
jc,l_y,12_25,12,25,0.06297659873962402,0.03200101852416992,0.09497761726379395,0.13901686668395996,0.20199346542358398,0.10701584815979004
jc,c_i,3_9,3,9,0.08716249465942383,0.2247328758239746,0.31189537048339844,0.31977009773254395,0.4069325923919678,0.09503722190856934
jc,i_l,9_12,9,12,0.09503722190856934,0.14509797096252441,0.24013519287109375,0.20868992805480957,0.3037271499633789,0.06359195709228516
jc,l_l,12_12,12,12,0.06359195709228516,0.06400489807128906,0.12759685516357422,0.12768840789794922,0.19128036499023438,0.06368350982666016
jc,l_s,12_19,12,19,0.06368350982666016,0.056862592697143555,0.12054610252380371,0.1360764503479004,0.19975996017456055,0.07921385765075684
jc,w_a,23_1,23,1,0.07116317749023438,0.0959937572479248,0.16715693473815918,0.2087104320526123,0.2798736095428467,0.1127166748046875
jc,a_i,1_9,1,9,0.1127166748046875,0.015755176544189453,0.12847185134887695,0.10278749465942383,0.21550416946411133,0.08703231811523438
jc,i_t,9_20,9,20,0.08703231811523438,0.0322422981262207,0.11927461624145508,0.12087345123291016,0.20790576934814453,0.08863115310668945
jc,t_s,20_19,20,19,0.08863115310668945,0.10379242897033691,0.19242358207702637,0.17479324340820312,0.2634243965148926,0.07100081443786621
jc,b_u,2_21,2,21,0.07098960876464844,0.0636904239654541,0.13468003273010254,0.17612409591674805,0.24711370468139648,0.11243367195129395
jc,u_x,21_24,21,24,0.11243367195129395,0.08844327926635742,0.20087695121765137,0.17594432830810547,0.2883780002593994,0.08750104904174805
jc,x_o,24_15,24,15,0.08750104904174805,0.1525125503540039,0.24001359939575195,0.32025742530822754,0.4077584743499756,0.16774487495422363
jc,o_m,15_13,15,13,0.16774487495422363,-0.047856807708740234,0.1198880672454834,0.03986978530883789,0.20761466026306152,0.08772659301757812
jc,t_h,20_8,20,8,0.09500527381896973,0.0243682861328125,0.11937355995178223,0.12062406539916992,0.21562933921813965,0.09625577926635742
jc,h_i,8_9,8,9,0.09625577926635742,0.024013280868530273,0.1202690601348877,0.08795166015625,0.18420743942260742,0.06393837928771973
jc,i_r,9_18,9,18,0.06393837928771973,0.03999066352844238,0.10392904281616211,0.11203169822692871,0.17597007751464844,0.07204103469848633
jc,r_d,18_4,18,4,0.07204103469848633,0.11967039108276367,0.19171142578125,0.20767617225646973,0.27971720695495605,0.08800578117370605
jc,g_u,7_21,7,21,0.1039881706237793,0.016007661819458008,0.1199958324432373,0.14493846893310547,0.24892663955688477,0.12893080711364746
jc,u_r,21_18,21,18,0.12893080711364746,-0.01696467399597168,0.11196613311767578,0.11913347244262695,0.24806427955627441,0.13609814643859863
jc,r_u,18_21,18,21,0.13609814643859863,-0.015113592147827148,0.12098455429077148,0.055535078048706055,0.1916332244873047,0.0706486701965332
jc,u_s,21_19,21,19,0.0706486701965332,0.04031872749328613,0.11096739768981934,0.16089200973510742,0.23154067993164062,0.12057328224182129
jc,m_o,13_15,13,15,0.1430509090423584,-0.02298712730407715,0.12006378173828125,0.18450331687927246,0.32755422592163086,0.2074904441833496
jc,o_n,15_14,15,14,0.2074904441833496,-0.08843040466308594,0.11906003952026367,0.039995431900024414,0.24748587608337402,0.12842583656311035
jc,n_t,14_20,14,20,0.12842583656311035,0.11208772659301758,0.24051356315612793,0.21712732315063477,0.3455531597137451,0.10503959655761719
jc,t_h,20_8,20,8,0.10503959655761719,-0.01704239845275879,0.0879971981048584,0.070953369140625,0.1759929656982422,0.08799576759338379
jc,l_o,12_15,12,15,0.10180854797363281,0.12839651107788086,0.23020505905151367,0.27941417694091797,0.3812227249145508,0.1510176658630371
jc,o_u,15_21,15,21,0.1510176658630371,0.01700448989868164,0.16802215576171875,0.12799882888793945,0.27901649475097656,0.11099433898925781
jc,u_s,21_19,21,19,0.11099433898925781,-0.02399420738220215,0.08700013160705566,0.0800015926361084,0.1909959316253662,0.10399580001831055
jc,s_y,19_25,19,25,0.10399580001831055,0.12000894546508789,0.22400474548339844,0.21600842475891113,0.3200042247772217,0.09599947929382324
jc,h_o,8_15,8,15,0.06326937675476074,0.07262563705444336,0.1358950138092041,0.1687479019165039,0.23201727867126465,0.09612226486206055
jc,o_o,15_15,15,15,0.09612226486206055,0.047426700592041016,0.14354896545410156,0.12781476974487305,0.2239370346069336,0.08038806915283203
jc,o_t,15_20,15,20,0.08038806915283203,0.04865741729736328,0.1290454864501953,0.16073155403137207,0.2411196231842041,0.11207413673400879
jc,t_s,20_19,20,19,0.11207413673400879,0.12719058990478516,0.23926472663879395,0.23103594779968262,0.3431100845336914,0.10384535789489746
jc,w_o,23_15,23,15,0.11944174766540527,0.05527091026306152,0.1747126579284668,0.1834244728088379,0.30286622047424316,0.12815356254577637
jc,o_u,15_21,15,21,0.12815356254577637,-0.06398630142211914,0.06416726112365723,0.03985238075256348,0.16800594329833984,0.10383868217468262
jc,u_l,21_12,21,12,0.10383868217468262,0.1367039680480957,0.24054265022277832,0.2247450351715088,0.3285837173461914,0.08804106712341309
jc,l_d,12_4,12,4,0.08804106712341309,0.023708105087280273,0.11174917221069336,0.1109931468963623,0.1990342140197754,0.08728504180908203
jc,s_h,19_8,19,8,0.07914614677429199,0.11211133003234863,0.19125747680664062,0.21611595153808594,0.29526209831237793,0.1040046215057373
jc,h_a,8_1,8,1,0.1040046215057373,0.3273940086364746,0.4313986301422119,0.4245429039001465,0.5285475254058838,0.09714889526367188
jc,a_g,1_7,1,7,0.09714889526367188,0.13486790657043457,0.23201680183410645,0.23874616622924805,0.3358950614929199,0.10387825965881348
jc,g_s,7_19,7,19,0.10387825965881348,0.11319303512573242,0.2170712947845459,0.18427276611328125,0.2881510257720947,0.07107973098754883
jc,t_e,20_5,20,5,0.09640645980834961,0.0950009822845459,0.1914074420928955,0.18358731269836426,0.27999377250671387,0.08858633041381836
jc,e_n,5_14,5,14,0.08858633041381836,0.05574679374694824,0.1443331241607666,0.14376497268676758,0.23235130310058594,0.08801817893981934
jc,n_d,14_4,14,4,0.08801817893981934,0.024004220962524414,0.11202239990234375,0.10421276092529297,0.1922309398651123,0.08020853996276855
jc,d_s,4_19,4,19,0.08020853996276855,0.09682512283325195,0.1770336627960205,0.17580652236938477,0.2560150623321533,0.07898139953613281
jc,s_t,19_20,19,20,0.07977676391601562,0.09654116630554199,0.17631793022155762,0.1840200424194336,0.2637968063354492,0.0874788761138916
jc,t_o,20_15,20,15,0.0874788761138916,0.04041409492492676,0.12789297103881836,0.1360771656036377,0.2235560417175293,0.09566307067871094
jc,o_a,15_1,15,1,0.09566307067871094,0.03144097328186035,0.1271040439605713,0.11962890625,0.21529197692871094,0.08818793296813965
jc,a_t,1_20,1,20,0.08818793296813965,0.09621787071228027,0.18440580368041992,0.18421530723571777,0.2724032402038574,0.0879974365234375
jc,u_n,21_14,21,14,0.13620209693908691,0.800429105758667,0.9366312026977539,0.8798458576202393,1.0160479545593262,0.07941675186157227
jc,n_a,14_1,14,1,0.07941675186157227,0.04796004295349121,0.12737679481506348,0.1519606113433838,0.23137736320495605,0.10400056838989258
jc,a_r,1_18,1,18,0.10400056838989258,0.07999849319458008,0.18399906158447266,0.1600024700164795,0.26400303840637207,0.08000397682189941
jc,r_y,18_25,18,25,0.08000397682189941,0.11999869346618652,0.20000267028808594,0.1919994354248047,0.2720034122467041,0.07200074195861816
jc,s_a,19_1,19,1,0.0711967945098877,0.1047818660736084,0.1759786605834961,0.19186687469482422,0.2630636692047119,0.08708500862121582
jc,a_b,1_2,1,2,0.08708500862121582,0.09608221054077148,0.1831672191619873,0.17612695693969727,0.2632119655609131,0.08004474639892578
jc,b_l,2_12,2,12,0.08004474639892578,0.023962020874023438,0.10400676727294922,0.10516834259033203,0.1852130889892578,0.0812063217163086
jc,l_e,12_5,12,5,0.0812063217163086,0.04699969291687012,0.1282060146331787,0.1107628345489502,0.1919691562652588,0.06376314163208008
jc,t_r,20_18,20,18,0.09499931335449219,0.1043548583984375,0.1993541717529297,0.19193220138549805,0.28693151473999023,0.08757734298706055
jc,r_o,18_15,18,15,0.08757734298706055,0.04855012893676758,0.13612747192382812,0.13553667068481445,0.223114013671875,0.08698654174804688
jc,o_t,15_20,15,20,0.08698654174804688,0.04006695747375488,0.12705349922180176,0.1369009017944336,0.22388744354248047,0.09683394432067871
jc,t_s,20_19,20,19,0.09683394432067871,0.09600424766540527,0.19283819198608398,0.19200372695922852,0.2888376712799072,0.09599947929382324
jc,f_r,6_18,6,18,0.07103323936462402,0.12905335426330566,0.2000865936279297,0.2002120018005371,0.27124524116516113,0.07115864753723145
jc,r_e,18_5,18,5,0.07115864753723145,0.09678816795349121,0.16794681549072266,0.1596510410308838,0.23080968856811523,0.06286287307739258
jc,e_e,5_5,5,5,0.06286287307739258,0.08894801139831543,0.151810884475708,0.15205597877502441,0.214918851852417,0.06310796737670898
jc,e_d,5_4,5,4,0.06310796737670898,0.08924365043640137,0.15235161781311035,0.16823339462280273,0.23134136199951172,0.07898974418640137
jc,s_q,19_17,19,17,0.08697652816772461,0.1285109519958496,0.21548748016357422,0.1837329864501953,0.2707095146179199,0.0552220344543457
jc,q_u,17_21,17,21,0.0552220344543457,0.06495833396911621,0.12018036842346191,0.16025686264038086,0.21547889709472656,0.09529852867126465
jc,u_i,21_9,21,9,0.09529852867126465,0.09627628326416016,0.1915748119354248,0.19931268692016602,0.29461121559143066,0.10303640365600586
jc,i_b,9_2,9,2,0.10303640365600586,0.04001903533935547,0.14305543899536133,0.14400553703308105,0.24704194068908691,0.10398650169372559
jc,g_l,7_12,7,12,0.07374882698059082,-0.018027544021606445,0.055721282958984375,0.0696406364440918,0.14338946342468262,0.08766818046569824
jc,l_i,12_9,12,9,0.08766818046569824,0.09656476974487305,0.1842329502105713,0.28890538215637207,0.3765735626220703,0.19234061241149902
jc,i_n,9_14,9,14,0.19234061241149902,-0.07215404510498047,0.12018656730651855,0.039075374603271484,0.2314159870147705,0.11122941970825195
jc,n_t,14_20,14,20,0.11122941970825195,-0.05599689483642578,0.05523252487182617,0.024001598358154297,0.13523101806640625,0.07999849319458008
jc,g_u,7_21,7,21,0.07903027534484863,0.03247714042663574,0.11150741577148438,0.10376262664794922,0.18279290199279785,0.07128548622131348
jc,u_e,21_5,21,5,0.07128548622131348,0.0326237678527832,0.10390925407409668,0.11274313926696777,0.18402862548828125,0.08011937141418457
jc,e_s,5_19,5,19,0.08011937141418457,0.09633350372314453,0.1764528751373291,0.16741538047790527,0.24753475189208984,0.07108187675476074
jc,s_t,19_20,19,20,0.07108187675476074,0.08058524131774902,0.15166711807250977,0.1765584945678711,0.24764037132263184,0.09597325325012207
jc,r_e,18_5,18,5,0.15918612480163574,-0.024007320404052734,0.135178804397583,0.08037662506103516,0.2395627498626709,0.10438394546508789
jc,e_s,5_19,5,19,0.10438394546508789,0.19956040382385254,0.30394434928894043,0.26378345489501953,0.3681674003601074,0.06422305107116699
jc,s_a,19_1,19,1,0.06422305107116699,0.18442845344543457,0.24865150451660156,0.2719993591308594,0.33622241020202637,0.0875709056854248
jc,a_w,1_23,1,23,0.0875709056854248,0.16047382354736328,0.24804472923278809,0.23154449462890625,0.31911540031433105,0.07107067108154297
jc,p_a,16_1,16,1,0.13594651222229004,0.016000986099243164,0.1519474983215332,0.07199501991271973,0.20794153213500977,0.05599403381347656
jc,a_c,1_3,1,3,0.05599403381347656,0.11237263679504395,0.1683666706085205,0.19969558715820312,0.2556896209716797,0.08732295036315918
jc,c_e,3_5,3,5,0.08732295036315918,0.0971977710723877,0.18452072143554688,0.2252347469329834,0.3125576972961426,0.1280369758605957
jc,e_r,5_18,5,18,0.1280369758605957,0.02317047119140625,0.15120744705200195,0.08715343475341797,0.21519041061401367,0.06398296356201172
jc,m_i,13_9,13,9,0.09601569175720215,0.07982897758483887,0.17584466934204102,0.2475755214691162,0.34359121322631836,0.16774654388427734
jc,i_n,9_14,9,14,0.16774654388427734,-0.05599689483642578,0.11174964904785156,0.05608367919921875,0.2238302230834961,0.11208057403564453
jc,n_i,14_9,14,9,0.11208057403564453,0.02408885955810547,0.13616943359375,0.11982917785644531,0.23190975189208984,0.09574031829833984
jc,i_s,9_19,9,19,0.09574031829833984,0.03981518745422363,0.13555550575256348,0.11987996101379395,0.2156202793121338,0.08006477355957031
jc,h_o,8_15,8,15,0.0961918830871582,0.04704022407531738,0.14323210716247559,0.12721681594848633,0.22340869903564453,0.08017659187316895
jc,o_p,15_16,15,16,0.08017659187316895,0.09666609764099121,0.17684268951416016,0.16840195655822754,0.24857854843139648,0.07173585891723633
jc,p_e,16_5,16,5,0.07173585891723633,0.03992605209350586,0.11166191101074219,0.14394021034240723,0.21567606925964355,0.10401415824890137
jc,e_r,5_18,5,18,0.10401415824890137,-0.024037837982177734,0.07997632026672363,0.0876612663269043,0.19167542457580566,0.11169910430908203
jc,r_o,18_15,18,15,0.09507369995117188,0.03995084762573242,0.1350245475769043,0.15247297286987305,0.24754667282104492,0.11252212524414062
jc,o_w,15_23,15,23,0.11252212524414062,0.015993833541870117,0.12851595878601074,0.10398173332214355,0.21650385856628418,0.08798789978027344
jc,w_e,23_5,23,5,0.08798789978027344,0.4317772388458252,0.5197651386260986,0.49608540534973145,0.5840733051300049,0.06430816650390625
jc,e_d,5_4,5,4,0.06430816650390625,0.09674239158630371,0.16105055809020996,0.18400931358337402,0.24831748008728027,0.08726692199707031
jc,a_l,1_12,1,12,0.09503674507141113,0.048415422439575195,0.14345216751098633,0.1521008014678955,0.24713754653930664,0.10368537902832031
jc,l_k,12_11,12,11,0.10368537902832031,0.09707093238830566,0.20075631141662598,0.1677989959716797,0.271484375,0.07072806358337402
jc,k_y,11_25,11,25,0.07072806358337402,0.47237515449523926,0.5431032180786133,0.5763740539550781,0.6471021175384521,0.10399889945983887
jc,y_d,25_4,25,4,0.10399889945983887,0.36027979850769043,0.4642786979675293,0.48093342781066895,0.5849323272705078,0.12065362930297852
jc,w_e,23_5,23,5,0.19099068641662598,0.015889644622802734,0.2068803310394287,0.06370306015014648,0.25469374656677246,0.04781341552734375
jc,e_a,5_1,5,1,0.04781341552734375,0.016264915466308594,0.06407833099365234,0.12773895263671875,0.1755523681640625,0.11147403717041016
jc,a_n,1_14,1,14,0.11147403717041016,0.02412271499633789,0.13559675216674805,0.08856391906738281,0.20003795623779297,0.06444120407104492
jc,n_s,14_19,14,19,0.06444120407104492,0.03952932357788086,0.10397052764892578,0.11996221542358398,0.1844034194946289,0.08043289184570312
jc,e_k,5_11,5,11,0.09499120712280273,0.04799604415893555,0.14298725128173828,0.12799692153930664,0.22298812866210938,0.0800008773803711
jc,k_i,11_9,11,9,0.0800008773803711,0.08800101280212402,0.16800189018249512,0.26400303840637207,0.34400391578674316,0.17600202560424805
jc,i_n,9_14,9,14,0.17600202560424805,-0.06400084495544434,0.11200118064880371,0.06400084495544434,0.24000287055969238,0.12800168991088867
jc,n_g,14_7,14,7,0.12800168991088867,-0.04000258445739746,0.08799910545349121,0.055997610092163086,0.18399930000305176,0.09600019454956055
jc,h_e,8_5,8,5,0.0882418155670166,0.04010629653930664,0.12834811210632324,0.09610795974731445,0.18434977531433105,0.05600166320800781
jc,e_a,5_1,5,1,0.05600166320800781,0.11216211318969727,0.16816377639770508,0.20082330703735352,0.25682497024536133,0.08866119384765625
jc,a_v,1_22,1,22,0.08866119384765625,0.07090497016906738,0.15956616401672363,0.16727566719055176,0.255936861038208,0.09637069702148438
jc,v_y,22_25,22,25,0.09637069702148438,0.13667631149291992,0.2330470085144043,0.2246696949005127,0.32104039192199707,0.08799338340759277
jc,d_i,4_9,4,9,0.06400108337402344,0.05600118637084961,0.12000226974487305,0.18400287628173828,0.24800395965576172,0.12800168991088867
jc,i_s,9_19,9,19,0.12800168991088867,0.023996353149414062,0.15199804306030273,0.07999825477600098,0.20799994468688965,0.056001901626586914
jc,s_c,19_3,19,3,0.056001901626586914,0.12170195579528809,0.177703857421875,0.20068573951721191,0.25668764114379883,0.07898378372192383
jc,c_s,3_19,3,19,0.07898378372192383,0.16033005714416504,0.23931384086608887,0.24032211303710938,0.3193058967590332,0.07999205589294434
jc,h_e,8_5,8,5,0.11192178726196289,0.01563119888305664,0.12755298614501953,0.07970261573791504,0.19162440299987793,0.0640714168548584
jc,e_n,5_14,5,14,0.0640714168548584,0.04864001274108887,0.11271142959594727,0.11266922950744629,0.1767406463623047,0.06402921676635742
jc,n_c,14_3,14,3,0.06402921676635742,0.05659627914428711,0.12062549591064453,0.17669296264648438,0.2407221794128418,0.12009668350219727
jc,c_e,3_5,3,5,0.12009668350219727,0.02281475067138672,0.14291143417358398,0.07898473739624023,0.1990814208984375,0.056169986724853516
jc,c_u,3_21,3,21,0.1040034294128418,0.10399842262268066,0.20800185203552246,0.1999976634979248,0.3040010929107666,0.09599924087524414
jc,u_p,21_16,21,16,0.09599924087524414,0.11317658424377441,0.20917582511901855,0.20834755897521973,0.30434679985046387,0.09517097473144531
jc,p_p,16_16,16,16,0.09517097473144531,0.04806232452392578,0.1432332992553711,0.1363215446472168,0.2314925193786621,0.08825922012329102
jc,p_a,16_1,16,1,0.08825922012329102,0.04777050018310547,0.13602972030639648,0.15154218673706055,0.23980140686035156,0.10377168655395508
jc,t_a,20_1,20,1,0.025997638702392578,0.028990745544433594,0.05498838424682617,0.1411745548248291,0.16717219352722168,0.11218380928039551
jc,a_k,1_11,1,11,0.11218380928039551,0.017002105712890625,0.12918591499328613,0.10400032997131348,0.21618413925170898,0.08699822425842285
jc,k_e,11_5,11,5,0.08699822425842285,0.016044139862060547,0.1030423641204834,0.10355257987976074,0.1905508041381836,0.0875084400177002
jc,e_s,5_19,5,19,0.0875084400177002,0.05740714073181152,0.14491558074951172,0.1598517894744873,0.2473602294921875,0.10244464874267578
jc,a_s,1_19,1,19,0.20772743225097656,-0.10387468338012695,0.10385274887084961,0.015815258026123047,0.2235426902770996,0.11968994140625
jc,s_p,19_16,19,16,0.11968994140625,0.02451634407043457,0.14420628547668457,0.13572287559509277,0.2554128170013428,0.1112065315246582
jc,p_e,16_5,16,5,0.1112065315246582,0.023996353149414062,0.13520288467407227,0.14400267601013184,0.25520920753479004,0.12000632286071777
jc,e_n,5_14,5,14,0.12000632286071777,0.024000167846679688,0.14400649070739746,0.20000076293945312,0.3200070858001709,0.17600059509277344
jc,f_r,6_18,6,18,0.07900094985961914,0.08108997344970703,0.16009092330932617,0.16029882431030273,0.23929977416992188,0.0792088508605957
jc,r_o,18_15,18,15,0.0792088508605957,0.0482029914855957,0.1274118423461914,0.16820120811462402,0.24741005897521973,0.11999821662902832
jc,o_c,15_3,15,3,0.11999821662902832,-0.015996932983398438,0.10400128364562988,0.07904672622680664,0.19904494285583496,0.09504365921020508
jc,c_k,3_11,3,11,0.09504365921020508,0.024878740310668945,0.11992239952087402,0.1124882698059082,0.20753192901611328,0.08760952949523926
jc,i_n,9_14,9,14,0.10298538208007812,0.07184123992919922,0.17482662200927734,0.1683037281036377,0.2712891101837158,0.09646248817443848
jc,n_n,14_14,14,14,0.09646248817443848,0.05598783493041992,0.1524503231048584,0.1198272705078125,0.21628975868225098,0.06383943557739258
jc,n_e,14_5,14,5,0.06383943557739258,0.023708820343017578,0.08754825592041016,0.12021970748901367,0.18405914306640625,0.0965108871459961
jc,e_r,5_18,5,18,0.0965108871459961,-0.07244563102722168,0.024065256118774414,0.047780513763427734,0.14429140090942383,0.12022614479064941
jc,j_a,10_1,10,1,0.08122682571411133,0.04608488082885742,0.12731170654296875,0.1345813274383545,0.21580815315246582,0.08849644660949707
jc,a_z,1_26,1,26,0.08849644660949707,0.1199498176574707,0.20844626426696777,0.20822453498840332,0.2967209815979004,0.08827471733093262
jc,z_z,26_26,26,26,0.08827471733093262,0.039324283599853516,0.12759900093078613,0.12790727615356445,0.21618199348449707,0.08858299255371094
jc,z_y,26_25,26,25,0.08858299255371094,0.17556262016296387,0.2641456127166748,0.2718784809112549,0.3604614734649658,0.09631586074829102
jc,p_o,16_15,16,15,0.0800330638885498,0.3121204376220703,0.3921535015106201,0.3910994529724121,0.4711325168609619,0.0789790153503418
jc,o_w,15_23,15,23,0.0789790153503418,0.04063129425048828,0.11961030960083008,0.12801790237426758,0.20699691772460938,0.0873866081237793
jc,w_e,23_5,23,5,0.0873866081237793,0.09600329399108887,0.18338990211486816,0.2400054931640625,0.3273921012878418,0.14400219917297363
jc,e_r,5_18,5,18,0.14400219917297363,-0.024002790451049805,0.11999940872192383,0.07200121879577637,0.21600341796875,0.09600400924682617
jc,m_a,13_1,13,1,0.08730697631835938,0.06479263305664062,0.152099609375,0.15200114250183105,0.23930811882019043,0.08720850944519043
jc,a_t,1_20,1,20,0.08720850944519043,0.09644341468811035,0.18365192413330078,0.19201231002807617,0.2792208194732666,0.09556889533996582
jc,t_e,20_5,20,5,0.09556889533996582,0.08059501647949219,0.176163911819458,0.15208745002746582,0.24765634536743164,0.07149243354797363
jc,e_s,5_19,5,19,0.07149243354797363,0.0804588794708252,0.15195131301879883,0.16766023635864258,0.2391526699066162,0.08720135688781738
jc,b_r,2_18,2,18,0.0800013542175293,0.15200161933898926,0.23200297355651855,0.23199844360351562,0.3119997978210449,0.07999682426452637
jc,r_a,18_1,18,1,0.07999682426452637,0.10361528396606445,0.18361210823059082,0.19181084632873535,0.2718076705932617,0.0881955623626709
jc,a_c,1_3,1,3,0.0881955623626709,0.06422305107116699,0.1524186134338379,0.16881442070007324,0.25700998306274414,0.10459136962890625
jc,c_k,3_11,3,11,0.10459136962890625,0.016346454620361328,0.12093782424926758,0.07958412170410156,0.1841754913330078,0.06323766708374023
jc,r_a,18_1,18,1,0.07964682579040527,0.12793612480163574,0.20758295059204102,0.22393488883972168,0.30358171463012695,0.09599876403808594
jc,a_j,1_10,1,10,0.09599876403808594,0.04799962043762207,0.143998384475708,0.12800049781799316,0.2239992618560791,0.0800008773803711
jc,j_a,10_1,10,1,0.0800008773803711,0.02400827407836914,0.10400915145874023,0.09599781036376953,0.17599868774414062,0.07198953628540039
jc,a_h,1_8,1,8,0.07198953628540039,0.42496204376220703,0.4969515800476074,0.5200142860412598,0.5920038223266602,0.09505224227905273
jc,a_i,1_9,1,9,0.0709991455078125,0.12898635864257812,0.19998550415039062,0.19997024536132812,0.2709693908691406,0.07098388671875
jc,i_o,9_15,9,15,0.07098388671875,0.20769095420837402,0.278674840927124,0.3044471740722656,0.3754310607910156,0.0967562198638916
jc,o_l,15_12,15,12,0.0967562198638916,0.07229065895080566,0.16904687881469727,0.17537260055541992,0.2721288204193115,0.10308194160461426
jc,l_i,12_9,12,9,0.10308194160461426,0.096923828125,0.20000576972961426,0.20052671432495117,0.30360865592956543,0.10360288619995117
jc,r_a,18_1,18,1,0.07900881767272949,0.10479998588562012,0.1838088035583496,0.20016074180603027,0.27916955947875977,0.09536075592041016
jc,a_d,1_4,1,4,0.09536075592041016,0.032204627990722656,0.1275653839111328,0.12074494361877441,0.21610569953918457,0.08854031562805176
jc,d_i,4_9,4,9,0.08854031562805176,0.08008813858032227,0.16862845420837402,0.1600937843322754,0.24863409996032715,0.08000564575195312
jc,i_i,9_9,9,9,0.08000564575195312,0.048052310943603516,0.12805795669555664,0.12793660163879395,0.20794224739074707,0.07988429069519043
jc,b_i,2_9,2,9,0.07902145385742188,0.10396695137023926,0.18298840522766113,0.21651768684387207,0.29553914070129395,0.11255073547363281
jc,i_f,9_6,9,6,0.11255073547363281,0.3198883533477783,0.43243908882141113,0.3448781967163086,0.4574289321899414,0.024989843368530273
jc,f_f,6_6,6,6,0.024989843368530273,0.03899860382080078,0.06398844718933105,0.1110391616821289,0.13602900505065918,0.07204055786132812
jc,f_y,6_25,6,25,0.07204055786132812,0.16885614395141602,0.24089670181274414,0.2638576030731201,0.33589816093444824,0.0950014591217041
jc,c_u,3_21,3,21,0.07910609245300293,0.1275634765625,0.20666956901550293,0.22392749786376953,0.30303359031677246,0.09636402130126953
jc,u_r,21_18,21,18,0.09636402130126953,0.03200650215148926,0.1283705234527588,0.10402131080627441,0.20038533210754395,0.07201480865478516
jc,r_l,18_12,18,12,0.07201480865478516,0.0800790786743164,0.15209388732910156,0.16000747680664062,0.23202228546142578,0.07992839813232422
jc,l_y,12_25,12,25,0.07992839813232422,0.04816579818725586,0.12809419631958008,0.10413908958435059,0.1840674877166748,0.05597329139709473
jc,p_u,16_21,16,21,0.06300187110900879,0.4250154495239258,0.48801732063293457,0.5286612510681152,0.591663122177124,0.10364580154418945
jc,u_d,21_4,21,4,0.10364580154418945,0.023751258850097656,0.1273970603942871,0.10409688949584961,0.20774269104003906,0.08034563064575195
jc,d_g,4_7,4,7,0.08034563064575195,0.1600191593170166,0.24036478996276855,0.2480180263519287,0.32836365699768066,0.08799886703491211
jc,g_y,7_25,7,25,0.08799886703491211,0.128676176071167,0.2166750431060791,0.21532678604125977,0.3033256530761719,0.08665060997009277
jc,m_u,13_21,13,21,0.11199784278869629,0.09642839431762695,0.20842623710632324,0.20833277702331543,0.3203306198120117,0.11190438270568848
jc,u_l,21_12,21,12,0.11190438270568848,0.15158605575561523,0.2634904384613037,0.2395792007446289,0.3514835834503174,0.08799314498901367
jc,l_c,12_3,12,3,0.08799314498901367,0.07193875312805176,0.15993189811706543,0.21583914756774902,0.3038322925567627,0.14390039443969727
jc,c_t,3_20,3,20,0.14390039443969727,0.13553524017333984,0.2794356346130371,0.22360682487487793,0.3675072193145752,0.08807158470153809
jc,w_e,23_5,23,5,0.14568281173706055,-0.03297591209411621,0.11270689964294434,0.07852983474731445,0.224212646484375,0.11150574684143066
jc,e_a,5_1,5,1,0.11150574684143066,0.0718533992767334,0.18335914611816406,0.17562389373779297,0.28712964057922363,0.10377049446105957
jc,a_r,1_18,1,18,0.10377049446105957,0.02466869354248047,0.12843918800354004,0.10370993614196777,0.20748043060302734,0.0790412425994873
jc,r_y,18_25,18,25,0.0790412425994873,0.12130522727966309,0.2003464698791504,0.20029449462890625,0.27933573722839355,0.07898926734924316
jc,g_l,7_12,7,12,0.07932591438293457,0.023662328720092773,0.10298824310302734,0.10368967056274414,0.1830155849456787,0.08002734184265137
jc,l_a,12_1,12,1,0.08002734184265137,0.039789438247680664,0.11981678009033203,0.12780475616455078,0.20783209800720215,0.08801531791687012
jc,a_n,1_14,1,14,0.08801531791687012,0.024576187133789062,0.11259150505065918,0.11303067207336426,0.20104598999023438,0.0884544849395752
jc,n_s,14_19,14,19,0.0884544849395752,0.04779219627380371,0.1362466812133789,0.14379382133483887,0.23224830627441406,0.09600162506103516
jc,v_e,22_5,22,5,0.07136702537536621,0.12044215202331543,0.19180917739868164,0.19143366813659668,0.2628006935119629,0.07099151611328125
jc,e_i,5_9,5,9,0.07099151611328125,0.08900928497314453,0.16000080108642578,0.22463464736938477,0.295626163482666,0.13562536239624023
jc,i_n,9_14,9,14,0.13562536239624023,-0.024631738662719727,0.11099362373352051,0.0799705982208252,0.21559596061706543,0.10460233688354492
jc,n_y,14_25,14,25,0.10460233688354492,0.032282114028930664,0.13688445091247559,0.11227083206176758,0.2168731689453125,0.07998871803283691
jc,r_e,18_5,18,5,0.08771967887878418,0.05591869354248047,0.14363837242126465,0.1439218521118164,0.23164153099060059,0.08800315856933594
jc,e_c,5_3,5,3,0.08800315856933594,0.05599546432495117,0.1439986228942871,0.14313030242919922,0.23113346099853516,0.08713483810424805
jc,c_t,3_20,3,20,0.08713483810424805,0.0969688892364502,0.18410372734069824,0.16893839836120605,0.2560732364654541,0.07196950912475586
jc,t_o,20_15,20,15,0.07196950912475586,0.048018455505371094,0.11998796463012695,0.13590168952941895,0.2078711986541748,0.08788323402404785
jc,r_a,18_1,18,1,0.07967185974121094,0.13657593727111816,0.2162477970123291,0.24838542938232422,0.32805728912353516,0.11180949211120605
jc,a_p,1_16,1,16,0.11180949211120605,0.04817962646484375,0.1599891185760498,0.15153217315673828,0.26334166526794434,0.10335254669189453
jc,p_e,16_5,16,5,0.10335254669189453,0.03134512901306152,0.13469767570495605,0.10424423217773438,0.2075967788696289,0.07289910316467285
jc,e_s,5_19,5,19,0.07289910316467285,0.12813138961791992,0.20103049278259277,0.2238450050354004,0.29674410820007324,0.09571361541748047
jc,c_l,3_12,3,12,0.12844276428222656,0.01599860191345215,0.1444413661956787,0.11099720001220703,0.2394399642944336,0.09499859809875488
jc,l_u,12_21,12,21,0.09499859809875488,0.1609783172607422,0.25597691535949707,0.2650563716888428,0.36005496978759766,0.10407805442810059
jc,u_e,21_5,21,5,0.10407805442810059,0.06357932090759277,0.16765737533569336,0.11079001426696777,0.21486806869506836,0.047210693359375
jc,e_s,5_19,5,19,0.047210693359375,0.12042474746704102,0.16763544082641602,0.19240045547485352,0.23961114883422852,0.0719757080078125
jc,j_o,10_15,10,15,0.11197113990783691,0.05556130409240723,0.16753244400024414,0.2079474925994873,0.3199186325073242,0.15238618850708008
jc,o_u,15_21,15,21,0.15238618850708008,-0.047878265380859375,0.1045079231262207,0.04772186279296875,0.20010805130004883,0.09560012817382812
jc,u_s,21_19,21,19,0.09560012817382812,0.06461596488952637,0.1602160930633545,0.10457587242126465,0.20017600059509277,0.03995990753173828
jc,s_t,19_20,19,20,0.03995990753173828,0.2716662883758545,0.3116261959075928,0.3439457416534424,0.38390564918518066,0.07227945327758789
jc,a_n,1_14,1,14,0.10303330421447754,0.040000200271606445,0.14303350448608398,0.12101316452026367,0.2240464687347412,0.08101296424865723
jc,n_o,14_15,14,15,0.08101296424865723,0.08698511123657227,0.1679980754852295,0.16765499114990234,0.24866795539855957,0.08066987991333008
jc,o_l,15_12,15,12,0.08066987991333008,0.09633731842041016,0.17700719833374023,0.1924285888671875,0.2730984687805176,0.09609127044677734
jc,l_e,12_5,12,5,0.09609127044677734,0.023606061935424805,0.11969733238220215,0.09561944007873535,0.1917107105255127,0.07201337814331055
jc,b_e,2_5,2,5,0.07103610038757324,0.12013435363769531,0.19117045402526855,0.19134283065795898,0.2623789310455322,0.07120847702026367
jc,e_g,5_7,5,7,0.07120847702026367,0.09685754776000977,0.16806602478027344,0.17594170570373535,0.24715018272399902,0.07908415794372559
jc,g_e,7_5,7,5,0.07908415794372559,0.07296013832092285,0.15204429626464844,0.18481898307800293,0.2639031410217285,0.11185884475708008
jc,e_t,5_20,5,20,0.11185884475708008,0.01601576805114746,0.12787461280822754,0.09504175186157227,0.20690059661865234,0.0790259838104248
jc,p_l,16_12,16,12,0.15926742553710938,-0.05553150177001953,0.10373592376708984,0.04804658889770508,0.20731401443481445,0.10357809066772461
jc,l_o,12_15,12,15,0.10357809066772461,0.07216191291809082,0.17574000358581543,0.17616534233093262,0.2797434329986572,0.1040034294128418
jc,o_y,15_25,15,25,0.1040034294128418,0.040220022201538086,0.14422345161437988,0.14422821998596191,0.2482316493988037,0.10400819778442383
jc,y_s,25_19,25,19,0.10400819778442383,0.1195065975189209,0.22351479530334473,0.19151091575622559,0.2955191135406494,0.07200431823730469
jc,a_n,1_14,1,14,0.08713245391845703,0.06389474868774414,0.15102720260620117,0.13653254508972168,0.2236649990081787,0.07263779640197754
jc,n_n,14_14,14,14,0.07263779640197754,0.0789799690246582,0.15161776542663574,0.14399456977844238,0.21663236618041992,0.06501460075378418
jc,n_o,14_15,14,15,0.06501460075378418,0.03108382225036621,0.09609842300415039,0.1356654167175293,0.20068001747131348,0.10458159446716309
jc,o_y,15_25,15,25,0.10458159446716309,0.032007694244384766,0.13658928871154785,0.11950898170471191,0.224090576171875,0.08750128746032715
jc,z_i,26_9,26,9,0.1362295150756836,0.023839473724365234,0.16006898880004883,0.13553166389465332,0.2717611789703369,0.11169219017028809
jc,i_l,9_12,9,12,0.11169219017028809,0.1205148696899414,0.2322070598602295,0.18349361419677734,0.29518580436706543,0.06297874450683594
jc,l_c,12_3,12,3,0.06297874450683594,0.5926744937896729,0.6556532382965088,0.6720812320709229,0.7350599765777588,0.07940673828125
jc,c_h,3_8,3,8,0.07940673828125,0.032216548919677734,0.11162328720092773,0.11203193664550781,0.1914386749267578,0.07981538772583008
jc,s_e,19_5,19,5,0.07899665832519531,0.13641571998596191,0.21541237831115723,0.20740747451782227,0.2864041328430176,0.07099175453186035
jc,e_p,5_16,5,16,0.07099175453186035,0.1373608112335205,0.20835256576538086,0.22547197341918945,0.2964637279510498,0.08811116218566895
jc,p_i,16_9,16,9,0.08811116218566895,0.11159896850585938,0.19971013069152832,0.21594572067260742,0.30405688285827637,0.10434675216674805
jc,i_a,9_1,9,1,0.10434675216674805,0.08039617538452148,0.18474292755126953,0.16743135452270508,0.2717781066894531,0.0870351791381836
jc,s_t,19_20,19,20,0.0629873275756836,0.12000775337219238,0.18299508094787598,0.20000123977661133,0.2629885673522949,0.07999348640441895
jc,t_a,20_1,20,1,0.07999348640441895,0.10399818420410156,0.1839916706085205,0.18400073051452637,0.2639942169189453,0.0800025463104248
jc,a_g,1_7,1,7,0.0800025463104248,0.07199907302856445,0.15200161933898926,0.15200400352478027,0.23200654983520508,0.08000493049621582
jc,g_e,7_5,7,5,0.08000493049621582,0.06399965286254883,0.14400458335876465,0.15999269485473633,0.23999762535095215,0.0959930419921875
jc,l_u,12_21,12,21,0.14413881301879883,-0.03302931785583496,0.11110949516296387,0.0460810661315918,0.19021987915039062,0.07911038398742676
jc,u_l,21_12,21,12,0.07911038398742676,0.13706398010253906,0.21617436408996582,0.21625089645385742,0.2953612804412842,0.07918691635131836
jc,l_a,12_1,12,1,0.07918691635131836,0.02460312843322754,0.1037900447845459,0.11260533332824707,0.19179224967956543,0.08800220489501953
jc,a_b,1_2,1,2,0.08800220489501953,0.04835629463195801,0.13635849952697754,0.13533282279968262,0.22333502769470215,0.08697652816772461
jc,q_u,17_21,17,21,0.07200241088867188,0.09577751159667969,0.16777992248535156,0.18407654762268066,0.25607895851135254,0.08829903602600098
jc,u_e,21_5,21,5,0.08829903602600098,0.08004283905029297,0.16834187507629395,0.14412903785705566,0.23242807388305664,0.0640861988067627
jc,e_e,5_5,5,5,0.0640861988067627,0.08028888702392578,0.14437508583068848,0.15189313888549805,0.21597933769226074,0.07160425186157227
jc,e_r,5_18,5,18,0.07160425186157227,0.02410578727722168,0.09571003913879395,0.11206746101379395,0.1836717128753662,0.08796167373657227
jc,z_o,26_15,26,15,0.1038656234741211,0.03199148178100586,0.13585710525512695,0.19947409629821777,0.30333971977233887,0.16748261451721191
jc,o_n,15_14,15,14,0.16748261451721191,-0.06416487693786621,0.1033177375793457,0.04065060615539551,0.20813322067260742,0.10481548309326172
jc,n_k,14_11,14,11,0.10481548309326172,0.11224031448364258,0.2170557975769043,0.1997687816619873,0.304584264755249,0.08752846717834473
jc,k_s,11_19,11,19,0.08752846717834473,0.02318596839904785,0.11071443557739258,0.08788871765136719,0.17541718482971191,0.06470274925231934
jc,o_b,15_2,15,2,0.0720059871673584,0.047997474670410156,0.12000346183776855,0.12699675559997559,0.19900274276733398,0.07899928092956543
jc,b_e,2_5,2,5,0.07899928092956543,0.36887621879577637,0.4478754997253418,0.4416627883911133,0.5206620693206787,0.07278656959533691
jc,e_s,5_19,5,19,0.07278656959533691,0.13481998443603516,0.20760655403137207,0.19948983192443848,0.2722764015197754,0.06466984748840332
jc,s_e,19_5,19,5,0.06466984748840332,0.0801844596862793,0.14485430717468262,0.15123391151428223,0.21590375900268555,0.07104945182800293
jc,p_r,16_18,16,18,0.11151695251464844,0.31990647315979004,0.4314234256744385,0.39994359016418457,0.511460542678833,0.08003711700439453
jc,r_o,18_15,18,15,0.08003711700439453,0.04047513008117676,0.12051224708557129,0.13640594482421875,0.21644306182861328,0.09593081474304199
jc,o_v,15_22,15,22,0.09593081474304199,0.34460997581481934,0.44054079055786133,0.4404430389404297,0.5363738536834717,0.09583306312561035
jc,v_e,22_5,22,5,0.09583306312561035,0.10411453247070312,0.19994759559631348,0.183091402053833,0.27892446517944336,0.07897686958312988
jc,l_i,12_9,12,9,0.09520840644836426,0.1282947063446045,0.22350311279296875,0.22476434707641602,0.3199727535247803,0.09646964073181152
jc,i_t,9_20,9,20,0.09646964073181152,0.05582475662231445,0.15229439735412598,0.15973281860351562,0.25620245933532715,0.10390806198120117
jc,t_e,20_5,20,5,0.10390806198120117,0.08794403076171875,0.19185209274291992,0.17635631561279297,0.28026437759399414,0.08841228485107422
jc,e_s,5_19,5,19,0.08841228485107422,0.09494733810424805,0.18335962295532227,0.1749405860900879,0.2633528709411621,0.07999324798583984
jc,h_a,8_1,8,1,0.10366129875183105,0.14510369300842285,0.2487649917602539,0.2566242218017578,0.36028552055358887,0.11152052879333496
jc,a_f,1_6,1,6,0.11152052879333496,0.08788275718688965,0.1994032859802246,0.16704583168029785,0.2785663604736328,0.0791630744934082
jc,f_t,6_20,6,20,0.0791630744934082,0.10487151145935059,0.1840345859527588,0.17636609077453613,0.25552916526794434,0.07149457931518555
jc,t_a,20_1,20,1,0.07149457931518555,0.3764805793762207,0.44797515869140625,0.424358606338501,0.4958531856536865,0.04787802696228027
jc,m_i,13_9,13,9,0.09600114822387695,0.06399941444396973,0.16000056266784668,0.2100234031677246,0.30602455139160156,0.14602398872375488
jc,i_n,9_14,9,14,0.14602398872375488,-0.04202413558959961,0.10399985313415527,0.045980215072631836,0.19200420379638672,0.08800435066223145
jc,n_e,14_5,14,5,0.08800435066223145,-0.024004697799682617,0.06399965286254883,0.07999324798583984,0.1679975986480713,0.10399794578552246
jc,e_r,5_18,5,18,0.10399794578552246,-0.023992061614990234,0.08000588417053223,0.0650181770324707,0.16901612281799316,0.08901023864746094
