Subject,Char_Total_Str,Char_Total_Int,Char_Init,Char_End,Current_Dwell,Interval,Press_Flight,Release_Flight,Digraph,Later_Dwell
vale,d_e,4_5,4,5,0.071014166,0.440280676,0.511294842,0.520298958,0.591313124,0.080018282
vale,e_c,5_3,5,3,0.080018282,0.256448984,0.336467266,0.320481062,0.400499344,0.064032078
vale,c_i,3_9,3,9,0.064032078,0.079880476,0.143912554,0.143906593,0.207938671,0.064026117
vale,i_s,9_19,9,19,0.064026117,0.080020905,0.144047022,0.151899815,0.215925932,0.07187891
vale,s_i,19_9,19,9,0.07187891,0.096077442,0.167956352,0.208074331,0.279953241,0.111996889
vale,i_0,9_90,9,90,0.111996889,0.039999247,0.151996136,0.159590006,0.271586895,0.119590759
vale,0_n,90_14,90,14,0.119590759,0.06401825,0.183609009,0.176580191,0.29617095,0.112561941
vale,d_e,4_5,4,5,0.07998991,0.184163809,0.264153719,0.288259268,0.368249178,0.104095459
vale,e_c,5_3,5,3,0.104095459,0.191502094,0.295597553,0.272162437,0.376257896,0.080660343
vale,c_i,3_9,3,9,0.080660343,0.079717398,0.160377741,0.143732548,0.224392891,0.06401515
vale,i_s,9_19,9,19,0.06401515,0.063877583,0.127892733,0.151563644,0.215578794,0.087686062
vale,s_i,19_9,19,9,0.087686062,0.080211163,0.167897224,0.184263468,0.27194953,0.104052305
vale,i_0,9_90,9,90,0.104052305,0.065015078,0.169067383,0.176040173,0.280092478,0.111025095
vale,0_n,90_14,90,14,0.111025095,0.080142975,0.19116807,0.159760952,0.270786047,0.079617977
vale,d_e,4_5,4,5,0.104023457,0.232358932,0.336382389,0.320358515,0.424381971,0.087999582
vale,e_c,5_3,5,3,0.087999582,0.143643379,0.231642962,0.232097864,0.320097446,0.088454485
vale,c_i,3_9,3,9,0.088454485,0.05601263,0.144467115,0.136030912,0.224485397,0.080018282
vale,i_s,9_19,9,19,0.080018282,0.056015491,0.136033773,0.151871204,0.231889486,0.095855713
vale,s_i,19_9,19,9,0.095855713,0.039999485,0.135855198,0.167670727,0.26352644,0.127671242
vale,i_0,9_90,9,90,0.127671242,0.024005413,0.151676655,0.144032955,0.271704197,0.120027542
vale,0_n,90_14,90,14,0.120027542,0.040008545,0.160036087,0.135945082,0.255972624,0.095936537
vale,d_e,4_5,4,5,0.095949888,0.199689627,0.295639515,0.287777424,0.383727312,0.088087797
vale,e_c,5_3,5,3,0.088087797,0.135703087,0.223790884,0.208500147,0.296587944,0.07279706
vale,c_i,3_9,3,9,0.07279706,0.087839365,0.160636425,0.159855604,0.232652664,0.072016239
vale,i_s,9_19,9,19,0.072016239,0.032006979,0.104023218,0.097022772,0.169039011,0.065015793
vale,s_i,19_9,19,9,0.065015793,0.03879118,0.103806973,0.150414228,0.215430021,0.111623049
vale,i_0,9_90,9,90,0.111623049,-0.008004427,0.103618622,0.112339973,0.223963022,0.1203444
vale,0_n,90_14,90,14,0.1203444,0.0481987,0.1685431,0.135546207,0.255890608,0.087347507
vale,d_e,4_5,4,5,0.072033167,0.239933491,0.311966658,0.319638252,0.391671419,0.079704762
vale,e_c,5_3,5,3,0.079704762,0.128299475,0.208004236,0.208511591,0.288216352,0.080212116
vale,c_i,3_9,3,9,0.080212116,0.056012869,0.136224985,0.12802887,0.208240986,0.072016001
vale,i_s,9_19,9,19,0.072016001,0.064024687,0.136040688,0.143473387,0.215489388,0.0794487
vale,s_i,19_9,19,9,0.0794487,0.001000643,0.080449343,0.104071379,0.183520079,0.103070736
vale,i_0,9_90,9,90,0.103070736,0.040209532,0.143280268,0.152210236,0.255280972,0.112000704
vale,0_n,90_14,90,14,0.112000704,0.03196311,0.143963814,0.119999886,0.232000589,0.088036776
vale,d_e,4_5,4,5,0.071530581,0.248779297,0.320309877,0.320475817,0.392006397,0.07169652
vale,e_c,5_3,5,3,0.07169652,0.184051275,0.255747795,0.264070034,0.335766554,0.080018759
vale,c_i,3_9,3,9,0.080018759,0.191383839,0.271402597,0.287742376,0.367761135,0.096358538
vale,i_s,9_19,9,19,0.096358538,0.072025776,0.168384314,0.152182341,0.248540878,0.080156565
vale,s_i,19_9,19,9,0.080156565,0.095680714,0.175837278,0.208012104,0.288168669,0.11233139
vale,i_0,9_90,9,90,0.11233139,0.064023256,0.176354647,0.167445183,0.279776573,0.103421926
vale,0_n,90_14,90,14,0.103421926,0.080863714,0.184285641,0.184543371,0.287965298,0.103679657
vale,d_e,4_5,4,5,0.06401825,0.231332302,0.295350552,0.311985493,0.376003742,0.080653191
vale,e_c,5_3,5,3,0.080653191,0.176095247,0.256748438,0.247996569,0.328649759,0.071901321
vale,c_i,3_9,3,9,0.071901321,0.04800272,0.119904041,0.135859489,0.207760811,0.08785677
vale,i_s,9_19,9,19,0.08785677,0.048011065,0.135867834,0.112025499,0.199882269,0.064014435
vale,s_i,19_9,19,9,0.064014435,0.001000643,0.065015078,0.119643688,0.183658123,0.118643045
vale,i_0,9_90,9,90,0.118643045,-0.032006502,0.086636543,0.080471516,0.199114561,0.112478018
vale,0_n,90_14,90,14,0.112478018,0.03219223,0.144670248,0.09609127,0.208569288,0.06389904
vale,d_e,4_5,4,5,0.071996689,0.135979176,0.207975864,0.208823204,0.280819893,0.072844028
vale,e_c,5_3,5,3,0.072844028,0.167177439,0.240021467,0.23117733,0.304021358,0.063999891
vale,c_i,3_9,3,9,0.063999891,0.080000401,0.144000292,0.151348829,0.215348721,0.071348429
vale,i_s,9_19,9,19,0.071348429,0.064014673,0.135363102,0.12802887,0.199377298,0.064014196
vale,s_i,19_9,19,9,0.064014196,-0.024005413,0.040008783,0.104709387,0.168723583,0.1287148
vale,i_0,9_90,9,90,0.1287148,-0.024310589,0.104404211,0.095916986,0.224631786,0.120227575
vale,0_n,90_14,90,14,0.120227575,0.03199935,0.152226925,0.096022367,0.216249943,0.064023018
vale,d_e,4_5,4,5,0.079636574,0.160453558,0.240090132,0.232928276,0.31256485,0.072474718
vale,e_c,5_3,5,3,0.072474718,0.142929554,0.215404272,0.198942661,0.271417379,0.056013107
vale,c_i,3_9,3,9,0.056013107,0.072015762,0.12802887,0.136493444,0.192506552,0.064477682
vale,i_s,9_19,9,19,0.064477682,0.063569546,0.128047228,0.119588137,0.184065819,0.056018591
vale,s_i,19_9,19,9,0.056018591,0.001000166,0.057018757,0.096020937,0.152039528,0.095020771
vale,i_0,9_90,9,90,0.095020771,-0.024004936,0.071015835,0.072016478,0.167037249,0.096021414
vale,0_n,90_14,90,14,0.096021414,0.05599308,0.152014494,0.112374544,0.208395958,0.056381464
vale,d_e,4_5,4,5,0.088000298,0.295953035,0.383953333,0.375995159,0.463995457,0.080042124
vale,e_c,5_3,5,3,0.080042124,0.272301674,0.352343798,0.368004322,0.448046446,0.095702648
vale,c_i,3_9,3,9,0.095702648,0.103614807,0.199317455,0.175530672,0.27123332,0.071915865
vale,i_s,9_19,9,19,0.071915865,0.08002305,0.151938915,0.160682917,0.232598782,0.080659866
vale,s_i,19_9,19,9,0.080659866,0.001001358,0.081661224,0.111786366,0.192446232,0.110785007
vale,i_0,9_90,9,90,0.110785007,-0.023999214,0.086785793,0.080221653,0.19100666,0.104220867
vale,0_n,90_14,90,14,0.104220867,0.031296492,0.135517359,0.095323324,0.199544191,0.064026833
vale,d_e,4_5,4,5,0.080274582,0.880199432,0.960474014,0.951996088,1.03227067,0.071796656
vale,e_c,5_3,5,3,0.071796656,0.152150154,0.22394681,0.216003656,0.287800312,0.063853502
vale,c_i,3_9,3,9,0.063853502,0.031791925,0.095645428,0.095996618,0.159850121,0.064204693
vale,i_s,9_19,9,19,0.064204693,0.048252583,0.112457275,0.104265451,0.168470144,0.056012869
vale,s_i,19_9,19,9,0.056012869,0.001000404,0.057013273,0.095785141,0.15179801,0.094784737
vale,i_0,9_90,9,90,0.094784737,-0.023768663,0.071016073,0.072019577,0.166804314,0.09578824
vale,0_n,90_14,90,14,0.09578824,0.02368927,0.11947751,0.087929726,0.183717966,0.064240456
vale,d_e,4_5,4,5,0.072016716,0.159775496,0.231792212,0.232698917,0.304715633,0.072923422
vale,e_c,5_3,5,3,0.072923422,0.151227951,0.224151373,0.191245556,0.264168978,0.040017605
vale,c_i,3_9,3,9,0.040017605,0.056012869,0.096030474,0.135753155,0.17577076,0.079740286
vale,i_s,9_19,9,19,0.079740286,0.039999247,0.119739532,0.104000092,0.183740377,0.064000845
vale,s_i,19_9,19,9,0.064000845,0.000867605,0.06486845,0.095999479,0.160000324,0.095131874
vale,i_0,9_90,9,90,0.095131874,-0.023995876,0.071135998,0.080000162,0.175132036,0.103996038
vale,0_n,90_14,90,14,0.103996038,0.001002073,0.104998112,0.080000639,0.183996677,0.078998566
vale,d_e,4_5,4,5,0.063677549,0.224076509,0.287754059,0.297092676,0.360770226,0.073016167
vale,e_c,5_3,5,3,0.073016167,0.134906769,0.207922935,0.1989398,0.271955967,0.064033031
vale,c_i,3_9,3,9,0.064033031,0.039259911,0.103292942,0.111938477,0.175971508,0.072678566
vale,i_s,9_19,9,19,0.072678566,0.048011303,0.120689869,0.112025499,0.184704065,0.064014196
vale,s_i,19_9,19,9,0.064014196,0.001000881,0.065015078,0.120002508,0.184016705,0.119001627
vale,i_0,9_90,9,90,0.119001627,-0.039995193,0.079006433,0.087553024,0.206554651,0.127548218
vale,0_n,90_14,90,14,0.127548218,0.032496214,0.160044432,0.104512691,0.232060909,0.072016478
vale,d_e,4_5,4,5,0.095564365,0.216328144,0.311892509,0.297329903,0.392894268,0.081001759
vale,e_c,5_3,5,3,0.081001759,0.110997438,0.191999197,0.1830163,0.264018059,0.072018862
vale,c_i,3_9,3,9,0.072018862,0.072016001,0.144034863,0.121027231,0.193046093,0.04901123
vale,i_s,9_19,9,19,0.04901123,0.047010183,0.096021414,0.126954556,0.175965786,0.079944372
vale,s_i,19_9,19,9,0.079944372,0.000984907,0.080929279,0.095520258,0.17546463,0.094535351
vale,i_0,9_90,9,90,0.094535351,-0.023496628,0.071038723,0.087878466,0.182413816,0.111375093
vale,0_n,90_14,90,14,0.111375093,0.00200057,0.113375664,0.088020325,0.199395418,0.086019754
vale,d_e,4_5,4,5,0.087869406,0.431764364,0.51963377,0.503780127,0.591649532,0.072015762
vale,e_c,5_3,5,3,0.072015762,0.151822329,0.223838091,0.215862513,0.287878275,0.064040184
vale,c_i,3_9,3,9,0.064040184,0.024024248,0.088064432,0.087778807,0.151818991,0.063754559
vale,i_s,9_19,9,19,0.063754559,0.064087629,0.127842188,0.128582478,0.192337036,0.064494848
vale,s_i,19_9,19,9,0.064494848,-0.024088621,0.040406227,0.087751865,0.152246714,0.111840487
vale,i_0,9_90,9,90,0.111840487,-0.031839132,0.080001354,0.080161095,0.192001581,0.112000227
vale,0_n,90_14,90,14,0.112000227,0.015938044,0.127938271,0.103289843,0.21529007,0.087351799
vale,d_e,4_5,4,5,0.08821249,0.207741499,0.295953989,0.288493156,0.376705647,0.080751657
vale,e_c,5_3,5,3,0.080751657,0.119026184,0.199777842,0.190679073,0.271430731,0.071652889
vale,c_i,3_9,3,9,0.071652889,0.032582045,0.104234934,0.112634897,0.184287786,0.080052853
vale,i_s,9_19,9,19,0.080052853,0.056012869,0.136065722,0.120027542,0.200080395,0.064014673
vale,s_i,19_9,19,9,0.064014673,0.001000404,0.065015078,0.087906599,0.151921272,0.086906195
vale,i_0,9_90,9,90,0.086906195,-0.023890495,0.063015699,0.088037252,0.174943447,0.111927748
vale,0_n,90_14,90,14,0.111927748,0.001000643,0.112928391,0.096021175,0.207948923,0.095020533
vale,d_e,4_5,4,5,0.079921007,0.184088707,0.264009714,0.249102831,0.329023838,0.065014124
vale,e_c,5_3,5,3,0.065014124,0.175040007,0.240054131,0.246700287,0.311714411,0.07166028
vale,c_i,3_9,3,9,0.07166028,0.104191542,0.175851822,0.176248789,0.247909069,0.072057247
vale,i_s,9_19,9,19,0.072057247,0.064015388,0.136072636,0.120028496,0.192085743,0.056013107
vale,s_i,19_9,19,9,0.056013107,-0.016004324,0.040008783,0.096020222,0.152033329,0.112024546
vale,i_0,9_90,9,90,0.112024546,-0.040008307,0.072016239,0.072168589,0.184193134,0.112176895
vale,0_n,90_14,90,14,0.112176895,0.024005413,0.136182308,0.103841543,0.216018438,0.07983613
vale,d_e,4_5,4,5,0.072025061,0.31998086,0.39200592,0.392026424,0.464051485,0.072045565
vale,e_c,5_3,5,3,0.072045565,0.135949373,0.207994938,0.207802773,0.279848337,0.071853399
vale,c_i,3_9,3,9,0.071853399,0.024005651,0.095859051,0.10402441,0.17587781,0.080018759
vale,i_s,9_19,9,19,0.080018759,0.048011065,0.128029823,0.104122162,0.184140921,0.056111097
vale,s_i,19_9,19,9,0.056111097,-0.016093493,0.040017605,0.087999821,0.144110918,0.104093313
vale,i_0,9_90,9,90,0.104093313,-0.023975611,0.080117702,0.072000504,0.176093817,0.095976114
vale,0_n,90_14,90,14,0.095976114,0.015999079,0.111975193,0.111999989,0.207976103,0.09600091
vale,d_e,4_5,4,5,0.072028875,0.159852982,0.231881857,0.232460022,0.304488897,0.07260704
vale,e_c,5_3,5,3,0.07260704,0.135690451,0.208297491,0.18372035,0.256327391,0.0480299
vale,c_i,3_9,3,9,0.0480299,0.056008816,0.104038715,0.119387865,0.167417765,0.063379049
vale,i_s,9_19,9,19,0.063379049,0.056681871,0.120060921,0.112231493,0.175610542,0.055549622
vale,s_i,19_9,19,9,0.055549622,0.001000166,0.056549788,0.080018282,0.135567904,0.079018116
vale,i_0,9_90,9,90,0.079018116,-0.024005175,0.055012941,0.075017691,0.154035807,0.099022865
vale,0_n,90_14,90,14,0.099022865,0.01300478,0.112027645,0.085412741,0.184435606,0.072407961
vale,d_e,4_5,4,5,0.072016239,0.183674574,0.255690813,0.263959885,0.335976124,0.080285311
vale,e_c,5_3,5,3,0.080285311,0.135657072,0.215942383,0.183673143,0.263958454,0.048016071
vale,c_i,3_9,3,9,0.048016071,0.03204155,0.080057621,0.112041473,0.160057545,0.079999924
vale,i_s,9_19,9,19,0.079999924,0.039999008,0.119998932,0.103667974,0.183667898,0.063668966
vale,s_i,19_9,19,9,0.063668966,0.000999928,0.064668894,0.087992191,0.151661158,0.086992264
vale,i_0,9_90,9,90,0.086992264,-0.031659126,0.055333138,0.072063923,0.159056187,0.103723049
vale,0_n,90_14,90,14,0.103723049,0.024010897,0.127733946,0.104275942,0.207998991,0.080265045
vale,d_e,4_5,4,5,0.072035074,0.343963146,0.41599822,0.432821512,0.504856586,0.088858366
vale,e_c,5_3,5,3,0.088858366,0.223181486,0.312039852,0.279100657,0.367959023,0.05591917
vale,c_i,3_9,3,9,0.05591917,0.016040564,0.071959734,0.104040623,0.159959793,0.088000059
vale,i_s,9_19,9,19,0.088000059,0.040265322,0.128265381,0.103642464,0.191642523,0.063377142
vale,s_i,19_9,19,9,0.063377142,0.00100255,0.064379692,0.096356869,0.159734011,0.095354319
vale,i_0,9_90,9,90,0.095354319,-0.032342196,0.063012123,0.095988989,0.191343307,0.128331184
vale,0_n,90_14,90,14,0.128331184,0.032010317,0.160341501,0.127477884,0.255809069,0.095467567
vale,d_e,4_5,4,5,0.08800149,0.703999519,0.792001009,0.792212248,0.880213737,0.088212729
vale,e_c,5_3,5,3,0.088212729,0.18333292,0.271545649,0.247788429,0.336001158,0.064455509
vale,c_i,3_9,3,9,0.064455509,0.039593458,0.104048967,0.111611843,0.176067352,0.072018385
vale,i_s,9_19,9,19,0.072018385,0.063994169,0.136012554,0.136387587,0.208405972,0.072393417
vale,s_i,19_9,19,9,0.072393417,0.007999659,0.080393076,0.111999273,0.184392691,0.103999615
vale,i_0,9_90,9,90,0.103999615,-0.023998737,0.080000877,0.096000671,0.200000286,0.119999409
vale,0_n,90_14,90,14,0.119999409,0.016123533,0.136122942,0.103719711,0.22371912,0.087596178
vale,d_e,4_5,4,5,0.088142872,0.303854704,0.391997576,0.401015759,0.48915863,0.097161055
vale,e_c,5_3,5,3,0.097161055,0.190838575,0.28799963,0.254838943,0.351999998,0.064000368
vale,c_i,3_9,3,9,0.064000368,0.023718119,0.087718487,0.096239328,0.160239697,0.07252121
vale,i_s,9_19,9,19,0.07252121,0.040008068,0.112529278,0.111761332,0.184282541,0.071753263
vale,s_i,19_9,19,9,0.071753263,0.001001358,0.072754622,0.095567465,0.167320728,0.094566107
vale,i_0,9_90,9,90,0.094566107,-0.04000926,0.054556847,0.088734627,0.183300734,0.128743887
vale,0_n,90_14,90,14,0.128743887,0.001000166,0.129744053,0.095700979,0.224444866,0.094700813
vale,d_e,4_5,4,5,0.088000774,0.215509415,0.303510189,0.319602728,0.407603502,0.104093313
vale,e_c,5_3,5,3,0.104093313,0.152397156,0.256490469,0.216108799,0.320202112,0.063711643
vale,c_i,3_9,3,9,0.063711643,0.064014912,0.127726555,0.127870083,0.191581726,0.063855171
vale,i_s,9_19,9,19,0.063855171,0.048010826,0.111865997,0.112418652,0.176273823,0.064407825
vale,s_i,19_9,19,9,0.064407825,0.000617504,0.06502533,0.119394302,0.183802128,0.118776798
vale,i_0,9_90,9,90,0.118776798,-0.023390532,0.095386267,0.088605642,0.207382441,0.111996174
vale,0_n,90_14,90,14,0.111996174,0.01600337,0.127999544,0.096004009,0.208000183,0.080000639
vale,d_e,4_5,4,5,0.07186079,0.216708183,0.288568974,0.311969995,0.383830786,0.095261812
vale,e_c,5_3,5,3,0.095261812,0.168463707,0.263725519,0.240278959,0.335540771,0.071815252
vale,c_i,3_9,3,9,0.071815252,0.040184736,0.111999989,0.104185581,0.176000834,0.064000845
vale,i_s,9_19,9,19,0.064000845,0.063828707,0.127829552,0.12784338,0.191844225,0.064014673
vale,s_i,19_9,19,9,0.064014673,0.000999451,0.065014124,0.104078531,0.168093204,0.103079081
vale,i_0,9_90,9,90,0.103079081,-0.016011238,0.087067842,0.080128431,0.183207512,0.096139669
vale,0_n,90_14,90,14,0.096139669,0.032007217,0.128146887,0.095949173,0.192088842,0.063941956
vale,d_e,4_5,4,5,0.087257385,0.3529737,0.440231085,0.448740244,0.535997629,0.095766544
vale,e_c,5_3,5,3,0.095766544,0.168003798,0.263770342,0.239467621,0.335234165,0.071463823
vale,c_i,3_9,3,9,0.071463823,0.384645939,0.456109762,0.440532446,0.511996269,0.055886507
vale,i_s,9_19,9,19,0.055886507,0.056003094,0.111889601,0.119989395,0.175875902,0.063986301
vale,s_i,19_9,19,9,0.063986301,0.024006128,0.08799243,0.112010241,0.175996542,0.088004112
vale,i_0,9_90,9,90,0.088004112,-0.015981436,0.072022676,0.088000774,0.176004887,0.10398221
vale,0_n,90_14,90,14,0.10398221,0.032296419,0.136278629,0.104057789,0.208039999,0.07176137
vale,d_e,4_5,4,5,0.088000536,0.191610336,0.279610872,0.280647755,0.368648291,0.089037418
vale,e_c,5_3,5,3,0.089037418,0.167261124,0.256298542,0.231276035,0.320313454,0.064014912
vale,c_i,3_9,3,9,0.064014912,0.056012154,0.120027065,0.120026588,0.1840415,0.064014435
vale,i_s,9_19,9,19,0.064014435,0.06401372,0.128028154,0.136029959,0.200044394,0.072016239
vale,s_i,19_9,19,9,0.072016239,0.002000809,0.074017048,0.112043619,0.184059858,0.11004281
vale,i_0,9_90,9,90,0.11004281,-0.032010078,0.078032732,0.079976559,0.190019369,0.111986637
vale,0_n,90_14,90,14,0.111986637,0.015999317,0.127985954,0.119999886,0.231986523,0.104000568
vale,d_e,4_5,4,5,0.079274654,0.216372967,0.295647621,0.304922104,0.384196758,0.088549137
vale,e_c,5_3,5,3,0.088549137,0.143450975,0.232000113,0.215128899,0.303678036,0.071677923
vale,c_i,3_9,3,9,0.071677923,0.079989195,0.151667118,0.144617319,0.216295242,0.064628124
vale,i_s,9_19,9,19,0.064628124,0.046998262,0.111626387,0.111704826,0.176332951,0.064706564
vale,s_i,19_9,19,9,0.064706564,0.015548229,0.080254793,0.136138439,0.200845003,0.12059021
vale,i_0,9_90,9,90,0.12059021,-0.024005413,0.096584797,0.08780098,0.20839119,0.111806393
vale,0_n,90_14,90,14,0.111806393,0.024060011,0.135866404,0.119816065,0.231622458,0.095756054
vale,d_e,4_5,4,5,0.087996483,0.223631859,0.311628342,0.311685324,0.399681807,0.088053465
vale,e_c,5_3,5,3,0.088053465,0.144032955,0.23208642,0.20804739,0.296100855,0.064014435
vale,c_i,3_9,3,9,0.064014435,0.024005413,0.088019848,0.104025126,0.16803956,0.080019712
vale,i_s,9_19,9,19,0.080019712,0.055793285,0.135812998,0.112242222,0.192261934,0.056448936
vale,s_i,19_9,19,9,0.056448936,-0.008001089,0.048447847,0.095999479,0.152448416,0.104000568
vale,i_0,9_90,9,90,0.104000568,-0.024000168,0.080000401,0.104044914,0.208045483,0.128045082
vale,0_n,90_14,90,14,0.128045082,0.001000881,0.129045963,0.095956564,0.224001646,0.094955683
vale,d_e,4_5,4,5,0.072000504,0.239775181,0.311775684,0.327952147,0.39995265,0.088176966
vale,e_c,5_3,5,3,0.088176966,0.119755507,0.207932472,0.192048073,0.280225039,0.072292566
vale,c_i,3_9,3,9,0.072292566,0.056009531,0.128302097,0.136030197,0.208322763,0.080020666
vale,i_s,9_19,9,19,0.080020666,0.040009022,0.120029688,0.096021652,0.176042318,0.05601263
vale,s_i,19_9,19,9,0.05601263,0.032007217,0.088019848,0.12795639,0.183969021,0.095949173
vale,i_0,9_90,9,90,0.095949173,-0.0160079,0.079941273,0.079601049,0.175550222,0.09560895
vale,0_n,90_14,90,14,0.09560895,0.024389744,0.119998693,0.112391233,0.208000183,0.08800149
vale,d_e,4_5,4,5,0.064013958,0.144307613,0.208321571,0.225081444,0.289095402,0.08077383
vale,e_c,5_3,5,3,0.08077383,0.167227268,0.248001099,0.238759518,0.319533348,0.071532249
vale,c_i,3_9,3,9,0.071532249,0.040467739,0.111999989,0.120467424,0.191999674,0.079999685
vale,i_s,9_19,9,19,0.079999685,0.04000926,0.120008945,0.112113953,0.192113638,0.072104692
vale,s_i,19_9,19,9,0.072104692,0.001000643,0.073105335,0.095933437,0.16803813,0.094932795
vale,i_0,9_90,9,90,0.094932795,-0.024004936,0.070927858,0.079344034,0.174276829,0.10334897
vale,0_n,90_14,90,14,0.10334897,0.016608238,0.119957209,0.088609219,0.191958189,0.07200098
vale,d_e,4_5,4,5,0.079914331,0.191957951,0.271872282,0.280003071,0.359917402,0.08804512
vale,e_c,5_3,5,3,0.08804512,0.119997263,0.208042383,0.184049606,0.272094727,0.064052343
vale,c_i,3_9,3,9,0.064052343,0.047528982,0.111581326,0.120243311,0.184295654,0.072714329
vale,i_s,9_19,9,19,0.072714329,0.039703369,0.112417698,0.111421347,0.184135675,0.071717978
vale,s_i,19_9,19,9,0.071717978,0.000999689,0.072717667,0.096020937,0.167738914,0.095021248
vale,i_0,9_90,9,90,0.095021248,-0.032006264,0.063014984,0.080018759,0.175040007,0.112025023
vale,0_n,90_14,90,14,0.112025023,0.02424264,0.136267662,0.112263203,0.224288225,0.088020563
vale,d_e,4_5,4,5,0.064032316,0.1920681,0.256100416,0.256925344,0.320957661,0.064857244
vale,e_c,5_3,5,3,0.064857244,0.143728495,0.208585739,0.207514524,0.272371769,0.06378603
vale,c_i,3_9,3,9,0.06378603,0.063971996,0.127758026,0.143544436,0.207330465,0.079572439
vale,i_s,9_19,9,19,0.079572439,0.088019848,0.167592287,0.160035372,0.239607811,0.072015524
vale,s_i,19_9,19,9,0.072015524,0.001001358,0.073016882,0.105029345,0.177044868,0.104027987
vale,i_0,9_90,9,90,0.104027987,-0.041009426,0.06301856,0.103029728,0.207057714,0.144039154
vale,0_n,90_14,90,14,0.144039154,0.001001835,0.145040989,0.072166204,0.216205359,0.07116437
vale,d_e,4_5,4,5,0.07999754,0.191999912,0.271997452,0.295999765,0.375997305,0.103999853
vale,e_c,5_3,5,3,0.103999853,0.128044605,0.232044458,0.192076445,0.296076298,0.064031839
vale,c_i,3_9,3,9,0.064031839,0.007998705,0.072030544,0.096025705,0.160057545,0.088027
vale,i_s,9_19,9,19,0.088027,0.088019371,0.176046371,0.144032478,0.232059479,0.056013107
vale,s_i,19_9,19,9,0.056013107,0.024005413,0.08001852,0.136029005,0.192042112,0.112023592
vale,i_0,9_90,9,90,0.112023592,-0.016001701,0.096021891,0.09583354,0.207857132,0.111835241
vale,0_n,90_14,90,14,0.111835241,0.015758276,0.127593517,0.096003294,0.207838535,0.080245018
vale,d_e,4_5,4,5,0.103997469,0.231999874,0.335997343,0.343908548,0.447906017,0.111908674
vale,e_c,5_3,5,3,0.111908674,0.152091503,0.264000177,0.216052294,0.327960968,0.063960791
vale,c_i,3_9,3,9,0.063960791,0.032039881,0.096000671,0.111529112,0.175489902,0.079489231
vale,i_s,9_19,9,19,0.079489231,0.376509428,0.455998659,0.42380476,0.503293991,0.047295332
vale,s_i,19_9,19,9,0.047295332,0.002001047,0.049296379,0.104705811,0.152001143,0.102704763
vale,i_0,9_90,9,90,0.102704763,-0.015748978,0.086955786,0.095789194,0.198493958,0.111538172
vale,0_n,90_14,90,14,0.111538172,0.016209841,0.127748013,0.096210957,0.207749128,0.080001116
vale,d_e,4_5,4,5,0.071509123,0.200359821,0.271868944,0.281377792,0.352886915,0.081017971
vale,e_c,5_3,5,3,0.081017971,0.158819437,0.239837408,0.214584351,0.295602322,0.055764914
vale,c_i,3_9,3,9,0.055764914,0.06403017,0.119795084,0.136235237,0.192000151,0.072205067
vale,i_s,9_19,9,19,0.072205067,0.11999917,0.192204237,0.191789865,0.263994932,0.071790695
vale,s_i,19_9,19,9,0.071790695,0.001000166,0.072790861,0.088209629,0.160000324,0.087209463
vale,i_0,9_90,9,90,0.087209463,-0.024182558,0.063026905,0.104302168,0.191511631,0.128484726
vale,0_n,90_14,90,14,0.128484726,0.000999689,0.129484415,0.095589876,0.224074602,0.094590187
vale,d_e,4_5,4,5,0.096021891,0.175929785,0.271951675,0.248952866,0.344974756,0.073023081
vale,e_c,5_3,5,3,0.073023081,0.135049343,0.208072424,0.191062212,0.264085293,0.056012869
vale,c_i,3_9,3,9,0.056012869,0.016003609,0.072016478,0.096020699,0.152033567,0.08001709
vale,i_s,9_19,9,19,0.08001709,0.048010826,0.128027916,0.104023457,0.184040546,0.05601263
vale,s_i,19_9,19,9,0.05601263,0.001001358,0.057013988,0.09602499,0.152037621,0.095023632
vale,i_0,9_90,9,90,0.095023632,-0.015922546,0.079101086,0.08007741,0.175101042,0.095999956
vale,0_n,90_14,90,14,0.095999956,0.016002893,0.11200285,0.095999956,0.191999912,0.079997063
vale,d_e,4_5,4,5,0.095703125,0.199849844,0.295552969,0.312885761,0.408588886,0.113035917
vale,e_c,5_3,5,3,0.113035917,0.183114529,0.296150446,0.262602091,0.375638008,0.079487562
vale,c_i,3_9,3,9,0.079487562,0.048011303,0.127498865,0.112025023,0.191512585,0.06401372
vale,i_s,9_19,9,19,0.06401372,0.056491137,0.120504856,0.112487555,0.176501274,0.055996418
vale,s_i,19_9,19,9,0.055996418,0.001001358,0.056997776,0.112115383,0.168111801,0.111114025
vale,i_0,9_90,9,90,0.111114025,-0.032006979,0.079107046,0.080017805,0.19113183,0.112024784
vale,0_n,90_14,90,14,0.112024784,0.015162468,0.127187252,0.103523731,0.215548515,0.088361263
vale,d_e,4_5,4,5,0.080142975,0.184000492,0.264143467,0.272531033,0.352674007,0.08853054
vale,e_c,5_3,5,3,0.08853054,0.135469675,0.224000216,0.199468851,0.287999392,0.063999176
vale,c_i,3_9,3,9,0.063999176,0.007721424,0.0717206,0.088000298,0.151999474,0.080278873
vale,i_s,9_19,9,19,0.080278873,0.063753128,0.144032001,0.119765759,0.200044632,0.05601263
vale,s_i,19_9,19,9,0.05601263,0.001999855,0.058012486,0.114025593,0.170038223,0.112025738
vale,i_0,9_90,9,90,0.112025738,-0.026006222,0.086019516,0.086209059,0.198234797,0.112215281
vale,0_n,90_14,90,14,0.112215281,0.031999111,0.144214392,0.111999989,0.224215269,0.080000877
vale,d_e,4_5,4,5,0.095453501,0.336547852,0.432001352,0.408524036,0.503977537,0.071976185
vale,e_c,5_3,5,3,0.071976185,0.160036087,0.232012272,0.231329441,0.303305626,0.071293354
vale,c_i,3_9,3,9,0.071293354,0.032726049,0.104019403,0.112751245,0.1840446,0.080025196
vale,i_s,9_19,9,19,0.080025196,0.127977848,0.208003044,0.18394351,0.263968706,0.055965662
vale,s_i,19_9,19,9,0.055965662,0.023451328,0.07941699,0.12000227,0.175967932,0.096550941
vale,i_0,9_90,9,90,0.096550941,-0.024002075,0.072548866,0.079997778,0.176548719,0.103999853
vale,0_n,90_14,90,14,0.103999853,0.0400002,0.144000053,0.11182189,0.215821743,0.07182169
vale,d_e,4_5,4,5,0.08001852,0.848062754,0.928081274,0.920062065,1.000080585,0.071999311
vale,e_c,5_3,5,3,0.071999311,0.295524359,0.36752367,0.359538794,0.431538105,0.064014435
vale,c_i,3_9,3,9,0.064014435,0.001000404,0.065014839,0.088497639,0.152512074,0.087497234
vale,i_s,9_19,9,19,0.087497234,0.080000877,0.167498112,0.151964188,0.239461422,0.07196331
vale,s_i,19_9,19,9,0.07196331,0.001470804,0.073434114,0.095504045,0.167467356,0.094033241
vale,i_0,9_90,9,90,0.094033241,-0.015503407,0.078529835,0.080664873,0.174698114,0.09616828
vale,0_n,90_14,90,14,0.09616828,0.03966713,0.135835409,0.095831633,0.191999912,0.056164503
vale,d_e,4_5,4,5,0.080741167,0.215259314,0.296000481,0.296278238,0.377019405,0.081018925
vale,e_c,5_3,5,3,0.081018925,0.143541336,0.224560261,0.199092627,0.280111551,0.055551291
vale,c_i,3_9,3,9,0.055551291,0.064247131,0.119798422,0.152629614,0.208180904,0.088382483
vale,i_s,9_19,9,19,0.088382483,0.024004459,0.112386942,0.088018894,0.176401377,0.064014435
vale,s_i,19_9,19,9,0.064014435,0.024005651,0.088020086,0.143696785,0.20771122,0.119691133
vale,i_0,9_90,9,90,0.119691133,-0.023895979,0.095795155,0.088032961,0.207724094,0.11192894
vale,0_n,90_14,90,14,0.11192894,0.039461613,0.151390553,0.119497538,0.231426477,0.080035925
vale,d_e,4_5,4,5,0.072000504,0.232198954,0.304199457,0.297145605,0.369146109,0.064946651
vale,e_c,5_3,5,3,0.064946651,0.142854691,0.207801342,0.198854446,0.263801098,0.055999756
vale,c_i,3_9,3,9,0.055999756,0.071796417,0.127796173,0.13581109,0.191810846,0.064014673
vale,i_s,9_19,9,19,0.064014673,0.032006264,0.096020937,0.088189125,0.152203798,0.056182861
vale,s_i,19_9,19,9,0.056182861,0.048000097,0.104182959,0.159302473,0.215485334,0.111302376
vale,i_0,9_90,9,90,0.111302376,0.002001762,0.113304138,0.09660244,0.207904816,0.094600677
vale,0_n,90_14,90,14,0.094600677,0.032007217,0.126607895,0.120038986,0.214639664,0.088031769
vale,d_e,4_5,4,5,0.103691339,0.184023142,0.287714481,0.247293711,0.35098505,0.063270569
vale,e_c,5_3,5,3,0.063270569,0.152014017,0.215284586,0.216028929,0.279299498,0.064014912
vale,c_i,3_9,3,9,0.064014912,0.065013885,0.129028797,0.136029959,0.20004487,0.071016073
vale,i_s,9_19,9,19,0.071016073,0.032647133,0.103663206,0.096279621,0.167295694,0.063632488
vale,s_i,19_9,19,9,0.063632488,0.03236866,0.096001148,0.128367662,0.192000151,0.095999002
vale,i_0,9_90,9,90,0.095999002,0.000682831,0.096681833,0.096000433,0.191999435,0.095317602
vale,0_n,90_14,90,14,0.095317602,0.039999485,0.135317087,0.119816303,0.215133905,0.079816818
vale,d_e,4_5,4,5,0.096101761,0.167899847,0.264001608,0.239905834,0.336007595,0.072005987
vale,e_c,5_3,5,3,0.072005987,0.127489805,0.199495792,0.183993578,0.255999565,0.056503773
vale,c_i,3_9,3,9,0.056503773,0.023999691,0.080503464,0.111524582,0.168028355,0.087524891
vale,i_s,9_19,9,19,0.087524891,0.04847455,0.135999441,0.104525805,0.192050695,0.056051254
vale,s_i,19_9,19,9,0.056051254,0.023919106,0.07997036,0.119470119,0.175521374,0.095551014
vale,i_0,9_90,9,90,0.095551014,0.001000643,0.096551657,0.096024513,0.191575527,0.09502387
vale,0_n,90_14,90,14,0.09502387,0.001000881,0.096024752,0.096027136,0.191051006,0.095026255
vale,d_e,4_5,4,5,0.072198391,0.335775852,0.407974243,0.424808264,0.497006655,0.089032412
vale,e_c,5_3,5,3,0.089032412,0.166537046,0.255569458,0.223550558,0.31258297,0.057013512
vale,c_i,3_9,3,9,0.057013512,0.055579901,0.112593412,0.111580372,0.168593884,0.056000471
vale,i_s,9_19,9,19,0.056000471,0.048010349,0.10401082,0.104022741,0.160023212,0.056012392
vale,s_i,19_9,19,9,0.056012392,0.001000643,0.057013035,0.136030674,0.192043066,0.135030031
vale,i_0,9_90,9,90,0.135030031,0.001000643,0.136030674,0.079946518,0.214976549,0.078945875
vale,0_n,90_14,90,14,0.078945875,0.055439472,0.134385347,0.13600421,0.214950085,0.080564737
vale,d_e,4_5,4,5,0.072090149,0.159833193,0.231923342,0.232244253,0.304334402,0.07241106
vale,e_c,5_3,5,3,0.07241106,0.135627747,0.208038807,0.1916399,0.264050961,0.056012154
vale,c_i,3_9,3,9,0.056012154,0.055948973,0.111961126,0.127985239,0.183997393,0.072036266
vale,i_s,9_19,9,19,0.072036266,0.032008648,0.104044914,0.104025126,0.176061392,0.072016478
vale,s_i,19_9,19,9,0.072016478,0.001000404,0.073016882,0.111629963,0.183646441,0.110629559
vale,i_0,9_90,9,90,0.110629559,-0.015608072,0.095021486,0.111873865,0.222503424,0.127481937
vale,0_n,90_14,90,14,0.127481937,0.016002178,0.143484116,0.103853226,0.231335163,0.087851048
vale,d_e,4_5,4,5,0.064025164,0.151992559,0.216017723,0.233011723,0.297036886,0.081019163
vale,e_c,5_3,5,3,0.081019163,0.126659632,0.207678795,0.182671547,0.26369071,0.056011915
vale,c_i,3_9,3,9,0.056011915,0.048011065,0.10402298,0.12029314,0.176305056,0.072282076
vale,i_s,9_19,9,19,0.072282076,0.015999079,0.088281155,0.079747677,0.152029753,0.063748598
vale,s_i,19_9,19,9,0.063748598,0.03200841,0.095757008,0.128029823,0.191778421,0.096021414
vale,i_0,9_90,9,90,0.096021414,0.001000404,0.097021818,0.096221685,0.192243099,0.095221281
vale,0_n,90_14,90,14,0.095221281,0.016000271,0.111221552,0.088000536,0.183221817,0.072000265
vale,d_e,4_5,4,5,0.063921213,0.128201485,0.192122698,0.200193644,0.264114857,0.071992159
vale,e_c,5_3,5,3,0.071992159,0.143815994,0.215808153,0.191827774,0.263819933,0.04801178
vale,c_i,3_9,3,9,0.04801178,0.048010826,0.096022606,0.128180265,0.176192045,0.080169439
vale,i_s,9_19,9,19,0.080169439,0.071922064,0.152091503,0.135935783,0.216105223,0.06401372
vale,s_i,19_9,19,9,0.06401372,0.001000404,0.065014124,0.096021652,0.160035372,0.095021248
vale,i_0,9_90,9,90,0.095021248,-0.01600337,0.079017878,0.088042498,0.183063745,0.104045868
vale,0_n,90_14,90,14,0.104045868,0.031896114,0.135941982,0.09536171,0.199407578,0.063465595
vale,d_e,4_5,4,5,0.072003841,0.215690613,0.287694454,0.295690536,0.367694378,0.079999924
vale,e_c,5_3,5,3,0.079999924,0.151978731,0.231978655,0.207999945,0.287999868,0.056021214
vale,c_i,3_9,3,9,0.056021214,0.063394785,0.119415998,0.120000362,0.176021576,0.056605577
vale,i_s,9_19,9,19,0.056605577,0.079438925,0.136044502,0.143455505,0.200061083,0.064016581
vale,s_i,19_9,19,9,0.064016581,0.024005651,0.088022232,0.112026691,0.176043272,0.08802104
vale,i_0,9_90,9,90,0.08802104,-0.015482903,0.072538137,0.09651804,0.18453908,0.112000942
vale,0_n,90_14,90,14,0.112000942,0.031476021,0.143476963,0.088003635,0.200004578,0.056527615
vale,d_e,4_5,4,5,0.079959869,0.128020048,0.207979918,0.208014488,0.287974358,0.07999444
vale,e_c,5_3,5,3,0.07999444,0.271814823,0.351809263,0.352010489,0.432004929,0.080195665
vale,c_i,3_9,3,9,0.080195665,0.040009022,0.120204687,0.112025023,0.192220688,0.072016001
vale,i_s,9_19,9,19,0.072016001,0.039963961,0.111979961,0.104089022,0.176105022,0.064125061
vale,s_i,19_9,19,9,0.064125061,0.001000643,0.065125704,0.080017805,0.144142866,0.079017162
vale,i_0,9_90,9,90,0.079017162,-0.024005651,0.055011511,0.0878582,0.166875362,0.111863852
vale,0_n,90_14,90,14,0.111863852,0.023999929,0.135863781,0.087999821,0.199863672,0.063999891
vale,d_e,4_5,4,5,0.079979897,0.152258635,0.232238531,0.249259949,0.329239845,0.097001314
vale,e_c,5_3,5,3,0.097001314,0.142493486,0.239494801,0.198506117,0.295507431,0.05601263
vale,c_i,3_9,3,9,0.05601263,0.024005413,0.080018044,0.096021891,0.152034521,0.072016478
vale,i_s,9_19,9,19,0.072016478,0.06601429,0.138030767,0.128470898,0.200487375,0.062456608
vale,s_i,19_9,19,9,0.062456608,-0.024436712,0.038019896,0.079598427,0.142055035,0.104035139
vale,i_0,9_90,9,90,0.104035139,-0.023598194,0.080436945,0.063672781,0.16770792,0.087270975
vale,0_n,90_14,90,14,0.087270975,0.04013443,0.127405405,0.10494256,0.192213535,0.06480813
vale,d_e,4_5,4,5,0.063208342,0.144117117,0.207325459,0.22598362,0.289191961,0.081866503
vale,e_c,5_3,5,3,0.081866503,0.143113613,0.224980116,0.207127571,0.288994074,0.064013958
vale,c_i,3_9,3,9,0.064013958,0.023677588,0.087691545,0.08729291,0.151306868,0.063615322
vale,i_s,9_19,9,19,0.063615322,0.072021246,0.135636568,0.120383978,0.1839993,0.048362732
vale,s_i,19_9,19,9,0.048362732,-0.016656399,0.031706333,0.09602809,0.144390821,0.112684488
vale,i_0,9_90,9,90,0.112684488,-0.016003609,0.09668088,0.104023933,0.216708422,0.120027542
vale,0_n,90_14,90,14,0.120027542,0.002000809,0.122028351,0.079948902,0.199976444,0.077948093
vale,d_e,4_5,4,5,0.064000607,0.143824577,0.207825184,0.224640846,0.288641453,0.080816269
vale,e_c,5_3,5,3,0.080816269,0.127029419,0.207845688,0.183359385,0.264175653,0.056329966
vale,c_i,3_9,3,9,0.056329966,0.024000168,0.080330133,0.111968756,0.168298721,0.087968588
vale,i_s,9_19,9,19,0.087968588,0.055516243,0.143484831,0.112031221,0.199999809,0.056514978
vale,s_i,19_9,19,9,0.056514978,0.000499725,0.057014704,0.09553194,0.152046919,0.095032215
vale,i_0,9_90,9,90,0.095032215,-0.02400589,0.071026325,0.096021414,0.191053629,0.120027304
vale,0_n,90_14,90,14,0.120027304,0.024005413,0.144032717,0.1124506,0.232477903,0.088445187
vale,d_e,4_5,4,5,0.072016954,0.16838336,0.240400314,0.265293837,0.337310791,0.096910477
vale,e_c,5_3,5,3,0.096910477,0.286893368,0.383803844,0.343089581,0.440000057,0.056196213
vale,c_i,3_9,3,9,0.056196213,0.016047001,0.072243214,0.096075535,0.152271748,0.080028534
vale,i_s,9_19,9,19,0.080028534,0.056013107,0.136041641,0.112025738,0.192054272,0.05601263
vale,s_i,19_9,19,9,0.05601263,0.001000404,0.057013035,0.087901354,0.143913984,0.086900949
vale,i_0,9_90,9,90,0.086900949,-0.023886919,0.06301403,0.080001593,0.166902542,0.103888512
vale,0_n,90_14,90,14,0.103888512,0.01561594,0.119504452,0.095995903,0.199884415,0.080379963
vale,d_e,4_5,4,5,0.079693317,0.160045385,0.239738703,0.223999739,0.303693056,0.063954353
vale,e_c,5_3,5,3,0.063954353,0.12753129,0.191485643,0.191545725,0.255500078,0.064014435
vale,c_i,3_9,3,9,0.064014435,0.024006128,0.088020563,0.104457378,0.168471813,0.08045125
vale,i_s,9_19,9,19,0.08045125,0.06399703,0.14444828,0.119997263,0.200448513,0.056000233
vale,s_i,19_9,19,9,0.056000233,0.001002073,0.057002306,0.087526321,0.143526554,0.086524248
vale,i_0,9_90,9,90,0.086524248,-0.016003609,0.070520639,0.088020086,0.174544334,0.104023695
vale,0_n,90_14,90,14,0.104023695,0.016002893,0.120026588,0.088458538,0.192482233,0.072455645
vale,d_e,4_5,4,5,0.087830305,0.144032717,0.231863022,0.208144665,0.29597497,0.064111948
vale,e_c,5_3,5,3,0.064111948,0.119558334,0.183670282,0.176026106,0.240138054,0.056467772
vale,c_i,3_9,3,9,0.056467772,0.048000336,0.104468107,0.112172842,0.168640614,0.064172506
vale,i_s,9_19,9,19,0.064172506,0.03984046,0.104012966,0.103859901,0.168032408,0.064019442
vale,s_i,19_9,19,9,0.064019442,0.001001358,0.0650208,0.087351561,0.151371002,0.086350203
vale,i_0,9_90,9,90,0.086350203,-0.032013416,0.054336786,0.08001852,0.166368723,0.112031937
vale,0_n,90_14,90,14,0.112031937,0.016004086,0.128036022,0.104597092,0.216629028,0.088593006
vale,d_e,4_5,4,5,0.079774857,0.175960541,0.255735397,0.248644829,0.328419685,0.072684288
vale,e_c,5_3,5,3,0.072684288,0.151354313,0.224038601,0.215659142,0.28834343,0.064304829
vale,c_i,3_9,3,9,0.064304829,0.047695875,0.112000704,0.119874477,0.184179306,0.072178602
vale,i_s,9_19,9,19,0.072178602,0.055838346,0.128016949,0.103848696,0.176027298,0.048010349
vale,s_i,19_9,19,9,0.048010349,-0.016003609,0.032006741,0.080018044,0.128028393,0.096021652
vale,i_0,9_90,9,90,0.096021652,0.001000404,0.097022057,0.096075296,0.192096949,0.095074892
vale,0_n,90_14,90,14,0.095074892,0.023317099,0.118391991,0.103878736,0.198953629,0.080561638
vale,d_e,4_5,4,5,0.072018385,0.151037931,0.223056316,0.232056856,0.304075241,0.081018925
vale,e_c,5_3,5,3,0.081018925,0.143740177,0.224759102,0.199761391,0.280780315,0.056021214
vale,c_i,3_9,3,9,0.056021214,0.023928642,0.079949856,0.111809015,0.167830229,0.087880373
vale,i_s,9_19,9,19,0.087880373,0.06402421,0.151904583,0.120036364,0.207916737,0.056012154
vale,s_i,19_9,19,9,0.056012154,0.016003847,0.072016001,0.128062487,0.18407464,0.11205864
vale,i_0,9_90,9,90,0.11205864,-0.024025679,0.088032961,0.07936883,0.191427469,0.103394508
vale,0_n,90_14,90,14,0.103394508,0.024630785,0.128025293,0.120224953,0.223619461,0.095594168
vale,d_e,4_5,4,5,0.088026285,0.15166235,0.239688635,0.232893467,0.320919752,0.081231117
vale,e_c,5_3,5,3,0.081231117,0.151039839,0.232270956,0.206474543,0.28770566,0.055434704
vale,c_i,3_9,3,9,0.055434704,0.048552513,0.103987217,0.128534317,0.183969021,0.079981804
vale,i_s,9_19,9,19,0.079981804,0.072027206,0.15200901,0.128255606,0.20823741,0.056228399
vale,s_i,19_9,19,9,0.056228399,0.000999928,0.057228327,0.09579134,0.152019739,0.094791412
vale,i_0,9_90,9,90,0.094791412,-0.031848192,0.06294322,0.088019848,0.18281126,0.11986804
vale,0_n,90_14,90,14,0.11986804,0.024005413,0.143873453,0.104023457,0.223891497,0.080018044
vale,d_e,4_5,4,5,0.088124275,0.167554617,0.255678892,0.239879847,0.328004122,0.07232523
vale,e_c,5_3,5,3,0.07232523,0.12823844,0.200563669,0.192252398,0.264577627,0.064013958
vale,c_i,3_9,3,9,0.064013958,0.040009499,0.104023457,0.112026215,0.176040173,0.072016716
vale,i_s,9_19,9,19,0.072016716,0.047009945,0.119026661,0.120027065,0.192043781,0.07301712
vale,s_i,19_9,19,9,0.07301712,0.000999689,0.074016809,0.079016924,0.152034044,0.078017235
vale,i_0,9_90,9,90,0.078017235,-0.023005247,0.055011988,0.080018044,0.158035278,0.103023291
vale,0_n,90_14,90,14,0.103023291,0.025005817,0.128029108,0.104023457,0.207046747,0.079017639
vale,d_e,4_5,4,5,0.087663651,0.168336868,0.256000519,0.256337166,0.344000816,0.088000298
vale,e_c,5_3,5,3,0.088000298,0.103329659,0.191329956,0.175304413,0.26330471,0.071974754
vale,c_i,3_9,3,9,0.071974754,0.024698973,0.096673727,0.104400396,0.176375151,0.079701424
vale,i_s,9_19,9,19,0.079701424,0.032007694,0.111709118,0.09618926,0.175890684,0.064181566
vale,s_i,19_9,19,9,0.064181566,0.000999689,0.065181255,0.088105202,0.152286768,0.087105513
vale,i_0,9_90,9,90,0.087105513,-0.023999214,0.063106298,0.088011026,0.175116539,0.112010241
vale,0_n,90_14,90,14,0.112010241,0.007324457,0.119334698,0.095291376,0.207301617,0.087966919
vale,d_e,4_5,4,5,0.063717127,0.159991026,0.223708153,0.231983423,0.29570055,0.071992397
vale,e_c,5_3,5,3,0.071992397,0.120000601,0.191992998,0.184002876,0.255995274,0.064002275
vale,c_i,3_9,3,9,0.064002275,0.039996862,0.103999138,0.120301485,0.184303761,0.080304623
vale,i_s,9_19,9,19,0.080304623,0.055012465,0.135317087,0.111704588,0.192009211,0.056692123
vale,s_i,19_9,19,9,0.056692123,-0.024009705,0.032682419,0.088020086,0.14471221,0.112029791
vale,i_0,9_90,9,90,0.112029791,0.001000881,0.113030672,0.096021652,0.208051443,0.095020771
vale,0_n,90_14,90,14,0.095020771,0.032005072,0.127025843,0.103949308,0.198970079,0.071944237
vale,d_e,4_5,4,5,0.072000742,0.304132223,0.376132965,0.39131546,0.463316202,0.087183237
vale,e_c,5_3,5,3,0.087183237,0.394347906,0.481531143,0.47268486,0.559868097,0.078336954
vale,c_i,3_9,3,9,0.078336954,0.001001835,0.079338789,0.088000059,0.166337013,0.086998224
vale,i_s,9_19,9,19,0.086998224,0.031414509,0.118412733,0.103556156,0.19055438,0.072141647
vale,s_i,19_9,19,9,0.072141647,0.001999617,0.074141264,0.095821857,0.167963505,0.093822241
vale,i_0,9_90,9,90,0.093822241,-0.007283449,0.086538792,0.096621513,0.190443754,0.103904963
vale,0_n,90_14,90,14,0.103904963,0.000900269,0.104805231,0.096090317,0.199995279,0.095190048
vale,d_e,4_5,4,5,0.071698189,0.152044058,0.223742247,0.217319727,0.289017916,0.065275669
vale,e_c,5_3,5,3,0.065275669,0.118793964,0.184069633,0.174806595,0.240082264,0.05601263
vale,c_i,3_9,3,9,0.05601263,0.03979373,0.09580636,0.120191813,0.176204443,0.080398083
vale,i_s,9_19,9,19,0.080398083,0.064021111,0.144419193,0.112061977,0.19246006,0.048040867
vale,s_i,19_9,19,9,0.048040867,0.031943083,0.07998395,0.120234013,0.168274879,0.08829093
vale,i_0,9_90,9,90,0.08829093,0.001000166,0.089291096,0.103023529,0.191314459,0.102023363
vale,0_n,90_14,90,14,0.102023363,0.033007383,0.135030746,0.080020905,0.182044268,0.047013521
vale,d_e,4_5,4,5,0.072016239,0.14421916,0.216235399,0.217222452,0.289238691,0.073003292
vale,e_c,5_3,5,3,0.073003292,0.127367735,0.200371027,0.182846069,0.255849361,0.055478334
vale,c_i,3_9,3,9,0.055478334,0.032007217,0.087485552,0.104521751,0.160000086,0.072514534
vale,i_s,9_19,9,19,0.072514534,0.039811134,0.112325668,0.103344202,0.175858736,0.063533068
vale,s_i,19_9,19,9,0.063533068,0.024663687,0.088196754,0.120776653,0.184309721,0.096112967
vale,i_0,9_90,9,90,0.096112967,-0.016003609,0.080109358,0.088019848,0.184132814,0.104023457
vale,0_n,90_14,90,14,0.104023457,0.049011469,0.153034925,0.127864361,0.231887817,0.078852892
vale,d_e,4_5,4,5,0.080864906,0.184023857,0.264888763,0.255042791,0.335907698,0.071018934
vale,e_c,5_3,5,3,0.071018934,0.144664049,0.215682983,0.192458153,0.263477087,0.047794104
vale,c_i,3_9,3,9,0.047794104,0.096205473,0.143999577,0.15220499,0.199999094,0.055999517
vale,i_s,9_19,9,19,0.055999517,0.001001596,0.057001114,0.056001663,0.112001181,0.055000067
vale,s_i,19_9,19,9,0.055000067,0.063999176,0.118999243,0.167999029,0.222999096,0.103999853
vale,i_0,9_90,9,90,0.103999853,0.000766754,0.104766607,0.096080303,0.200080156,0.095313549
vale,0_n,90_14,90,14,0.095313549,0.055428267,0.150741816,0.111920118,0.207233667,0.056491852
vale,d_e,4_5,4,5,0.087557793,0.240107059,0.327664852,0.320109844,0.407667637,0.080002785
vale,e_c,5_3,5,3,0.080002785,0.87999773,0.960000515,0.943997622,1.024000406,0.063999891
vale,c_i,3_9,3,9,0.063999891,0.055999517,0.119999409,0.13541317,0.199413061,0.079413652
vale,i_s,9_19,9,19,0.079413652,1.008586645,1.088000298,1.088587523,1.168001175,0.080000877
vale,s_i,19_9,19,9,0.080000877,0.031999826,0.112000704,0.13598299,0.215983868,0.103983164
vale,i_0,9_90,9,90,0.103983164,-0.024010181,0.079972982,0.10402441,0.208007574,0.128034592
vale,0_n,90_14,90,14,0.128034592,0.080021143,0.208055735,0.176046133,0.304080725,0.09602499
vale,d_e,4_5,4,5,0.063868046,0.34428978,0.408157825,0.425067425,0.488935471,0.080777645
vale,e_c,5_3,5,3,0.080777645,0.495219231,0.575996876,0.550899744,0.631677389,0.055680513
vale,c_i,3_9,3,9,0.055680513,0.048319578,0.104000092,0.120319605,0.176000118,0.072000027
vale,i_s,9_19,9,19,0.072000027,0.103745937,0.175745964,0.175762415,0.247762442,0.072016478
vale,s_i,19_9,19,9,0.072016478,0.000999928,0.073016405,0.096034288,0.168050766,0.095034361
vale,i_0,9_90,9,90,0.095034361,-0.023796558,0.071237803,0.080206633,0.175240993,0.104003191
vale,0_n,90_14,90,14,0.104003191,0.039290667,0.143293858,0.11130476,0.215307951,0.072014093
vale,d_e,4_5,4,5,0.063965559,0.279764891,0.34373045,0.359796286,0.423761845,0.080031395
vale,e_c,5_3,5,3,0.080031395,0.208372355,0.288403749,0.279805899,0.359837294,0.071433544
vale,c_i,3_9,3,9,0.071433544,0.048780203,0.120213747,0.112814665,0.184248209,0.064034462
vale,i_s,9_19,9,19,0.064034462,0.055655956,0.119690418,0.111496687,0.175531149,0.055840731
vale,s_i,19_9,19,9,0.055840731,0.024358034,0.080198765,0.143834591,0.199675322,0.119476557
vale,i_0,9_90,9,90,0.119476557,-0.023351431,0.096125126,0.088523149,0.207999706,0.11187458
vale,0_n,90_14,90,14,0.11187458,0.048019648,0.159894228,0.128089905,0.239964485,0.080070257
vale,d_e,4_5,4,5,0.088518381,0.168216467,0.256734848,0.257001877,0.345520258,0.08878541
vale,e_c,5_3,5,3,0.08878541,0.27050519,0.3592906,0.342521667,0.431307077,0.072016478
vale,c_i,3_9,3,9,0.072016478,0.096477032,0.168493509,0.176054239,0.248070717,0.079577208
vale,i_s,9_19,9,19,0.079577208,0.048011303,0.127588511,0.103807449,0.183384657,0.055796146
vale,s_i,19_9,19,9,0.055796146,0.024618626,0.080414772,0.112035751,0.167831898,0.087417126
vale,i_0,9_90,9,90,0.087417126,0.001000166,0.088417292,0.088022709,0.175439835,0.087022543
vale,0_n,90_14,90,14,0.087022543,0.048024654,0.135047197,0.120557785,0.207580328,0.072533131
vale,d_e,4_5,4,5,0.09600091,0.200315475,0.296316385,0.272000313,0.368001223,0.071684837
vale,e_c,5_3,5,3,0.071684837,0.151825428,0.223510265,0.207807064,0.279491901,0.055981636
vale,c_i,3_9,3,9,0.055981636,0.040008068,0.095989704,0.112024307,0.168005943,0.072016239
vale,i_s,9_19,9,19,0.072016239,0.032007694,0.104023933,0.10399437,0.176010609,0.071986675
vale,s_i,19_9,19,9,0.071986675,0.001000404,0.07298708,0.119477749,0.191464424,0.118477345
vale,i_0,9_90,9,90,0.118477345,-0.02330327,0.095174074,0.080023527,0.198500872,0.103326797
vale,0_n,90_14,90,14,0.103326797,0.04801178,0.151338577,0.136673212,0.24000001,0.088661432
vale,d_e,4_5,4,5,0.080017567,0.199979067,0.279996634,0.26409936,0.344116926,0.064120293
vale,e_c,5_3,5,3,0.064120293,0.119811296,0.183931589,0.183879852,0.248000145,0.064068556
vale,c_i,3_9,3,9,0.064068556,0.063982725,0.128051281,0.128005743,0.192074299,0.064023018
vale,i_s,9_19,9,19,0.064023018,0.00099206,0.065015078,0.04800272,0.112025738,0.04701066
vale,s_i,19_9,19,9,0.04701066,0.05599165,0.10300231,0.151599884,0.198610544,0.095608234
vale,i_0,9_90,9,90,0.095608234,-0.023608685,0.07199955,0.080496311,0.176104546,0.104104996
vale,0_n,90_14,90,14,0.104104996,0.039312601,0.143417597,0.127848148,0.231953144,0.088535547
vale,d_e,4_5,4,5,0.080000401,0.191975355,0.271975756,0.272976875,0.352977276,0.08100152
vale,e_c,5_3,5,3,0.08100152,0.151021242,0.232022762,0.231132746,0.312134266,0.080111504
vale,c_i,3_9,3,9,0.080111504,0.001000166,0.08111167,0.07118392,0.151295424,0.070183754
vale,i_s,9_19,9,19,0.070183754,0.104350567,0.174534321,0.160706758,0.230890512,0.056356192
vale,s_i,19_9,19,9,0.056356192,0.001001835,0.057358027,0.111399651,0.167755842,0.110397816
vale,i_0,9_90,9,90,0.110397816,0.002001762,0.112399578,0.080600739,0.190998554,0.078598976
vale,0_n,90_14,90,14,0.078598976,0.047999144,0.12659812,0.112000704,0.19059968,0.06400156
vale,d_e,4_5,4,5,0.071831465,0.160169601,0.232001066,0.24010849,0.311939955,0.079938889
vale,e_c,5_3,5,3,0.079938889,0.128022671,0.207961559,0.200039625,0.279978514,0.072016954
vale,c_i,3_9,3,9,0.072016954,0.096021414,0.168038368,0.167719126,0.23973608,0.071697712
vale,i_s,9_19,9,19,0.071697712,0.104438543,0.176136255,0.168302536,0.240000248,0.063863993
vale,s_i,19_9,19,9,0.063863993,0.031784058,0.09564805,0.135807276,0.199671268,0.104023218
vale,i_0,9_90,9,90,0.104023218,0.001000404,0.105023623,0.096028805,0.200052023,0.0950284
vale,0_n,90_14,90,14,0.0950284,0.06391573,0.15894413,0.119394064,0.214422464,0.055478334
vale,d_e,4_5,4,5,0.080018282,0.167835236,0.247853518,0.240146875,0.320165157,0.07231164
vale,e_c,5_3,5,3,0.07231164,0.152000189,0.224311829,0.223481417,0.295793056,0.071481228
vale,c_i,3_9,3,9,0.071481228,0.001000881,0.072482109,0.040248394,0.111729622,0.039247513
vale,i_s,9_19,9,19,0.039247513,0.112041473,0.151288986,0.160051823,0.199299335,0.048010349
vale,s_i,19_9,19,9,0.048010349,0.048011065,0.096021414,0.160217762,0.208228111,0.112206697
vale,i_0,9_90,9,90,0.112206697,0.001001596,0.113208294,0.095404625,0.207611322,0.094403028
vale,0_n,90_14,90,14,0.094403028,0.064595699,0.158998728,0.160820007,0.255223036,0.096224308
vale,d_e,4_5,4,5,0.080017805,0.448445797,0.528463602,0.521003723,0.601021528,0.072557926
vale,e_c,5_3,5,3,0.072557926,0.367455959,0.440013885,0.42310214,0.495660067,0.055646181
vale,c_i,3_9,3,9,0.055646181,0.215845823,0.271492004,0.279882431,0.335528612,0.064036608
vale,i_s,9_19,9,19,0.064036608,0.17645669,0.240493298,0.240457535,0.304494143,0.064000845
vale,s_i,19_9,19,9,0.064000845,0.079490662,0.143491507,0.176000118,0.240000963,0.096509457
vale,i_0,9_90,9,90,0.096509457,-0.016475916,0.080033541,0.088000059,0.184509516,0.104475975
vale,0_n,90_14,90,14,0.104475975,0.063998461,0.168474436,0.136000395,0.24047637,0.072001934
vale,d_e,4_5,4,5,0.088433266,0.272192955,0.360626221,0.353211403,0.441644669,0.081018448
vale,e_c,5_3,5,3,0.081018448,0.342158556,0.423177004,0.406193733,0.487212181,0.064035177
vale,c_i,3_9,3,9,0.064035177,0.152595282,0.216630459,0.208242416,0.272277594,0.055647135
vale,i_s,9_19,9,19,0.055647135,0.336352587,0.391999722,0.399803162,0.455450296,0.063450575
vale,s_i,19_9,19,9,0.063450575,0.064013004,0.127463579,0.168475389,0.231925964,0.104462385
vale,i_0,9_90,9,90,0.104462385,-0.024006128,0.080456257,0.080050945,0.18451333,0.104057074
vale,0_n,90_14,90,14,0.104057074,0.088377237,0.192434311,0.151395082,0.255452156,0.063017845
vale,d_e,4_5,4,5,0.080461025,0.215476274,0.2959373,0.288493395,0.36895442,0.07301712
vale,e_c,5_3,5,3,0.07301712,0.255847216,0.328864336,0.311859846,0.384876966,0.05601263
vale,c_i,3_9,3,9,0.05601263,0.048010588,0.104023218,0.119897366,0.175909996,0.071886778
vale,i_s,9_19,9,19,0.071886778,0.088021755,0.159908533,0.15203619,0.223922968,0.064014435
vale,s_i,19_9,19,9,0.064014435,0.001000643,0.065015078,0.079854965,0.1438694,0.078854322
vale,i_0,9_90,9,90,0.078854322,-0.023976088,0.054878235,0.088027,0.166881323,0.112003088
vale,0_n,90_14,90,14,0.112003088,0.079827785,0.191830873,0.143304586,0.255307674,0.063476801
vale,d_e,4_5,4,5,0.071521282,0.280418396,0.351939678,0.344824076,0.416345358,0.06440568
vale,e_c,5_3,5,3,0.06440568,0.166916132,0.231321812,0.230930805,0.295336485,0.064014673
vale,c_i,3_9,3,9,0.064014673,0.056013107,0.120027781,0.096250534,0.160265207,0.040237427
vale,i_s,9_19,9,19,0.040237427,0.080018282,0.120255709,0.14403224,0.184269667,0.064013958
vale,s_i,19_9,19,9,0.064013958,0.002001286,0.066015244,0.088380575,0.152394533,0.08637929
vale,i_0,9_90,9,90,0.08637929,0.001001358,0.087380648,0.096000433,0.182379723,0.094999075
vale,0_n,90_14,90,14,0.094999075,0.039693594,0.134692669,0.111709356,0.206708431,0.072015762
vale,d_e,4_5,4,5,0.087399483,0.248590469,0.335989952,0.328608274,0.416007757,0.080017805
vale,e_c,5_3,5,3,0.080017805,0.607993126,0.688010931,0.679577827,0.759595633,0.071584702
vale,c_i,3_9,3,9,0.071584702,0.031848669,0.103433371,0.087977409,0.159562111,0.05612874
vale,i_s,9_19,9,19,0.05612874,0.040014029,0.096142769,0.104140759,0.160269499,0.06412673
vale,s_i,19_9,19,9,0.06412673,0.000999928,0.065126657,0.111914873,0.176041603,0.110914946
vale,i_0,9_90,9,90,0.110914946,-0.023892164,0.087022781,0.080618143,0.191533089,0.104510307
vale,0_n,90_14,90,14,0.104510307,0.04732585,0.151836157,0.111330032,0.21584034,0.064004183
vale,d_e,4_5,4,5,0.088000774,0.232000113,0.320000887,0.328062534,0.416063309,0.096062422
vale,e_c,5_3,5,3,0.096062422,0.215864182,0.311926603,0.295937538,0.39199996,0.080073357
vale,c_i,3_9,3,9,0.080073357,0.023598909,0.103672266,0.096003056,0.176076412,0.072404146
vale,i_s,9_19,9,19,0.072404146,0.047977686,0.120381832,0.119993925,0.192398071,0.072016239
vale,s_i,19_9,19,9,0.072016239,0.001000404,0.073016644,0.088021755,0.160037994,0.087021351
vale,i_0,9_90,9,90,0.087021351,0.001000404,0.088021755,0.087529659,0.17455101,0.086529255
vale,0_n,90_14,90,14,0.086529255,0.040451288,0.126980543,0.096421957,0.182951212,0.055970669
vale,d_e,4_5,4,5,0.087777376,0.159999847,0.247777224,0.232007027,0.319784403,0.072007179
vale,e_c,5_3,5,3,0.072007179,0.207560539,0.279567719,0.271527767,0.343534946,0.063967228
vale,c_i,3_9,3,9,0.063967228,0.056465626,0.120432854,0.111812353,0.175779581,0.055346727
vale,i_s,9_19,9,19,0.055346727,0.056652546,0.111999273,0.111964226,0.167310953,0.05531168
vale,s_i,19_9,19,9,0.05531168,0.001000404,0.056312084,0.088701725,0.144013405,0.087701321
vale,i_0,9_90,9,90,0.087701321,-0.016009331,0.07169199,0.071990252,0.159691572,0.087999582
vale,0_n,90_14,90,14,0.087999582,0.039996386,0.127995968,0.111875057,0.19987464,0.071878672
vale,d_e,4_5,4,5,0.071630001,0.152051687,0.223681688,0.233073473,0.304703474,0.081021786
vale,e_c,5_3,5,3,0.081021786,0.127443552,0.208465338,0.183534861,0.264556646,0.056091309
vale,c_i,3_9,3,9,0.056091309,0.75938344,0.815474749,0.815413475,0.871504784,0.056030035
vale,i_s,9_19,9,19,0.056030035,0.064014435,0.12004447,0.13649559,0.192525625,0.072481155
vale,s_i,19_9,19,9,0.072481155,0.00100112,0.073482275,0.087757587,0.160238743,0.086756468
vale,i_0,9_90,9,90,0.086756468,-0.023757458,0.06299901,0.080228329,0.166984797,0.103985786
vale,0_n,90_14,90,14,0.103985786,0.039974213,0.143959999,0.104017973,0.208003759,0.06404376
vale,d_e,4_5,4,5,0.088030815,0.167996645,0.25602746,0.247996569,0.336027384,0.079999924
vale,e_c,5_3,5,3,0.079999924,0.159828424,0.239828348,0.223381996,0.30338192,0.063553572
vale,c_i,3_9,3,9,0.063553572,0.072727919,0.13628149,0.160530806,0.224084377,0.087802887
vale,i_s,9_19,9,19,0.087802887,0.048010826,0.135813713,0.121027231,0.208830118,0.073016405
vale,s_i,19_9,19,9,0.073016405,0.002001047,0.075017452,0.086802721,0.159819126,0.084801674
vale,i_0,9_90,9,90,0.084801674,-0.015780687,0.069020987,0.080257416,0.16505909,0.096038103
vale,0_n,90_14,90,14,0.096038103,0.039827347,0.13586545,0.112036705,0.208074808,0.072209358
vale,d_e,4_5,4,5,0.072000504,0.560116529,0.632117033,0.648977995,0.720978498,0.088861465
vale,e_c,5_3,5,3,0.088861465,0.254856348,0.343717813,0.327022314,0.41588378,0.072165966
vale,c_i,3_9,3,9,0.072165966,0.16800046,0.240166426,0.239538908,0.311704874,0.071538448
vale,i_s,9_19,9,19,0.071538448,0.064190388,0.135728836,0.136206388,0.207744837,0.072016001
vale,s_i,19_9,19,9,0.072016001,0.001000643,0.073016644,0.080039501,0.152055502,0.079038858
vale,i_0,9_90,9,90,0.079038858,-0.016010284,0.063028574,0.080215454,0.159254313,0.096225739
vale,0_n,90_14,90,14,0.096225739,0.071999311,0.16822505,0.160000086,0.256225824,0.088000774
vale,d_e,4_5,4,5,0.088000774,0.288000107,0.376000881,0.367971897,0.455972672,0.07997179
vale,e_c,5_3,5,3,0.07997179,0.631986141,0.711957932,0.695644379,0.775616169,0.063658237
vale,c_i,3_9,3,9,0.063658237,0.02438879,0.088047028,0.087802172,0.151460409,0.063413382
vale,i_s,9_19,9,19,0.063413382,0.048202991,0.111616373,0.112232447,0.175645828,0.064029455
vale,s_i,19_9,19,9,0.064029455,0.001000643,0.065030098,0.088019609,0.152049065,0.087018967
vale,i_0,9_90,9,90,0.087018967,-0.016003609,0.071015358,0.080330133,0.1673491,0.096333742
vale,0_n,90_14,90,14,0.096333742,0.02400279,0.120336533,0.088001251,0.184334993,0.063998461
vale,d_e,4_5,4,5,0.063352585,0.136647463,0.200000048,0.208237886,0.271590471,0.071590424
vale,e_c,5_3,5,3,0.071590424,0.128410339,0.200000763,0.192413568,0.264003992,0.064003229
vale,c_i,3_9,3,9,0.064003229,0.023997068,0.088000298,0.088308334,0.152311563,0.064311266
vale,i_s,9_19,9,19,0.064311266,0.079018831,0.143330097,0.119027138,0.183338404,0.040008307
vale,s_i,19_9,19,9,0.040008307,0.024005651,0.064013958,0.136030674,0.17603898,0.112025023
vale,i_0,9_90,9,90,0.112025023,-0.024004936,0.088020086,0.072016478,0.1840415,0.096021414
vale,0_n,90_14,90,14,0.096021414,0.049010754,0.145032167,0.120053768,0.216075182,0.071043015
vale,d_e,4_5,4,5,0.072655678,0.184000015,0.256655693,0.256008387,0.328664064,0.072008371
vale,e_c,5_3,5,3,0.072008371,0.12799263,0.200001001,0.183934212,0.255942583,0.055941582
vale,c_i,3_9,3,9,0.055941582,0.032057762,0.087999344,0.087906837,0.143848419,0.055849075
vale,i_s,9_19,9,19,0.055849075,0.079442739,0.135291815,0.135715485,0.19156456,0.056272745
vale,s_i,19_9,19,9,0.056272745,0.00100112,0.057273865,0.088042974,0.14431572,0.087041855
vale,i_0,9_90,9,90,0.087041855,-0.032007217,0.055034637,0.064014435,0.15105629,0.096021652
vale,0_n,90_14,90,14,0.096021652,0.064014912,0.160036564,0.128029346,0.224050999,0.064014435
vale,d_e,4_5,4,5,0.096163988,0.320313692,0.41647768,0.39303875,0.489202738,0.072725058
vale,e_c,5_3,5,3,0.072725058,0.206654549,0.279379606,0.254960537,0.327685595,0.048305988
vale,c_i,3_9,3,9,0.048305988,0.03200078,0.080306768,0.111978292,0.160284281,0.079977512
vale,i_s,9_19,9,19,0.079977512,0.08802104,0.167998552,0.143819332,0.223796844,0.055798292
vale,s_i,19_9,19,9,0.055798292,0.05620265,0.112000942,0.160067081,0.215865374,0.103864431
vale,i_0,9_90,9,90,0.103864431,-0.040021896,0.063842535,0.079633951,0.183498383,0.119655848
vale,0_n,90_14,90,14,0.119655848,0.104674816,0.224330664,0.184501886,0.304157734,0.07982707
vale,d_e,4_5,4,5,0.080465555,0.20808506,0.288550615,0.295863152,0.376328707,0.087778091
vale,e_c,5_3,5,3,0.087778091,0.239660025,0.327438116,0.33567071,0.423448801,0.096010685
vale,c_i,3_9,3,9,0.096010685,0.608551502,0.704562187,0.688474655,0.78448534,0.079923153
vale,i_s,9_19,9,19,0.079923153,0.200053215,0.279976368,0.280070543,0.359993696,0.080017328
vale,s_i,19_9,19,9,0.080017328,0.072015762,0.152033091,0.176130295,0.256147623,0.104114532
vale,i_0,9_90,9,90,0.104114532,-0.040100098,0.064014435,0.079713821,0.183828354,0.119813919
vale,0_n,90_14,90,14,0.119813919,0.095743418,0.215557337,0.143754244,0.263568163,0.048010826
vale,d_e,4_5,4,5,0.0724473,0.256311417,0.328758717,0.329001665,0.401448965,0.072690248
vale,e_c,5_3,5,3,0.072690248,0.230998516,0.303688765,0.294998407,0.367688656,0.063999891
vale,c_i,3_9,3,9,0.063999891,0.224000454,0.288000345,0.28000021,0.344000101,0.055999756
vale,i_s,9_19,9,19,0.055999756,0.095885754,0.151885509,0.176000118,0.231999874,0.080114365
vale,s_i,19_9,19,9,0.080114365,0.040066481,0.120180845,0.143614292,0.223728657,0.103547812
vale,i_0,9_90,9,90,0.103547812,-0.024006128,0.079541683,0.072389603,0.175937414,0.096395731
vale,0_n,90_14,90,14,0.096395731,0.071648598,0.168044329,0.135663033,0.232058764,0.064014435
vale,d_e,4_5,4,5,0.080000877,0.415999889,0.496000767,0.519999743,0.60000062,0.103999853
vale,e_c,5_3,5,3,0.103999853,0.28798461,0.391984463,0.34400034,0.448000193,0.05601573
vale,c_i,3_9,3,9,0.05601573,0.287675858,0.343691587,0.343688726,0.399704456,0.056012869
vale,i_s,9_19,9,19,0.056012869,0.072310686,0.128323555,0.128311634,0.184324503,0.056000948
vale,s_i,19_9,19,9,0.056000948,0.032002687,0.088003635,0.1354177,0.191418648,0.103415012
vale,i_0,9_90,9,90,0.103415012,-0.031440973,0.071974039,0.064028263,0.167443275,0.095469236
vale,0_n,90_14,90,14,0.095469236,0.064552784,0.16002202,0.12033391,0.215803146,0.055781126
vale,d_e,4_5,4,5,0.080017567,0.264505386,0.344522953,0.344114542,0.424132109,0.079609156
vale,e_c,5_3,5,3,0.079609156,0.231902122,0.311511278,0.295916319,0.375525475,0.064014196
vale,c_i,3_9,3,9,0.064014196,0.175828218,0.239842415,0.231840372,0.295854568,0.056012154
vale,i_s,9_19,9,19,0.056012154,0.056633234,0.112645388,0.120306015,0.176318169,0.063672781
vale,s_i,19_9,19,9,0.063672781,0.016328573,0.080001354,0.112277269,0.17595005,0.095948696
vale,i_0,9_90,9,90,0.095948696,-0.023948908,0.071999788,0.079996109,0.175944805,0.103945017
vale,0_n,90_14,90,14,0.103945017,0.048010588,0.151955605,0.112025023,0.215970039,0.064014435
vale,d_e,4_5,4,5,0.064012289,0.192025661,0.256037951,0.265186071,0.32919836,0.07316041
vale,e_c,5_3,5,3,0.07316041,0.142677307,0.215837717,0.206798315,0.279958725,0.064121008
vale,c_i,3_9,3,9,0.064121008,0.039684057,0.103805065,0.095999956,0.160120964,0.056315899
vale,i_s,9_19,9,19,0.056315899,0.071513891,0.12782979,0.119524717,0.175840616,0.048010826
vale,s_i,19_9,19,9,0.048010826,0.001000881,0.049011707,0.120026827,0.168037653,0.119025946
vale,i_0,9_90,9,90,0.119025946,-0.024005175,0.095020771,0.07244873,0.191474676,0.096453905
vale,0_n,90_14,90,14,0.096453905,0.047999859,0.144453764,0.119968891,0.216422796,0.071969032
vale,d_e,4_5,4,5,0.07200408,0.16800046,0.240004539,0.247864485,0.319868565,0.079864025
vale,e_c,5_3,5,3,0.079864025,0.128032923,0.207896948,0.184132338,0.263996363,0.056099415
vale,c_i,3_9,3,9,0.056099415,0.032001019,0.088100433,0.104295969,0.160395384,0.07229495
vale,i_s,9_19,9,19,0.07229495,0.063013792,0.135308743,0.111025572,0.183320522,0.04801178
vale,s_i,19_9,19,9,0.04801178,0.002000332,0.050012112,0.112044573,0.160056353,0.110044241
vale,i_0,9_90,9,90,0.110044241,-0.023005247,0.087038994,0.072016001,0.182060242,0.095021248
vale,0_n,90_14,90,14,0.095021248,0.04000926,0.135030508,0.105023861,0.200045109,0.065014601
vale,d_e,4_5,4,5,0.064014435,0.704185486,0.768199921,0.792122841,0.856137276,0.087937355
vale,e_c,5_3,5,3,0.087937355,0.135882854,0.22382021,0.183893919,0.271831274,0.048011065
vale,c_i,3_9,3,9,0.048011065,0.024004936,0.072016001,0.080023289,0.128034353,0.056018353
vale,i_s,9_19,9,19,0.056018353,0.040003061,0.096021414,0.104142666,0.160161018,0.064139605
vale,s_i,19_9,19,9,0.064139605,0.001002312,0.065141916,0.095999718,0.160139322,0.094997406
vale,i_0,9_90,9,90,0.094997406,-0.024314404,0.070683002,0.072000504,0.16699791,0.096314907
vale,0_n,90_14,90,14,0.096314907,0.039999485,0.136314392,0.111999989,0.208314896,0.072000504
vale,d_e,4_5,4,5,0.087707281,0.136022806,0.223730087,0.208038568,0.29574585,0.072015762
vale,e_c,5_3,5,3,0.072015762,0.512310982,0.584326744,0.568274498,0.64029026,0.055963516
vale,c_i,3_9,3,9,0.055963516,0.040032864,0.09599638,0.104032516,0.159996033,0.063999653
vale,i_s,9_19,9,19,0.063999653,0.03199935,0.095999002,0.095592976,0.159592628,0.063593626
vale,s_i,19_9,19,9,0.063593626,0.001999855,0.065593481,0.104525805,0.168119431,0.102525949
vale,i_0,9_90,9,90,0.102525949,0.001000404,0.103526354,0.064013958,0.166539907,0.063013554
vale,0_n,90_14,90,14,0.063013554,0.039791584,0.102805138,0.119288445,0.182301998,0.079496861
vale,d_e,4_5,4,5,0.080365419,0.192262173,0.272627592,0.280942917,0.361308336,0.088680744
vale,e_c,5_3,5,3,0.088680744,0.230633736,0.31931448,0.302649975,0.391330719,0.072016239
vale,c_i,3_9,3,9,0.072016239,0.152552366,0.224568605,0.216566801,0.28858304,0.064014435
vale,i_s,9_19,9,19,0.064014435,0.055840254,0.119854689,0.11918807,0.183202505,0.063347816
vale,s_i,19_9,19,9,0.063347816,0.001000166,0.064347982,0.104651928,0.167999744,0.103651762
vale,i_0,9_90,9,90,0.103651762,-0.016447783,0.087203979,0.08760047,0.191252232,0.104048252
vale,0_n,90_14,90,14,0.104048252,0.040400028,0.14444828,0.120404005,0.224452257,0.080003977
vale,d_e,4_5,4,5,0.071512461,0.192310572,0.263823032,0.273328304,0.344840765,0.081017733
vale,e_c,5_3,5,3,0.081017733,0.159325123,0.240342855,0.238465786,0.319483519,0.079140663
vale,c_i,3_9,3,9,0.079140663,0.136030674,0.215171337,0.220049381,0.299190044,0.084018707
vale,i_s,9_19,9,19,0.084018707,0.044010639,0.128029346,0.11602664,0.200045347,0.072016001
vale,s_i,19_9,19,9,0.072016001,0.00200057,0.074016571,0.096021652,0.168037653,0.094021082
vale,i_0,9_90,9,90,0.094021082,-0.024005175,0.070015907,0.080017805,0.174038887,0.10402298
vale,0_n,90_14,90,14,0.10402298,0.056012869,0.160035849,0.136034966,0.240057945,0.080022097
vale,d_e,4_5,4,5,0.080228567,0.152001143,0.23222971,0.240000248,0.320228815,0.087999105
vale,e_c,5_3,5,3,0.087999105,0.135999918,0.223999023,0.207999945,0.29599905,0.072000027
vale,c_i,3_9,3,9,0.072000027,0.031999826,0.103999853,0.111610174,0.183610201,0.079610348
vale,i_s,9_19,9,19,0.079610348,0.056393623,0.136003971,0.12005949,0.199669838,0.063665867
vale,s_i,19_9,19,9,0.063665867,0.001000643,0.06466651,0.130029678,0.193695545,0.129029036
vale,i_0,9_90,9,90,0.129029036,-0.02600646,0.103022575,0.094027758,0.223056793,0.120034218
vale,0_n,90_14,90,14,0.120034218,0.056272507,0.176306725,0.144279718,0.264313936,0.088007212
vale,d_e,4_5,4,5,0.087927103,0.264114141,0.352041245,0.368000269,0.455927372,0.103886127
vale,e_c,5_3,5,3,0.103886127,0.183744907,0.287631035,0.247758865,0.351644993,0.064013958
vale,c_i,3_9,3,9,0.064013958,0.024005651,0.088019609,0.096022367,0.160036325,0.072016716
vale,i_s,9_19,9,19,0.072016716,0.056218147,0.128234863,0.120219231,0.192235947,0.064001083
vale,s_i,19_9,19,9,0.064001083,0.000801325,0.064802408,0.103999853,0.168000937,0.103198528
vale,i_0,9_90,9,90,0.103198528,-0.016000032,0.087198496,0.09534359,0.198542118,0.111343622
vale,0_n,90_14,90,14,0.111343622,0.048659086,0.160002708,0.128186941,0.239530563,0.079527855
vale,d_e,4_5,4,5,0.079953671,0.176039457,0.255993128,0.272060633,0.352014303,0.096021175
vale,e_c,5_3,5,3,0.096021175,0.144034147,0.240055323,0.208098173,0.304119349,0.064064026
vale,c_i,3_9,3,9,0.064064026,0.032008648,0.096072674,0.103888512,0.167952538,0.071879864
vale,i_s,9_19,9,19,0.071879864,0.151339054,0.223218918,0.217354298,0.289234161,0.066015244
vale,s_i,19_9,19,9,0.066015244,0.038618326,0.10463357,0.158518791,0.224534035,0.119900465
vale,i_0,9_90,9,90,0.119900465,0.001001596,0.120902061,0.096127272,0.216027737,0.095125675
vale,0_n,90_14,90,14,0.095125675,0.079999208,0.175124884,0.152112961,0.247238636,0.072113752
vale,d_e,4_5,4,5,0.096000433,0.272000313,0.368000746,0.359978914,0.455979347,0.087978601
vale,e_c,5_3,5,3,0.087978601,0.432021618,0.520000219,0.503751278,0.591729879,0.07172966
vale,c_i,3_9,3,9,0.07172966,0.056400537,0.128130198,0.120446205,0.192175865,0.064045668
vale,i_s,9_19,9,19,0.064045668,0.75160861,0.815654278,0.807824373,0.871870041,0.056215763
vale,s_i,19_9,19,9,0.056215763,0.024000406,0.080216169,0.119999647,0.17621541,0.095999241
vale,i_0,9_90,9,90,0.095999241,-0.016199827,0.079799414,0.088000298,0.183999538,0.104200125
vale,0_n,90_14,90,14,0.104200125,0.103901625,0.208101749,0.144000292,0.248200417,0.040098667
vale,d_e,4_5,4,5,0.07978034,0.24034977,0.32013011,0.321351767,0.401132107,0.081001997
vale,e_c,5_3,5,3,0.081001997,0.198755503,0.2797575,0.27099824,0.352000237,0.072242737
vale,c_i,3_9,3,9,0.072242737,0.088028193,0.160270929,0.151918173,0.22416091,0.06388998
vale,i_s,9_19,9,19,0.06388998,0.143467665,0.207357645,0.208081961,0.271971941,0.064614296
vale,s_i,19_9,19,9,0.064614296,0.015877962,0.080492258,0.127999306,0.192613602,0.112121344
vale,i_0,9_90,9,90,0.112121344,-0.039995193,0.07212615,0.080022335,0.192143679,0.120017529
vale,0_n,90_14,90,14,0.120017529,0.271414995,0.391432524,0.359978676,0.479996204,0.088563681
