Subject,Class,Sequence,T2-D|0,T2-I|0+1,T2-PF|0+1,T2-RF|0+1,T2-D|1,T2-I|1+2,T2-PF|1+2,T2-RF|1+2,T2-D|2,T2-I|2+3,T2-PF|2+3,T2-RF|2+3,T2-D|3,T2-I|3+4,T2-PF|3+4,T2-RF|3+4,T2-D|4,T2-I|4+5,T2-PF|4+5,T2-RF|4+5,T2-D|5,T2-I|5+6,T2-PF|5+6,T2-RF|5+6,T2-D|6,T2-I|6+7,T2-PF|6+7,T2-RF|6+7,T2-D|7,T2-I|7+8,T2-PF|7+8,T2-RF|7+8,T2-D|8,T2-I|8+9,T2-PF|8+9,T2-RF|8+9,T2-D|9
3,3,bad cnidas,0.118037462,0.380787373,0.107036114,0.26274991,0.273751259,0.32023716,0.110000134,0.046485901,0.210237026,0.284818649,0.137997866,0.074581623,0.146820784,1.320132732,1.16524291,1.173311949,0.154889822,0.326802492,0.181512117,0.17191267,0.145290375,0.222211361,0.109267712,0.076920986,0.112943649,0.931949139,0.767955303,0.819005489,0.163993835,0.273999929,0.108304501,0.110006094,0.165695429,0.347693205,0.199696541,0.181997776,0.147996664
3,3,zho widows,0.128434658,0.270338535,0.124281645,0.141903877,0.14605689,0.235055923,0.074055672,0.088999033,0.161000252,0.294000864,0.208001375,0.133000612,0.085999489,0.814388037,0.663107872,0.728388548,0.151280165,0.302505255,0.140280247,0.15122509,0.162225008,0.337224722,0.208220959,0.174999714,0.129003763,0.287709713,0.151499987,0.15870595,0.136209726,0.968450069,0.818464041,0.832240343,0.149986029,0.200985909,0.065988064,0.05099988,0.134997845
3,3,gem unrobe,0.127069473,0.269186735,0.144986629,0.142117262,0.124200106,0.765001535,0.699990273,0.64080143,0.065011263,0.29416728,0.141997576,0.229156017,0.152169704,0.398001194,0.284001589,0.24583149,0.113999605,0.197999239,0.067012072,0.083999634,0.130987167,0.357606649,0.233342409,0.226619482,0.12426424,0.187644958,0.100227594,0.063380718,0.087417364,0.309316158,0.210058928,0.221898794,0.099257231,0.259829283,0.144369125,0.160572052,0.115460157
3,3,cee satiny,0.114987612,0.283989191,0.237594128,0.169001579,0.046395063,0.307597637,0.118266821,0.261202574,0.189330816,0.267612934,0.135116577,0.078282118,0.132496357,0.423560858,0.311122179,0.291064501,0.112438679,0.844989777,0.621479988,0.732551098,0.223509789,0.255814314,0.117368937,0.032304525,0.138445377,0.533051014,0.467545748,0.394605637,0.065505266,0.695504427,0.589504242,0.629999161,0.106000185,0.324610233,0.196685553,0.218610048,0.127924681
3,3,nix linear,0.131245136,0.196542025,0.070968866,0.065296888,0.125573158,0.331182003,0.210064173,0.205608845,0.12111783,0.300131798,0.179119587,0.179013968,0.121012211,0.483999491,0.416782856,0.36298728,0.067216635,0.319214821,0.183024168,0.251998186,0.136190653,0.325371742,0.161248922,0.189181089,0.16412282,0.312936306,0.144943476,0.148813486,0.16799283,0.776873589,0.549999714,0.608880758,0.226873875,0.259036064,0.116999388,0.032162189,0.142036676
3,3,cis paving,0.142800093,0.266869307,0.131451607,0.124069214,0.1354177,0.327419519,0.200973511,0.19200182,0.126446009,0.248445511,0.145763636,0.121999502,0.102681875,0.583839655,0.449669838,0.48115778,0.134169817,0.269193888,0.133168459,0.135024071,0.136025429,0.310164213,0.192831755,0.174138784,0.117332458,0.308160067,0.132356882,0.190827608,0.175803185,0.248654604,0.138348579,0.072851419,0.110306025,0.180354118,0.062303782,0.070048094,0.118050337
3,3,rum stance,0.107710361,0.285014153,0.196001291,0.177303791,0.089012861,0.478075981,0.388089657,0.38906312,0.089986324,0.474448919,0.185056448,0.384462595,0.289392471,0.29339242,0.190851688,0.003999949,0.102540731,0.197845697,0.068421364,0.095304966,0.129424334,0.35958004,0.149579763,0.230155706,0.210000277,0.162531853,0.067998409,-0.047468424,0.094533443,0.318002939,0.132886171,0.223469496,0.185116768,0.239098787,0.097114086,0.053982019,0.141984701
3,3,gut gimped,0.075440645,0.186474085,0.087444782,0.11103344,0.099029303,0.299612999,0.149929047,0.200583696,0.149683952,0.263035536,0.132000208,0.113351583,0.131035328,0.258987188,0.140985727,0.12795186,0.118001461,0.173013687,0.079012156,0.055012226,0.094001532,0.21498704,0.116214991,0.120985508,0.098772049,0.281079054,0.207787275,0.182307005,0.073291779,0.37340045,0.124902248,0.300108671,0.248498201,0.313585043,0.157284737,0.065086842,0.156300306
3,3,spa duopod,0.271161795,0.206017494,0.075690746,-0.0651443,0.130326748,0.261423349,0.103234053,0.131096601,0.158189297,2.003262281,1.800265312,1.845072985,0.202996969,0.350823879,0.207997084,0.14782691,0.142826796,0.339824438,0.189825058,0.196997643,0.14999938,0.24200058,0.087999344,0.0920012,0.154001236,1.310237885,1.174559355,1.156236649,0.13567853,0.198186398,0.065492868,0.062507868,0.132693529,0.263519287,0.117584705,0.130825758,0.145934582
3,3,qat cheese,0.226988077,0.408988237,0.293138981,0.18200016,0.115849257,1.081860304,0.862571716,0.966011047,0.219288588,0.314171553,0.150380611,0.094882965,0.163790941,0.569907665,0.390898705,0.406116724,0.179008961,0.20031023,0.113011122,0.02130127,0.087299109,0.228000641,0.153966427,0.140701532,0.074034214,0.62492013,0.150349379,0.550885916,0.474570751,0.340199232,0.138899326,-0.134371519,0.201299906,0.734784365,0.602415323,0.533484459,0.132369041
3,3,vav recool,0.130906343,0.318758488,0.138949633,0.187852144,0.179808855,0.270657539,0.109611273,0.090848684,0.161046267,0.293045521,0.171562433,0.131999254,0.121483088,0.531110048,0.40914607,0.409626961,0.121963978,0.19134903,0.099348783,0.069385052,0.092000246,0.314987898,0.208990335,0.222987652,0.105997562,0.142000198,0.101999283,0.036002636,0.040000916,0.197011948,0.131999016,0.157011032,0.065012932,0.229932785,0.138495684,0.164919853,0.091437101
3,3,lay feline,0.108563423,0.5679214,0.101553202,0.459357977,0.466368198,0.25599885,0.163997889,-0.210369349,0.092000961,0.362401962,0.215865612,0.270401001,0.14653635,0.86687851,0.723809719,0.720342159,0.14306879,0.241990089,0.091432095,0.098921299,0.150557995,0.139533043,0.088255882,-0.011024952,0.051277161,0.330098629,0.18263793,0.278821468,0.147460699,0.208560944,0.076283455,0.061100245,0.132277489,0.245716333,0.12590313,0.113438845,0.119813204
3,3,ice pining,0.084181309,0.3042202,0.095012903,0.220038891,0.209207296,0.320986748,0.090348482,0.111779451,0.230638266,0.257618427,0.119857073,0.026980162,0.137761354,0.36378479,0.250785112,0.226023436,0.112999678,0.233172894,0.169000149,0.120173216,0.064172745,0.294870853,0.210995436,0.230698109,0.083875418,0.24200511,0.095013142,0.158129692,0.146991968,0.212987185,0.113887548,0.065995216,0.099099636,0.237787247,0.142273903,0.138687611,0.095513344
3,3,asp ruboff,0.168038845,0.328039885,0.115323305,0.16000104,0.212716579,0.263729811,0.185887814,0.051013231,0.077841997,0.402931452,0.294681787,0.325089455,0.108249664,0.674947262,0.58423543,0.566697598,0.090711832,0.231081486,0.150862217,0.140369654,0.080219269,0.299219131,0.21821928,0.218999863,0.080999851,0.332792997,0.266116381,0.251793146,0.066676617,0.227294683,0.139249563,0.160618067,0.08804512,0.287046194,0.172044754,0.199001074,0.11500144
3,3,amp staved,0.158002615,0.255695343,0.09699893,0.097692728,0.158696413,0.24971056,0.08891654,0.091014147,0.16079402,0.296793699,0.21963191,0.13599968,0.077161789,0.438039303,0.303159714,0.360877514,0.134879589,0.271225691,0.16447258,0.136346102,0.106753111,0.346566916,0.1575284,0.239813805,0.189038515,0.30003953,0.168039799,0.111001015,0.131999731,0.361958742,0.211999178,0.229959011,0.149959564,0.233543634,0.090946913,0.08358407,0.142596722
3,3,fed fourth,0.094147444,0.219216108,0.072147131,0.125068665,0.147068977,0.377457857,0.223120213,0.23038888,0.154337645,0.212024689,0.102879524,0.057687044,0.109145164,0.990391731,0.877724886,0.881246567,0.112666845,0.394104004,0.189286709,0.281437159,0.204817295,0.234990358,0.06698823,0.030173063,0.168002129,0.245011568,0.154001713,0.077009439,0.091009855,0.276357889,0.167997837,0.185348034,0.108360052,0.11935997,0.042505503,0.010999918,0.076854467
3,3,mix metros,0.109088182,0.170089483,0.065088272,0.061001301,0.105001211,0.420785427,0.288786173,0.315784216,0.131999254,0.23101306,0.074000359,0.099013805,0.157012701,0.646796227,0.53999877,0.489783525,0.106797457,0.234137297,0.157457113,0.12733984,0.076680183,0.125680208,0.037682056,0.049000025,0.087998152,0.269871712,0.199000597,0.18187356,0.070871115,0.19816947,0.093036652,0.127298355,0.105132818,0.267116308,0.138822794,0.16198349,0.128293514
3,3,get ratios,0.091932058,0.299781322,0.208976507,0.207849264,0.090804815,0.193108082,0.050346851,0.102303267,0.14276123,0.271759033,0.131867886,0.128997803,0.139891148,0.270892143,0.13589263,0.131000996,0.134999514,0.317996979,0.138999462,0.182997465,0.178997517,0.230999231,0.101000786,0.052001715,0.129998446,0.282931805,0.125997066,0.152933359,0.156934738,0.192850828,0.087861061,0.03591609,0.104989767,0.222695589,0.108987808,0.117705822,0.113707781
3,3,met divide,0.072577,0.341011763,0.135886908,0.268434763,0.205124855,0.303609371,0.119425535,0.098484516,0.184183836,0.223699093,0.114115953,0.039515257,0.109583139,1.150588036,1.04495883,1.041004896,0.105629206,0.198611975,0.111917973,0.092982769,0.086694002,0.192368984,0.111055136,0.105674982,0.081313848,0.166400433,0.096472979,0.085086584,0.069927454,0.372806549,0.18992734,0.302879095,0.18287921,0.31129384,0.149251699,0.128414631,0.162042141
3,3,yea rested,0.113999605,0.307333469,0.093796015,0.193333864,0.213537455,0.403023243,0.151311636,0.189485788,0.251711607,0.288893461,0.080275059,0.037181854,0.208618402,0.454618692,0.201544523,0.24600029,0.253074169,0.380060434,0.08507514,0.126986265,0.294985294,0.412985325,0.190095186,0.118000031,0.222890139,0.225901842,0.081652403,0.003011703,0.144249439,0.407239437,0.145255089,0.262989998,0.261984348,0.331664324,0.148618698,0.069679976,0.183045626
3,3,gig eluted,0.08224988,0.164001703,0.073014736,0.081751823,0.090986967,0.266862631,0.105862617,0.175875664,0.161000013,0.234135151,0.123000383,0.073135138,0.111134768,0.753129482,0.596801758,0.641994715,0.156327724,0.391406059,0.292403698,0.235078335,0.099002361,2.199005604,2.114978552,2.100003242,0.084027052,0.222951651,0.112336159,0.138924599,0.110615492,0.5055933,0.247616768,0.394977808,0.257976532,0.276006222,0.031143904,0.01802969,0.244862318
3,3,sic weensy,0.362362623,0.208821535,0.137471199,-0.153541088,0.071350336,0.340404749,0.149877071,0.269054413,0.190527678,0.263136387,0.126244307,0.072608709,0.13689208,1.348997593,1.19489336,1.212105513,0.154104233,0.167999029,0.093996525,0.013894796,0.074002504,0.267999887,0.154972553,0.193997383,0.113027334,0.229058266,0.097664118,0.116030931,0.131394148,0.285364151,0.186648369,0.153970003,0.098715782,0.168564796,0.084546328,0.069849014,0.084018469
3,3,ire render,0.065998077,0.303648233,0.127588272,0.237650156,0.176059961,0.300411701,0.091421127,0.12435174,0.208990574,0.242002249,0.141903877,0.033011675,0.100098372,0.488095999,0.362616777,0.387997627,0.125479221,0.191606998,0.089000225,0.066127777,0.102606773,0.182034492,0.094610929,0.079427719,0.087423563,0.204856157,0.113871574,0.117432594,0.090984583,0.225333214,0.058021784,0.134348631,0.16731143,0.251621723,0.138964891,0.084310293,0.112656832
4,4,wick kites,0.157894611,0.22623539,0.12898922,0.068340778,0.09724617,0.322173357,0.161010027,0.224927187,0.16116333,0.233999968,0.135076046,0.072836637,0.098923922,0.313342571,0.207203627,0.21441865,0.106138945,0.775719643,0.728708267,0.669580698,0.047011375,0.211638212,0.162545204,0.164626837,0.049093008,0.298440695,0.136466265,0.249347687,0.16197443,0.386002302,0.125972033,0.224027872,0.26003027,0.299149275,0.142001867,0.039119005,0.157147408
4,4,lour mungy,0.157265902,0.380557775,0.158281565,0.223291874,0.222276211,0.391130447,0.240065575,0.168854237,0.151064873,0.332605839,0.193216562,0.181540966,0.139389277,0.483771563,0.308386803,0.344382286,0.17538476,0.311383724,0.153383255,0.135998964,0.158000469,0.507011414,0.325380564,0.349010944,0.18163085,0.312794447,0.172621012,0.131163597,0.140173435,0.369215012,0.22217083,0.229041576,0.147044182,0.173150778,0.063000917,0.026106596,0.11014986
4,4,ting topes,0.151538849,0.241881609,0.098411798,0.09034276,0.14346981,0.198965311,0.07316041,0.055495501,0.125804901,0.29059267,0.138180256,0.164787769,0.152412415,0.282832146,0.133820057,0.130419731,0.149012089,0.44615674,0.325716257,0.297144651,0.120440483,0.326051712,0.171587944,0.205611229,0.154463768,0.23798418,0.109129429,0.083520412,0.128854752,0.238693476,0.093799829,0.109838724,0.144893646,0.441763401,0.312777519,0.296869755,0.128985882
4,4,ibis snore,0.10074687,0.363759279,0.218063831,0.263012409,0.145695448,0.892681599,0.82268405,0.746986151,0.069997549,0.263981581,0.155011177,0.193984032,0.108970404,0.250956059,0.072000265,0.141985655,0.178955793,0.296991348,0.12898612,0.118035555,0.168005228,0.478146076,0.280570269,0.310140848,0.197575808,0.307552814,0.150443316,0.109977007,0.157109499,0.325999737,0.164134026,0.168890238,0.161865711,0.237887859,0.098164797,0.076022148,0.139723063
4,4,yips rotor,0.190521479,0.245495319,0.091173887,0.054973841,0.154321432,0.227246761,0.081220388,0.072925329,0.146026373,0.295731783,0.099116802,0.14970541,0.196614981,1.121785402,0.876596451,0.925170422,0.245188951,0.300038099,0.186789274,0.054849148,0.113248825,0.204535484,0.088535547,0.091286659,0.115999937,0.287803173,0.183802366,0.171803236,0.104000807,0.20299983,0.096999407,0.098999023,0.106000423,0.234291315,0.128004074,0.128290892,0.106287241
4,4,ecus poled,0.095564127,0.296499968,0.158635378,0.200935841,0.13786459,0.219860315,0.14960289,0.081995726,0.070257425,0.344976664,0.176258326,0.274719238,0.168718338,0.270087242,0.13173151,0.101368904,0.138355732,1.43298769,1.312661648,1.294631958,0.120326042,0.164437056,0.05760026,0.044111013,0.106836796,0.283736229,0.190782785,0.176899433,0.092953444,0.25295496,0.102997541,0.160001516,0.149957418,0.203955173,0.043954611,0.053997755,0.160000563
4,4,darn waspy,0.094782591,0.280008554,0.105782747,0.185225964,0.174225807,0.233829975,0.108998537,0.059604168,0.124831438,0.241088867,0.135207176,0.116257429,0.105881691,0.311890125,0.205888748,0.206008434,0.106001377,0.512106895,0.401917219,0.406105518,0.110189676,0.346986294,0.194088221,0.236796618,0.152898073,0.252220392,0.105832815,0.099322319,0.146387577,0.268781185,0.147396803,0.122393608,0.121384382,0.411668301,0.276549816,0.290283918,0.135118484
4,4,pews patsy,0.065997601,0.343226433,0.183010817,0.277228832,0.160215616,0.647898436,0.558898687,0.487682819,0.088999748,0.381101131,0.262611389,0.292101383,0.118489742,0.50135684,0.333477974,0.382867098,0.167878866,0.252277136,0.147011757,0.08439827,0.105265379,0.303585768,0.145351171,0.198320389,0.158234596,0.515357733,0.410455704,0.357123137,0.104902029,0.33172226,0.215180874,0.22682023,0.116541386,0.215550423,0.149529696,0.099009037,0.066020727
4,4,shop fecal,0.218943834,0.302760363,0.145813227,0.083816528,0.156947136,0.290118933,0.172118902,0.133171797,0.118000031,0.169131756,0.055012941,0.051131725,0.114118814,0.266352177,0.1747334,0.152233362,0.091618776,1.398213148,1.286085367,1.306594372,0.112127781,0.180688381,0.048658609,0.0685606,0.132029772,0.421290636,0.260288477,0.289260864,0.161002159,0.965788364,0.858769655,0.804786205,0.107018709,0.135462046,0.069667339,0.028443336,0.065794706
4,4,coin crops,0.131114244,0.301902533,0.167902231,0.170788288,0.134000301,0.165859222,0.066002846,0.031858921,0.099856377,0.299787283,0.222784042,0.199930906,0.077003241,0.23500061,0.128000021,0.15799737,0.107000589,0.322226286,0.218226194,0.215225697,0.104000092,0.309140682,0.239339352,0.205140591,0.069801331,0.253647089,0.098659515,0.183845758,0.154987574,0.223195314,0.105543375,0.068207741,0.117651939,0.294285059,0.158720016,0.17663312,0.135565042
4,4,alms buffs,0.126000404,0.265341043,0.089000463,0.139340639,0.17634058,0.226864815,0.102986097,0.050524235,0.123878717,0.336326599,0.160917997,0.212447882,0.175408602,0.230490923,0.102260828,0.055082321,0.128230095,0.362177134,0.223183155,0.233947039,0.138993979,0.21472764,0.094508648,0.075733662,0.120218992,0.428166389,0.367167234,0.307947397,0.060999155,0.262329817,0.129998922,0.201330662,0.132330894,0.248570681,0.133348942,0.116239786,0.115221739
4,4,vend tones,0.095249414,0.479028702,0.270876884,0.383779287,0.208151817,0.375924587,0.256135941,0.16777277,0.119788647,0.364429235,0.248309612,0.244640589,0.116119623,0.445300102,0.281690121,0.329180479,0.163609982,0.219608068,0.097609282,0.055998087,0.121998787,0.161999226,0.055998802,0.040000439,0.106000423,0.241255522,0.153863192,0.135255098,0.08739233,0.33252883,0.105404615,0.245136499,0.227124214,0.273355007,0.1054039,0.046230793,0.167951107
4,4,zany yukky,0.145688534,0.219205141,0.047205925,0.073516607,0.171999216,0.229482174,0.141518593,0.057482958,0.087963581,0.26376462,0.154481173,0.175801039,0.109283447,0.296988487,0.182540178,0.18770504,0.114448309,0.303887367,0.132526636,0.189439058,0.171360731,0.21893239,0.11301589,0.047571659,0.1059165,0.328438997,0.259902716,0.222522497,0.068536282,0.215466976,0.128016233,0.146930695,0.087450743,0.276599407,0.130986929,0.189148664,0.145612478
4,4,weld trick,0.179919481,0.210395813,0.089972258,0.030476332,0.120423555,0.205039978,0.143423319,0.084616423,0.061616659,0.31515193,0.238227606,0.253535271,0.076924324,1.090377808,0.89269948,1.013453484,0.197678328,0.599653959,0.460487843,0.401975632,0.139166117,0.213129044,0.095072031,0.073962927,0.118057013,0.179127216,0.110115528,0.061070204,0.069011688,0.306895971,0.195060968,0.237884283,0.111835003,0.11283493,0.020939112,0.000999928,0.091895819
4,4,braw mural,0.076001644,0.233999491,0.095142841,0.157997847,0.138856649,0.448858261,0.141869545,0.310001612,0.306988716,0.398936749,0.197981119,0.091948032,0.200955629,0.307052135,0.179005146,0.106096506,0.128046989,0.40019393,0.293059111,0.27214694,0.107134819,0.295953512,0.227956295,0.188818693,0.067997217,0.436987162,0.294033051,0.368989944,0.142954111,0.339775801,0.143648148,0.19682169,0.196127653,0.109303236,0.010318279,-0.086824417,0.098984957
4,4,yell glare,0.107239723,0.256272316,0.092237473,0.149032593,0.164034843,0.297357082,0.233786583,0.133322239,0.063570499,0.231234074,0.143235922,0.167663574,0.087998152,0.211997986,0.115997791,0.123999834,0.096000195,0.855744839,0.768000364,0.759744644,0.087744474,0.233446598,0.120924234,0.145702124,0.112522364,0.273075819,0.094089031,0.160553455,0.178986788,0.279900312,0.110542774,0.100913525,0.169357538,0.231655598,0.117454767,0.062298059,0.11420083
4,4,bunt album,0.098340273,0.207012415,0.069303989,0.108672142,0.137708426,0.288590908,0.142720222,0.150882483,0.145870686,0.347369432,0.186935186,0.201498747,0.160434246,0.182896376,0.102041483,0.02246213,0.080854893,1.082335949,0.930685282,1.001481056,0.151650667,0.184648752,0.083648205,0.032998085,0.101000547,0.379000902,0.252000809,0.278000355,0.127000093,0.174001217,0.068999529,0.047001123,0.105001688,0.291730404,0.211587667,0.186728716,0.080142736
4,4,jake taels,0.094829321,0.397997856,0.086828709,0.303168535,0.311169147,0.187170506,0.10717082,-0.123998642,0.079999685,0.276156664,0.086988449,0.196156979,0.189168215,0.427969694,0.15399909,0.238801479,0.273970604,0.467998028,0.303011179,0.194027424,0.164986849,0.453319073,0.158000469,0.288332224,0.295318604,0.463998318,0.266168594,0.168679714,0.197829723,0.30382967,0.270187855,0.105999947,0.033641815,0.879962683,0.744042873,0.846320868,0.135919809
4,4,thud abled,0.103013277,0.273166418,0.150264502,0.170153141,0.122901917,0.201431513,0.054746866,0.078529596,0.146684647,0.372790098,0.21600008,0.226105452,0.156790018,0.229999304,0.090790033,0.073209286,0.13920927,0.84141016,0.677209377,0.70220089,0.164200783,0.291674376,0.171205997,0.127473593,0.120468378,0.212467432,0.081783772,0.091999054,0.130683661,0.255012512,0.07268405,0.124328852,0.182328463,0.226325274,0.100327015,0.043996811,0.125998259
4,4,casa legit,0.182734728,0.195605516,0.099045277,0.012870789,0.09656024,0.527189732,0.357768536,0.430629492,0.169421196,0.297100067,0.129496336,0.127678871,0.167603731,0.360718489,0.242952585,0.193114758,0.117765903,0.543047428,0.371007204,0.425281525,0.172040224,0.315052271,0.130890131,0.143012047,0.18416214,0.241149902,0.158162355,0.056987762,0.082987547,0.163621902,0.071726561,0.080634356,0.091895342,0.227372646,0.128658533,0.135477304,0.098714113
4,4,unix hilar,0.088070393,0.432556629,0.226438999,0.344486237,0.20611763,0.264090776,0.120986223,0.057973146,0.143104553,0.425343513,0.249129295,0.28223896,0.176214218,0.245999336,0.095014572,0.069785118,0.150984764,0.460987329,0.329210758,0.310002565,0.131776571,0.161173582,0.056787968,0.029397011,0.104385614,0.356677771,0.272473812,0.252292156,0.084203959,0.299742222,0.113524437,0.215538263,0.186217785,0.239948034,0.108988047,0.053730249,0.130959988
4,4,gent dated,0.175702333,0.446302891,0.139912367,0.270600557,0.306390524,0.171011448,0.046789885,-0.135379076,0.124221563,0.332223892,0.161603928,0.208002329,0.170619965,0.22491622,0.120996952,0.054296255,0.103919268,0.334790468,0.211621523,0.230871201,0.123168945,0.346684456,0.098985195,0.223515511,0.247699261,0.269972563,0.12651062,0.022273302,0.143461943,0.396447659,0.132464409,0.252985716,0.26398325,0.315018177,0.153472424,0.051034927,0.161545753
4,4,shim froth,0.107381582,0.238366842,0.118369102,0.13098526,0.11999774,0.191118002,0.054283142,0.071120262,0.13683486,0.330526829,0.24192667,0.193691969,0.088600159,0.29178834,0.204880714,0.203188181,0.086907625,0.581921101,0.461055994,0.495013475,0.120865107,0.581851244,0.446864605,0.460986137,0.134986639,0.280584335,0.120988607,0.145597696,0.159595728,0.294615984,0.174633026,0.135020256,0.119982958,0.190971613,0.109881639,0.070988655,0.081089973
5,5,flare rows,0.165010929,0.250591993,0.113997459,0.085581064,0.136594534,0.332581758,0.100947142,0.195987225,0.231634617,0.327025414,0.150633574,0.095390797,0.17639184,0.245833397,0.132999897,0.069441557,0.1128335,0.888445139,0.661345243,0.775611639,0.227099895,0.281099796,0.128099918,0.053999901,0.152999878,0.201997995,0.100998402,0.048998117,0.100999594,0.388987064,0.202821732,0.287987471,0.186165333,0.245176554,0.116718292,0.059011221,0.128458261
5,5,hutch toot,0.160999537,0.241854668,0.090999603,0.080855131,0.150855064,0.193250656,0.113000154,0.042395592,0.080250502,0.398867607,0.289086342,0.318617105,0.109781265,0.189928055,0.072768211,0.08014679,0.117159843,0.319002151,0.170562983,0.201842308,0.148439169,0.377809525,0.241601706,0.229370356,0.136207819,0.115206718,0.049220085,-0.021001101,0.065986633,0.229999542,0.148999691,0.164012909,0.080999851,0.198239565,0.095999956,0.117239714,0.102239609
5,5,nixes floe,0.138749361,0.214845181,0.086307526,0.076095819,0.128537655,0.403089285,0.297690392,0.27455163,0.105398893,0.611013174,0.270405293,0.505614281,0.340607882,0.357883692,0.163999319,0.01727581,0.193884373,0.292609215,0.136608839,0.098724842,0.156000376,0.471716881,0.333063364,0.315716505,0.138653517,0.175844669,0.108936071,0.037191153,0.066908598,0.234986544,0.174870491,0.168077946,0.060116053,0.280232191,0.151232243,0.220116138,0.128999949
5,5,scarf stud,0.136567354,0.2315557,0.129555702,0.094988346,0.101999998,0.354609966,0.149998426,0.252609968,0.20461154,0.232699871,0.131011486,0.028088331,0.101688385,0.350988626,0.247475624,0.249300241,0.103513002,0.405049086,0.323049068,0.301536083,0.082000017,1.287474155,1.075401545,1.205474138,0.212072611,0.232721806,0.139062881,0.020649195,0.093658924,0.218000412,0.127998114,0.124341488,0.090002298,0.274095058,0.157113791,0.18409276,0.116981268
5,5,plunk cope,0.096174002,0.294588804,0.192001104,0.198414803,0.1025877,0.290491104,0.19550252,0.187903404,0.094988585,0.412837982,0.267467976,0.317849398,0.145370007,0.205229759,0.066257477,0.059859753,0.138972282,0.372786522,0.241759539,0.23381424,0.131026983,0.617980957,0.496959209,0.486953974,0.121021748,0.271147251,0.12809515,0.150125504,0.143052101,0.200945377,0.072577715,0.057893276,0.128367662,0.249380827,0.109377623,0.121013165,0.140003204
5,5,liers eery,0.065649271,0.262490273,0.168106794,0.196841002,0.094383478,0.328953266,0.164954662,0.234569788,0.163998604,0.200032711,0.084034681,0.036034107,0.11599803,0.391010046,0.229010344,0.275012016,0.161999702,0.677395344,0.490989923,0.515395641,0.18640542,0.200402737,0.121011734,0.013997316,0.079391003,0.37520957,0.14999795,0.295818567,0.22521162,0.313535452,0.171955109,0.088323832,0.141580343,0.321034193,0.190046549,0.17945385,0.130987644
5,5,gator quit,0.106102228,0.333114147,0.129116774,0.227011919,0.203997374,0.232699633,0.12399745,0.028702259,0.108702183,0.490011215,0.364999533,0.381309032,0.125011683,0.535002947,0.425080538,0.409991264,0.109922409,0.611009598,0.462908983,0.501087189,0.148100615,0.444220781,0.256407261,0.296120167,0.18781352,0.26359272,0.122392416,0.0757792,0.141200304,0.209449053,0.08941555,0.068248749,0.120033503,0.274795294,0.129031181,0.154761791,0.145764112
5,5,laved loci,0.030629635,0.447100878,0.297555923,0.416471243,0.149544954,0.201075315,0.066242218,0.051530361,0.134833097,0.470831156,0.255194902,0.335998058,0.215636253,0.274129391,0.10963583,0.058493137,0.164493561,0.270895243,0.140002966,0.106401682,0.130892277,0.284790754,0.197010517,0.153898478,0.087780237,0.280336142,0.196988583,0.192555904,0.083347559,0.245226145,0.110000372,0.161878586,0.135225773,0.179011583,0.098949909,0.04378581,0.080061674
5,5,theme conk,0.184918642,0.208306313,0.072406292,0.023387671,0.135900021,0.32670927,0.193900347,0.19080925,0.132808924,0.402746916,0.307370663,0.269937992,0.095376253,0.242657185,0.152549267,0.147280931,0.090107918,0.879774809,0.678247452,0.789666891,0.201527357,0.311858177,0.146515369,0.11033082,0.165342808,0.193488598,0.099320889,0.02814579,0.094167709,0.310754776,0.185014486,0.216587067,0.12574029,0.199282646,0.129739523,0.073542356,0.069543123
5,5,facet pent,0.126515865,0.321522951,0.115999937,0.195007086,0.205523014,0.300519228,0.157522678,0.094996214,0.14299655,0.387999296,0.234996557,0.245002747,0.153002739,0.35760951,0.163002729,0.204606771,0.194606781,0.257607222,0.1580019,0.063000441,0.099605322,0.678771734,0.541604519,0.579166412,0.137167215,0.380859375,0.18316412,0.24369216,0.197695255,0.160709143,0.084289312,-0.036986113,0.07641983,0.207408905,0.069405556,0.130989075,0.138003349
5,5,doest lade,0.343892574,0.317892313,0.170810938,-0.026000261,0.147081375,0.32270813,0.092665195,0.175626755,0.230042934,0.327481747,0.127041817,0.097438812,0.20043993,0.35949564,0.143000126,0.15905571,0.216495514,0.322593212,0.206496239,0.106097698,0.116096973,0.401504278,0.316788435,0.285407305,0.084715843,0.326951265,0.125482321,0.242235422,0.201468945,0.324468613,0.155198097,0.122999668,0.169270515,0.231270313,0.09327054,0.061999798,0.137999773
5,5,lopes emus,0.08872056,0.400808096,0.224721193,0.312087536,0.176086903,0.240926743,0.095279455,0.06483984,0.145647287,0.226241827,0.115521193,0.08059454,0.110720634,0.587198496,0.509457588,0.476477861,0.077740908,1.148772955,0.962174654,1.071032047,0.186598301,0.237020016,0.124554157,0.050421715,0.112465858,0.409526587,0.304000378,0.297060728,0.105526209,0.346287966,0.281027079,0.240761757,0.065260887,0.578515053,0.485986233,0.513254166,0.09252882
5,5,bolos hype,0.140083313,0.168082476,0.117082357,0.027999163,0.051000118,0.21190691,0.153000832,0.160906792,0.058906078,0.230902433,0.149917364,0.171996355,0.080985069,0.323949575,0.171999693,0.242964506,0.151949883,0.237999916,0.098988056,0.086050034,0.13901186,0.504387379,0.435009718,0.365375519,0.069377661,0.215736151,0.154737473,0.14635849,0.060998678,0.284999132,0.17099762,0.224000454,0.114001513,0.21600008,0.112999916,0.101998568,0.103000164
5,5,taper twas,0.135648012,0.468576193,0.255631685,0.332928181,0.212944508,0.216015816,0.112550259,0.003071308,0.103465557,0.40345335,0.216670513,0.299987793,0.186782837,0.237795353,0.143000603,0.051012516,0.09479475,0.409784555,0.309118032,0.314989805,0.100666523,0.651978731,0.542994261,0.551312208,0.10898447,0.389434576,0.236983061,0.280450106,0.152451515,0.424688101,0.150450945,0.272236586,0.274237156,0.354708195,0.164181709,0.080471039,0.190526485
5,5,stone wkly,0.121362925,0.239562035,0.087813616,0.11819911,0.151748419,0.343211412,0.175011635,0.191462994,0.168199778,0.212748289,0.087998629,0.044548512,0.12474966,0.267750502,0.110750198,0.143000841,0.157000303,0.25924921,0.115000963,0.102248907,0.144248247,0.33052659,0.236129045,0.186278343,0.094397545,0.588118792,0.460121155,0.493721247,0.127997637,0.262332916,0.124988556,0.134335279,0.13734436,0.371998549,0.237344503,0.234654188,0.134654045
5,5,paler sues,0.055546522,0.259547472,0.091547012,0.20400095,0.16800046,0.300375462,0.163998604,0.132375002,0.136376858,0.479465008,0.263295889,0.34308815,0.216169119,0.315267563,0.161842585,0.099098444,0.153424978,0.216090202,0.103074551,0.062665224,0.113015652,0.843936205,0.760110855,0.730920553,0.08382535,0.189860582,0.095143318,0.106035233,0.094717264,0.318136215,0.204343081,0.223418951,0.113793135,0.303358555,0.184301376,0.18956542,0.119057178
5,5,doeth isle,0.168981552,0.281010628,0.15392971,0.112029076,0.127080917,0.275110006,0.153082132,0.148029089,0.122027874,0.804331064,0.666219711,0.68230319,0.138111353,0.164766788,0.087283611,0.026655436,0.077483177,0.252494574,0.1321311,0.175011396,0.120363474,0.183539152,0.10236454,0.063175678,0.081174612,0.259523869,0.150804043,0.178349257,0.108719826,0.196718216,0.097718954,0.08799839,0.098999262,0.287475348,0.15199995,0.188476086,0.135475397
5,5,dishy rosy,0.175000668,0.197919607,0.10599947,0.02291894,0.091920137,0.248908758,0.100908279,0.156988621,0.148000479,0.962738276,0.868739843,0.814737797,0.093998432,0.240998983,0.145999193,0.147000551,0.09499979,0.65801096,0.34427309,0.563011169,0.313737869,0.438001156,0.314739704,0.124263287,0.123261452,0.255656958,0.104778767,0.132395506,0.150878191,0.259878635,0.15187788,0.109000444,0.108000755,0.192000151,0.140000343,0.083999395,0.051999807
5,5,banns hawk,0.068987846,0.24187994,0.084035873,0.172892094,0.157844067,0.165016413,0.118078947,0.007172346,0.046937466,0.200871944,0.13095355,0.153934479,0.069918394,0.321409225,0.141457319,0.251490831,0.179951906,0.242463827,0.121473074,0.062511921,0.120990753,0.479527712,0.405396461,0.358536959,0.07413125,0.369943857,0.179591417,0.295812607,0.19035244,0.662120342,0.523103714,0.471767902,0.139016628,0.219800949,0.088995695,0.080784321,0.130805254
5,5,elide lino,0.127985954,0.322273731,0.160985708,0.194287777,0.161288023,0.205305815,0.083936691,0.044017792,0.121369123,0.34450841,0.09250617,0.223139286,0.252002239,0.322001457,0.127015352,0.069999218,0.194986105,0.259998083,0.103997946,0.065011978,0.156000137,0.319767714,0.272517204,0.163767576,0.047250509,0.337087393,0.172562838,0.289836884,0.164524555,0.23451066,0.128524542,0.069986105,0.105986118,0.274514437,0.190594673,0.168528318,0.083919764
5,5,psoas sane,0.189658642,0.263091564,0.134386301,0.073432922,0.128705263,1.100692987,0.999289036,0.971987724,0.101403952,0.3874259,0.228032827,0.286021948,0.159393072,0.24739337,0.07139492,0.088000298,0.175998449,1.193257093,0.975243807,1.017258644,0.218013287,0.327013969,0.134013653,0.109000683,0.193000317,0.467058659,0.19400239,0.274058342,0.273056269,0.189729214,0.058998108,-0.083327055,0.130731106,0.316731215,0.148790121,0.186000109,0.167941093
5,5,frame hurl,0.199997902,0.199997902,0.051932573,0,0.148065329,0.414430618,0.114322901,0.26636529,0.300107718,0.234753609,0.138877153,-0.065354109,0.095876455,0.315566063,0.12097311,0.219689608,0.194592953,0.255655289,0.110847235,0.061062336,0.144808054,0.473775864,0.375346899,0.32896781,0.098428965,0.161696911,0.041290998,0.063267946,0.120405912,0.306407928,0.163755894,0.186002016,0.142652035,0.200044632,0.127347469,0.057392597,0.072697163
5,5,barfy rein,0.193651199,0.281007051,0.084734678,0.087355852,0.196272373,0.153920174,0.064916611,-0.0423522,0.089003563,0.314087152,0.190343618,0.22508359,0.123743534,0.16084218,0.095999002,0.037098646,0.064843178,0.324903011,0.170109034,0.260059834,0.154793978,0.338901997,0.193259001,0.184108019,0.145642996,0.235645771,0.104630947,0.090002775,0.131014824,0.232891321,0.137999296,0.101876497,0.094892025,0.163892508,0.05901432,0.069000483,0.104878187
6,6,raucid dye,0.212257862,0.417259455,0.164634705,0.205001593,0.25262475,0.33373785,0.157621384,0.0811131,0.176116467,0.34901762,0.2173388,0.172901154,0.13167882,0.26209569,0.122750998,0.13041687,0.139344692,0.307589293,0.164342642,0.1682446,0.143246651,0.984233379,0.732234001,0.840986729,0.251999378,0.529997826,0.14252615,0.277998447,0.387471676,0.263471127,0.145309687,-0.124000549,0.11816144,0.422163248,0.18816328,0.304001808,0.233999968
6,6,butane woo,0.140200377,0.204221249,0.055890322,0.064020872,0.148330927,0.300334215,0.115433693,0.152003288,0.184900522,0.384789228,0.140898705,0.199888706,0.243890524,0.237808228,0.090999126,-0.006082296,0.146809101,0.330774784,0.142776489,0.183965683,0.187998295,0.287999153,0.145392656,0.100000858,0.142606497,0.331228256,0.191593647,0.188621759,0.139634609,0.12000227,0.072912693,-0.019632339,0.047089577,0.182074308,0.131089449,0.134984732,0.050984859
6,6,middle bib,0.132304907,0.204101563,0.084306479,0.071796656,0.119795084,0.281195879,0.207445383,0.161400795,0.073750496,0.311695814,0.121698141,0.237945318,0.189997673,0.333071947,0.218999147,0.143074274,0.1140728,0.351856947,0.146867514,0.237784147,0.204989433,0.288990021,0.138321638,0.084000587,0.150668383,0.428666115,0.326416016,0.277997732,0.102250099,0.245122433,0.080251217,0.142872334,0.164871216,0.211871147,0.098428488,0.046999931,0.113442659
6,6,sueded ode,0.259909391,0.335318565,0.130912781,0.075409174,0.204405785,0.380910158,0.129996538,0.176504374,0.25091362,0.355016232,0.217014551,0.104102612,0.13800168,0.861752748,0.698289871,0.723751068,0.163462877,0.23069787,0.102201939,0.067234993,0.128495932,0.866496325,0.706496,0.738000393,0.160000324,0.25600028,0.12746954,0.095999956,0.128530741,0.316531181,0.081542015,0.188000441,0.234989166,0.280986547,0.098986626,0.045997381,0.181999922
6,6,broody sol,0.09819603,0.29694581,0.183634758,0.198749781,0.113311052,0.189623117,0.116311073,0.076312065,0.073312044,0.283687353,0.153687239,0.210375309,0.130000114,0.249450922,0.100019693,0.119450808,0.149431229,0.346966982,0.24791646,0.197535753,0.099050522,0.371988535,0.236002445,0.272938013,0.13598609,0.447604418,0.30860424,0.311618328,0.139000177,0.153000116,0.124000788,0.013999939,0.028999329,0.264444828,0.212443113,0.235445499,0.052001715
6,6,blowsy met,0.120532513,0.197722673,0.139547586,0.077190161,0.058175087,0.234453678,0.149440527,0.176278591,0.085013151,0.669012785,0.497684956,0.583999634,0.171327829,0.232949018,0.099567652,0.061621189,0.133381367,0.205765486,0.098280907,0.072384119,0.107484579,1.298455715,1.086456299,1.190971136,0.211999416,0.237999678,0.135010719,0.026000261,0.102988958,0.387605906,0.211998224,0.284616947,0.175607681,0.266990185,0.134990215,0.091382504,0.131999969
6,6,abased kea,0.141591311,0.390309811,0.238757133,0.2487185,0.151552677,0.319826841,0.203243017,0.168274164,0.116583824,0.465117693,0.281999826,0.348533869,0.183117867,0.365630865,0.109374046,0.182512999,0.256256819,0.383639336,0.141939878,0.127382517,0.241699457,0.329724789,0.179697514,0.088025331,0.150027275,1.977176666,1.870197535,1.827149391,0.106979132,0.248790026,0.097025871,0.141810894,0.151764154,0.245763302,0.113764524,0.093999147,0.131998777
6,6,tictoc apt,0.106266022,0.19420743,0.107266426,0.087941408,0.086941004,0.327952385,0.210940838,0.241011381,0.117011547,0.402001619,0.274981022,0.284990072,0.127020597,0.228729248,0.109055281,0.101708651,0.119673967,0.465204716,0.363240719,0.345530748,0.101963997,0.979361773,0.854722261,0.877397776,0.124639511,0.406000376,0.083999872,0.281360865,0.322000504,0.186000347,0.084001303,-0.136000156,0.101999044,0.278668165,0.138688087,0.176669121,0.139980078
6,6,dimple ids,0.125502825,0.263690233,0.1789639,0.138187408,0.084726334,0.179354429,0.0481112,0.094628096,0.131243229,0.342916965,0.262416124,0.211673737,0.080500841,0.191330671,0.045140505,0.11082983,0.146190166,0.394743443,0.186844587,0.248553276,0.207898855,0.288113356,0.141387701,0.0802145,0.146725655,0.505375147,0.425054312,0.358649492,0.080320835,0.305290937,0.145275831,0.224970102,0.160015106,0.407032728,0.25362134,0.247017622,0.153411388
6,6,degums keg,0.132121325,0.176338911,0.074700117,0.044217587,0.101638794,0.306082726,0.203830242,0.204443932,0.102252483,0.304584503,0.225868464,0.20233202,0.07871604,0.297347307,0.184130192,0.218631268,0.113217115,0.376087666,0.230000019,0.26287055,0.146087646,0.243010521,0.086914301,0.096922874,0.15609622,0.764821291,0.640689373,0.608725071,0.124131918,0.287939548,0.110628843,0.163807631,0.177310705,0.272800922,0.15231061,0.095490217,0.120490313
6,6,estate ill,0.24200964,0.332998276,0.192998409,0.090988636,0.139999866,0.289011478,0.1647048,0.149011612,0.124306679,0.384306192,0.171297073,0.259999514,0.213009119,0.329998016,0.111997604,0.116988897,0.218000412,0.341788292,0.14425087,0.12378788,0.197537422,0.259537697,0.121537447,0.062000275,0.13800025,0.360212088,0.295225143,0.222211838,0.064986944,0.266219139,0.197423935,0.201232195,0.068795204,0.203295946,0.134857416,0.134500742,0.06843853
6,6,sudden bid,0.127145767,0.209142685,0.149435282,0.081996918,0.059707403,0.16821003,0.102476597,0.108502626,0.065733433,0.292578697,0.154242516,0.226845264,0.138336182,0.365643501,0.098060846,0.22730732,0.267582655,0.212596655,0.08788681,-0.054986,0.124709845,0.264053345,0.153709888,0.1393435,0.110343456,0.534344435,0.420342207,0.424000978,0.114002228,0.184990168,0.065502167,0.07098794,0.119488001,0.249485493,0.14654994,0.129997492,0.102935553
6,6,fright pap,0.163362026,0.283728838,0.110191822,0.120366812,0.173537016,0.301539898,0.193115234,0.128002882,0.108424664,0.144425154,0.024424553,0.03600049,0.120000601,0.276504517,0.187986851,0.156503916,0.088517666,0.259484768,0.084520102,0.170967102,0.174964666,0.232834816,0.115952969,0.05787015,0.116881847,1.129987955,1.045969725,1.013106108,0.08401823,0.191032171,0.077029943,0.107013941,0.114002228,0.175257206,0.090990305,0.061254978,0.084266901
6,6,oilmen ess,0.097999334,0.162986517,0.036116123,0.064987183,0.126870394,0.321783543,0.226520777,0.194913149,0.095262766,0.300350428,0.186350346,0.205087662,0.114000082,0.564014673,0.212523937,0.450014591,0.351490736,0.173490286,0.073490858,-0.17800045,0.099999428,0.437984467,0.229999781,0.337985039,0.207984686,0.281847954,0.190318823,0.073863268,0.091529131,0.245871782,0.200676918,0.154342651,0.045194864,0.220041752,0.1435709,0.174846888,0.076470852
6,6,latino vim,0.087620735,0.366607189,0.15380764,0.278986454,0.212799549,0.697887897,0.552801132,0.485088348,0.145086765,0.190085411,0.113086462,0.044998646,0.076998949,0.35760355,0.219923019,0.280604601,0.137680531,0.189668179,0.073969603,0.051987648,0.115698576,0.29848814,0.214221716,0.182789564,0.084266424,0.925815344,0.822798491,0.84154892,0.103016853,0.205011845,0.113017082,0.101994991,0.091994762,0.168982506,0.064224243,0.076987743,0.104758263
6,6,sickos ids,0.215159178,0.215159178,0.124001741,0,0.091157436,0.211547852,0.061674833,0.120390415,0.149873018,0.292109489,0.160873413,0.142236471,0.131236076,0.2182374,0.073237419,0.087001324,0.144999981,0.322212219,0.148000002,0.177212238,0.174212217,0.755224705,0.550347567,0.581012487,0.204877138,0.782876492,0.702301502,0.577999353,0.080574989,0.65854311,0.468576193,0.577968121,0.189966917,0.2309618,0.090987682,0.040994883,0.139974117
6,6,worldy cop,0.160327196,0.193326712,0.079440355,0.032999516,0.113886356,1.222639561,1.123993635,1.108753204,0.098645926,0.248645306,0.105645418,0.14999938,0.142999887,0.325928926,0.182999849,0.182929039,0.142929077,0.343931437,0.267277241,0.201002359,0.076654196,0.387150288,0.171567917,0.310496092,0.215582371,0.324834347,0.171583414,0.109251976,0.153250933,0.237329483,0.105793238,0.08407855,0.131536245,0.187535286,0.078203201,0.055999041,0.109332085
6,6,gobble jar,0.105013132,0.214001417,0.079004288,0.108988285,0.134997129,0.234007359,0.172997236,0.099010229,0.061010122,0.246353626,0.12700963,0.185343504,0.119343996,0.233464241,0.112319231,0.114120245,0.12114501,0.355680704,0.176130533,0.234535694,0.179550171,0.222538233,0.160111189,0.042988062,0.062427044,1.255440235,1.182643652,1.193013191,0.072796583,0.324424505,0.091784239,0.251627922,0.232640266,0.24880743,0.115702391,0.016167164,0.13310504
6,6,pegleg owe,0.124998569,0.336999655,0.117999554,0.212001085,0.219000101,0.34800005,0.171999931,0.128999949,0.176000118,1.027940273,0.906815767,0.851940155,0.121124506,0.310138226,0.074211359,0.18901372,0.235926867,0.373328686,0.312915087,0.137401819,0.060413599,0.989011526,0.837673426,0.928597927,0.1513381,0.413696766,0.282726049,0.262358665,0.130970716,0.693032503,0.484282255,0.562061787,0.208750248,0.286328316,0.138405085,0.077578068,0.147923231
6,6,razees way,0.161844015,1.178997755,1.080168247,1.01715374,0.098829508,0.613792419,0.420690298,0.514962912,0.193102121,0.390986681,0.267101526,0.19788456,0.123885155,0.40988493,0.25988555,0.285999775,0.14999938,0.758409262,0.635905266,0.608409882,0.122503996,0.567105293,0.296146393,0.444601297,0.2709589,0.427183151,0.196556091,0.156224251,0.23062706,0.466268778,0.176403761,0.235641718,0.289865017,0.44337225,0.263729334,0.153507233,0.179642916
6,6,odists fig,0.084998369,0.197608471,0.088998318,0.112610102,0.108610153,0.229610205,0.104609966,0.121000051,0.125000238,0.286000729,0.164002419,0.16100049,0.12199831,0.255999804,0.078999519,0.134001493,0.177000284,0.290001869,0.133999586,0.113001585,0.156002283,0.218998432,0.120001316,0.062996149,0.098997116,0.882642269,0.809890509,0.783645153,0.07275176,0.211830139,0.098532915,0.139078379,0.113297224,0.20821619,0.087227583,0.094918966,0.120988607
6,6,giants ink,0.113497019,0.186846972,0.083396435,0.073349953,0.103450537,0.337291241,0.131681681,0.233840704,0.20560956,0.187607527,0.056150198,-0.018002033,0.131457329,0.222459078,0.091449022,0.091001749,0.131010056,0.376161098,0.222719431,0.245151043,0.153441668,0.258904219,0.117714882,0.105462551,0.141189337,0.291713953,0.221377373,0.150524616,0.07033658,0.228289604,0.056130886,0.157953024,0.172158718,0.246286392,0.164158583,0.074127674,0.08212781
6,6,exhale mil,0.094516039,0.33799839,0.194856167,0.243482351,0.143142223,0.252154827,0.186229706,0.109012604,0.065925121,0.328912258,0.144912243,0.262987137,0.184000015,0.206001759,0.120009422,0.022001743,0.085992336,0.33719492,0.144252777,0.251202583,0.192942142,0.208749294,0.142752409,0.015807152,0.065996885,0.428114414,0.318307638,0.362117529,0.109806776,0.259819031,0.1898036,0.150012255,0.07001543,0.261885405,0.202066183,0.191869974,0.059819221
