Subject,Char_Total_Str,Char_Total_Int,Char_Init,Char_End,Class,Current_Dwell,Interval,Press_Flight,Release_Flight,Digraph,Later_Dwell
jonah,o_h,15_8,15,8,3,0.084903955,0.015623569,0.100527525,0.131681442,0.216585398,0.116057873
jonah,h_m,8_13,8,13,3,0.116057873,-0.03125,0.084807873,0.154103756,0.270161629,0.185353756
jonah,m_~,13_0,13,0,3,0.185353756,-0.084828854,0.100524902,0.046964407,0.232318163,0.131793261
jonah,~_f,0_6,0,6,3,0.131793261,0.03125,0.163043261,0.131700277,0.263493538,0.100450277
jonah,f_i,6_9,6,9,3,0.100450277,-0.046875477,0.0535748,0.04319644,0.143646717,0.090071917
jonah,i_l,9_12,9,12,3,0.090071917,0.110572338,0.200644255,0.194835901,0.284907818,0.084263563
jonah,l_m,12_13,12,13,3,0.084263563,0.116178036,0.200441599,0.200968981,0.285232544,0.084790945
jonah,m_e,13_5,13,5,3,0.084790945,-0.031389952,0.053400993,0.084866524,0.169657469,0.116256475
jonah,e_d,5_4,5,4,3,0.116256475,0.062409401,0.178665876,0.184952736,0.301209211,0.122543335
jonah,h_e,8_5,8,5,4,0.116049051,-0.062405348,0.053643703,0.053652525,0.169701576,0.116057873
jonah,e_a,5_1,5,1,4,0.116057873,-0.031298161,0.084759712,0.100523233,0.216581106,0.131821394
jonah,a_t,1_20,1,20,4,0.131821394,0.01571703,0.147538424,0.084928513,0.216749907,0.069211483
jonah,t_~,20_0,20,0,4,0.069211483,-0.053586483,0.015625,0.062500715,0.131712198,0.116087198
jonah,~_a,0_1,0,1,4,0.116087198,0.370515347,0.486602545,0.471030474,0.587117672,0.100515127
jonah,a_t,1_20,1,20,4,0.100515127,0.046875477,0.147390604,0.153336287,0.253851414,0.10646081
jonah,t_o,20_15,20,15,4,0.10646081,-0.06863451,0.0378263,0.03135705,0.13781786,0.09999156
jonah,o_m,15_13,15,13,4,0.09999156,0.084919453,0.184911013,0.169638395,0.269629955,0.084718943
jonah,m_s,13_19,13,19,4,0.084718943,0.031396389,0.116115332,0.11579752,0.200516462,0.084401131
jonah,c_h,3_8,3,8,5,0.11623764,-0.015700579,0.100537062,0.084899664,0.201137304,0.100600243
jonah,h_a,8_1,8,1,5,0.100600243,0.031249523,0.131849766,0.116077185,0.216677427,0.084827662
jonah,a_n,1_14,1,14,5,0.084827662,-0.015716791,0.06911087,0.13164258,0.216470242,0.147359371
jonah,n_t,14_20,14,20,5,0.147359371,-0.015626907,0.131732464,0.069083452,0.216442823,0.08471036
jonah,t_~,20_0,20,0,5,0.08471036,0.015736818,0.100447178,0.131744385,0.216454744,0.116007566
jonah,~_a,0_1,0,1,5,0.116007566,0.031342983,0.14735055,0.138327837,0.254335403,0.106984854
jonah,a_x,1_24,1,24,5,0.106984854,0.093854666,0.20083952,0.216485262,0.323470116,0.122630596
jonah,x_i,24_9,24,9,5,0.122630596,-0.022294521,0.100336075,0.062502384,0.18513298,0.084796906
jonah,i_s,9_19,9,19,5,0.084796906,0.037921429,0.122718334,0.153979063,0.238775969,0.116057634
jonah,o_l,15_12,15,12,6,0.100358009,0.100441694,0.200799704,0.216518164,0.316876173,0.116076469
jonah,l_d,12_4,12,4,6,0.116076469,-0.015625715,0.100450754,0.109931231,0.2260077,0.125556946
jonah,d_i,4_9,4,9,6,0.125556946,-0.025096178,0.100460768,0.09737587,0.222932816,0.122472048
jonah,i_e,9_5,9,5,6,0.122472048,-0.019244909,0.103227139,0.07827282,0.200744867,0.097517729
jonah,e_s,5_19,5,19,6,0.097517729,0.053569794,0.151087523,0.153837919,0.251355648,0.100268126
jonah,s_~,19_0,19,0,6,0.100268126,-0.015539169,0.084728956,0.100533485,0.200801611,0.116072655
jonah,~_b,0_2,0,2,6,0.116072655,0.015626669,0.131699324,0.131774902,0.247847557,0.116148233
jonah,b_a,2_1,2,1,6,0.116148233,-0.046877623,0.069270611,0.053552628,0.169700861,0.10043025
jonah,a_y,1_25,1,25,6,0.10043025,-0.037971258,0.062458992,0.046873093,0.147303343,0.084844351
jonah,g_y,7_25,7,25,3,0.08476305,0.115697145,0.200460196,0.247390985,0.332154036,0.13169384
jonah,y_m,25_13,25,13,3,0.13169384,-0.047025681,0.084668159,0.116069794,0.247763634,0.163095474
jonah,m_~,13_0,13,0,3,0.163095474,-0.062651157,0.100444317,0.053649664,0.216745138,0.116300821
jonah,~_z,0_26,0,26,3,0.116300821,0.062472582,0.178773403,0.184641838,0.300942659,0.122169256
jonah,z_y,26_25,26,25,3,0.122169256,0.100430965,0.222600222,0.21673131,0.338900566,0.116300344
jonah,y_g,25_7,25,7,3,0.116300344,0.185282469,0.301582813,0.301502466,0.417802811,0.116219997
jonah,g_o,7_15,7,15,3,0.116219997,0.031267881,0.147487879,0.131838799,0.248058796,0.100570917
jonah,o_t,15_20,15,20,3,0.100570917,0.031248569,0.131819487,0.134732962,0.235303879,0.103484392
jonah,t_e,20_5,20,5,3,0.103484392,0.135044336,0.238528728,0.251194715,0.354679108,0.116150379
jonah,a_m,1_13,1,13,4,0.115942717,-0.053443909,0.062498808,0.053053856,0.168996572,0.106497765
jonah,m_i,13_9,13,9,4,0.106497765,0.099988699,0.206486464,0.21618104,0.322678804,0.116192341
jonah,i_d,9_4,9,4,4,0.116192341,-0.015672207,0.100520134,0.100520372,0.216712713,0.116192579
jonah,d_~,4_0,4,0,4,0.116192579,0.031342506,0.147535086,0.131684542,0.247877121,0.100342035
jonah,~_e,0_5,0,5,4,0.100342035,0.284713745,0.38505578,0.385233879,0.485575914,0.100520134
jonah,e_x,5_24,5,24,4,0.100520134,0.100445032,0.200965166,0.216418266,0.3169384,0.115973234
jonah,x_i,24_9,24,9,4,0.115973234,0.035991669,0.151964903,0.147112608,0.263085842,0.111120939
jonah,i_l,9_12,9,12,4,0.111120939,0.122762442,0.233883381,0.238828421,0.34994936,0.116065979
jonah,l_e,12_5,12,5,4,0.116065979,-0.015625238,0.100440741,0.100429296,0.216495275,0.116054535
jonah,k_i,11_9,11,9,5,0.100542545,0.084584951,0.185127497,0.162855625,0.26339817,0.078270674
jonah,i_n,9_14,9,14,5,0.078270674,0.084647417,0.162918091,0.20075345,0.279024124,0.116106033
jonah,n_d,14_4,14,4,5,0.116106033,-0.062530756,0.053575277,0.100245476,0.216351509,0.162776232
jonah,d_a,4_1,4,1,5,0.162776232,-0.078150988,0.084625244,0.02215147,0.184927702,0.100302458
jonah,a_~,1_0,1,0,5,0.100302458,0.015664816,0.115967274,0.162977934,0.263280392,0.147313118
jonah,~_m,0_13,0,13,5,0.147313118,-0.015637875,0.131675243,0.068630695,0.215943813,0.08426857
jonah,m_u,13_21,13,21,5,0.08426857,0.100527763,0.184796333,0.169671297,0.253939867,0.069143534
jonah,u_t,21_20,21,20,5,0.069143534,0.047018051,0.116161585,0.193813324,0.262956858,0.146795273
jonah,t_e,20_5,20,5,5,0.146795273,0.160686255,0.307481527,0.284165382,0.430960655,0.123479128
jonah,r_a,18_1,18,1,6,0.084748983,0.100479603,0.185228586,0.216541529,0.301290512,0.116061926
jonah,a_f,1_6,1,6,6,0.116061926,0.037965059,0.154026985,0.138487816,0.254549742,0.100522757
jonah,f_t,6_20,6,20,6,0.100522757,0.100486994,0.20100975,0.162985086,0.263507843,0.062498093
jonah,t_e,20_5,20,5,6,0.062498093,0.122018099,0.184516191,0.200294733,0.262792826,0.078276634
jonah,e_r,5_18,5,18,6,0.078276634,0.084730387,0.163007021,0.169092894,0.247369528,0.084362507
jonah,r_~,18_0,18,0,6,0.084362507,0.015623808,0.099986315,0.131691217,0.216053724,0.11606741
jonah,~_v,0_22,0,22,6,0.11606741,0.084729671,0.200797081,0.222391367,0.338458776,0.137661695
jonah,v_e,22_5,22,5,6,0.137661695,0.093902588,0.231564283,0.178665638,0.316327333,0.08476305
jonah,e_x,5_24,5,24,6,0.08476305,0.099897623,0.184660673,0.254488945,0.339251995,0.154591322
jonah,e_l,5_12,5,12,3,0.100114822,0.031247139,0.131361961,0.160119772,0.260234594,0.128872633
jonah,l_f,12_6,12,6,3,0.128872633,-0.017277479,0.111595154,0.093252659,0.222125292,0.110530138
jonah,f_~,6_0,6,0,3,0.110530138,-0.027099133,0.083431005,0.115709782,0.22623992,0.142808914
jonah,~_j,0_10,0,10,3,0.142808914,-0.021798134,0.12101078,0.084220409,0.227029324,0.106018543
jonah,j_u,10_21,10,21,3,0.106018543,0.147471905,0.253490448,0.247893095,0.353911638,0.10042119
jonah,u_i,21_9,21,9,3,0.10042119,0.084895134,0.185316324,0.185416698,0.285837889,0.100521564
jonah,i_c,9_3,9,3,3,0.100521564,-0.015676975,0.084844589,0.062501192,0.163022757,0.078178167
jonah,c_e,3_5,3,5,3,0.078178167,0.084734201,0.162912369,0.200971365,0.279149532,0.116237164
jonah,e_y,5_25,5,25,3,0.116237164,-0.062501669,0.053735495,0.037922621,0.154159784,0.10042429
jonah,l_i,12_9,12,9,4,0.093888998,0.069223642,0.16311264,0.153978348,0.247867346,0.084754705
jonah,i_m,9_13,9,13,4,0.084754705,0.069193125,0.15394783,0.185283184,0.270037889,0.116090059
jonah,m_b,13_2,13,2,4,0.116090059,-0.053590298,0.062499762,0.031183243,0.147273302,0.08477354
jonah,b_~,2_0,2,0,4,0.08477354,0.015587091,0.100360632,0.116065502,0.200839043,0.100478411
jonah,~_y,0_25,0,25,4,0.100478411,0.022161484,0.122639894,0.138322592,0.238801003,0.116161108
jonah,y_o,25_15,25,15,4,0.116161108,-0.01574707,0.100414038,0.06251955,0.178680658,0.078266621
jonah,o_u,15_21,15,21,4,0.078266621,0.068720341,0.146986961,0.169178963,0.247445583,0.100458622
jonah,u_n,21_14,21,14,4,0.100458622,0.069335461,0.169794083,0.15400672,0.254465342,0.084671259
jonah,n_g,14_7,14,7,4,0.084671259,-0.02217412,0.062497139,0.078152895,0.162824154,0.100327015
jonah,e_i,5_9,5,9,5,0.100314617,-0.006528616,0.093786001,0.093852997,0.194167614,0.100381613
jonah,i_g,9_7,9,7,5,0.100381613,0.006092787,0.1064744,0.10628891,0.206670523,0.100196123
jonah,g_h,7_8,7,8,5,0.100196123,-0.019197226,0.080998898,0.100419283,0.200615406,0.119616508
jonah,h_t,8_20,8,20,5,0.119616508,-0.022156477,0.097460032,0.062606096,0.182222605,0.084762573
jonah,t_~,20_0,20,0,5,0.084762573,-0.015700579,0.069061995,0.069075823,0.153838396,0.084776402
jonah,~_k,0_11,0,11,5,0.084776402,-0.031383753,0.053392649,0.062501669,0.14727807,0.093885422
jonah,k_n,11_14,11,14,5,0.093885422,0.068718195,0.162603617,0.169012547,0.262897968,0.100294352
jonah,n_o,14_15,14,15,5,0.100294352,0.069169283,0.169463634,0.153806925,0.254101276,0.084637642
jonah,o_w,15_23,15,23,5,0.084637642,0.015723705,0.100361347,0.084803343,0.169440985,0.069079638
jonah,w_r,23_18,23,18,6,0.11613965,-0.053487062,0.062652588,0.046972275,0.163111925,0.100459337
jonah,r_e,18_5,18,5,6,0.100459337,0.084178209,0.184637547,0.199929953,0.30038929,0.115751743
jonah,e_n,5_14,5,14,6,0.115751743,-0.031297684,0.08445406,0.069191456,0.184943199,0.10048914
jonah,n_c,14_3,14,3,6,0.10048914,0.046836138,0.147325277,0.147453308,0.247942448,0.10061717
jonah,c_h,3_8,3,8,6,0.10061717,-0.04689908,0.05371809,0.100472689,0.201089859,0.147371769
jonah,h_~,8_0,8,0,6,0.147371769,-0.015622139,0.13174963,0.069070578,0.216442347,0.084692717
jonah,~_f,0_6,0,6,6,0.084692717,0.046831369,0.131524086,0.153693199,0.238385916,0.10686183
jonah,f_o,6_15,6,15,6,0.10686183,0.015672922,0.122534752,0.116068125,0.222929955,0.100395203
jonah,o_x,15_24,15,24,6,0.100395203,0.031177282,0.131572485,0.147130966,0.247526169,0.115953684
jonah,b_e,2_5,2,5,3,0.116172791,0.031358242,0.147531033,0.116256237,0.232429028,0.084897995
jonah,e_d,5_4,5,4,3,0.084897995,0.084789515,0.16968751,0.185221672,0.270119667,0.100432158
jonah,d_~,4_0,4,0,3,0.100432158,-0.037822485,0.062609673,0.115950346,0.216382504,0.153772831
jonah,~_a,0_1,0,1,3,0.153772831,0.015624285,0.169397116,0.131659746,0.285432577,0.116035461
jonah,a_b,1_2,1,2,3,0.116035461,0.216487408,0.332522869,0.301156282,0.417191744,0.084668875
jonah,b_j,2_10,2,10,3,0.084668875,0.717453957,0.802122831,0.839590073,0.924258947,0.122136116
jonah,j_u,10_21,10,21,3,0.122136116,0.13124609,0.253382206,0.247313976,0.369450092,0.116067886
jonah,u_r,21_18,21,18,3,0.116067886,-0.015699148,0.100368738,0.053198338,0.169266224,0.068897486
jonah,r_e,18_5,18,5,3,0.068897486,0.093784809,0.162682295,0.194191456,0.263088942,0.100406647
jonah,p_o,16_15,16,15,4,0.154099464,-0.022258282,0.131841183,0.116175652,0.270275116,0.138433933
jonah,o_r,15_18,15,18,4,0.138433933,0.317190647,0.45562458,0.417590618,0.556024551,0.100399971
jonah,r_k,18_11,18,11,4,0.100399971,-0.031311512,0.069088459,0.131729603,0.232129574,0.163041115
jonah,k_~,11_0,11,0,4,0.163041115,-0.062614918,0.100426197,0.084810257,0.247851372,0.147425175
jonah,~_d,0_4,0,4,4,0.147425175,0.031251669,0.178676844,0.147183895,0.29460907,0.115932226
jonah,d_o,4_15,4,15,4,0.115932226,0.006540298,0.122472525,0.10648036,0.222412586,0.099940062
jonah,o_r,15_18,15,18,4,0.099940062,0.015707016,0.115647078,0.1156919,0.215631962,0.099984884
jonah,r_k,18_11,18,11,4,0.099984884,-0.01565671,0.084328175,0.116110325,0.216095209,0.131767035
jonah,k_y,11_25,11,25,4,0.131767035,0.031252861,0.163019896,0.162959337,0.294726372,0.131706476
jonah,q_u,17_21,17,21,5,0.11604476,-0.015519619,0.100525141,0.122820377,0.238865137,0.138339996
jonah,u_i,21_9,21,9,5,0.138339996,-0.069137812,0.069202185,0.062640429,0.200980425,0.13177824
jonah,i_e,9_5,9,5,5,0.13177824,0.069273472,0.201051712,0.216558218,0.348336458,0.147284746
jonah,e_t,5_20,5,20,5,0.147284746,0.169674158,0.316958904,0.301448345,0.448733091,0.131774187
jonah,t_~,20_0,20,0,5,0.131774187,0.724249601,0.856023788,0.824730635,0.956504822,0.100481033
jonah,~_g,0_7,0,7,5,0.100481033,0.216713667,0.3171947,0.301362991,0.401844025,0.084649324
jonah,g_y,7_25,7,25,5,0.084649324,0.44890523,0.533554554,0.549480438,0.634129763,0.100575209
jonah,y_r,25_18,25,18,5,0.100575209,0.031250477,0.131825686,0.131685257,0.232260466,0.10043478
jonah,r_o,18_15,18,15,5,0.10043478,0.037863255,0.138298035,0.122732639,0.223167419,0.084869385
jonah,q_u,17_21,17,21,6,0.100638151,-0.05364871,0.046989441,0.069136381,0.169774532,0.122785091
jonah,u_e,21_5,21,5,6,0.122785091,0.178586245,0.301371336,0.271937609,0.3947227,0.093351364
jonah,e_n,5_14,5,14,6,0.093351364,0.02918148,0.122532845,0.129540205,0.222891569,0.100358725
jonah,n_c,14_3,14,3,6,0.100358725,0.062539101,0.162897825,0.153019905,0.25337863,0.090480804
jonah,c_h,3_8,3,8,6,0.090480804,-0.015517473,0.074963331,0.110044956,0.200525761,0.125562429
jonah,h_~,8_0,8,0,6,0.125562429,-0.03125453,0.094307899,0.084894657,0.210457087,0.116149187
jonah,~_h,0_8,0,8,6,0.116149187,0.031319618,0.147468805,0.131755352,0.247904539,0.100435734
jonah,h_u,8_21,8,21,6,0.100435734,0.470243931,0.570679665,0.570649862,0.671085596,0.100405931
jonah,u_g,21_7,21,7,6,0.100405931,0.031198978,0.13160491,0.11562705,0.216032982,0.084428072
jonah,i_r,9_18,9,18,3,0.122510433,-0.022188902,0.100321531,0.099961519,0.222471952,0.122150421
jonah,r_k,18_11,18,11,3,0.122150421,-0.0216856,0.100464821,0.116186857,0.238337278,0.137872458
jonah,k_~,11_0,11,0,3,0.137872458,-0.053647518,0.084224939,0.062502146,0.200374603,0.116149664
jonah,~_o,0_15,0,15,3,0.116149664,0.022150993,0.138300657,0.122076511,0.238226175,0.099925518
jonah,o_b,15_2,15,2,3,0.099925518,0.078265905,0.178191423,0.162985563,0.262911081,0.084719658
jonah,b_j,2_10,2,10,3,0.084719658,0.015698433,0.100418091,0.115613937,0.200333595,0.099915504
jonah,j_e,10_5,10,5,3,0.099915504,0.03785944,0.137774944,0.138277054,0.238192558,0.100417614
jonah,e_c,5_3,5,3,3,0.100417614,0.084260225,0.184677839,0.215974331,0.316391945,0.131714106
jonah,c_t,3_20,3,20,3,0.131714106,0.269614697,0.401328802,0.385587454,0.517301559,0.115972757
jonah,k_n,11_14,11,14,4,0.11617589,0.062501669,0.178677559,0.162845135,0.279021025,0.100343466
jonah,n_o,14_15,14,15,4,0.100343466,0.100471497,0.200814962,0.20079565,0.301139116,0.100324154
jonah,o_t,15_20,15,20,4,0.100324154,0.037561893,0.137886047,0.153712749,0.254036903,0.116150856
jonah,t_~,20_0,20,0,4,0.116150856,0.015624762,0.131775618,0.146750689,0.262901545,0.131125927
jonah,~_v,0_22,0,22,4,0.131125927,0.069293261,0.200419188,0.169656754,0.300782681,0.100363493
jonah,v_i,22_9,22,9,4,0.100363493,-0.04690218,0.053461313,0.085006952,0.185370445,0.131909132
jonah,i_t,9_20,9,20,4,0.131909132,0.031253338,0.16316247,0.169611454,0.301520586,0.138358116
jonah,t_a,20_1,20,1,4,0.138358116,-0.053592205,0.084765911,0.078263044,0.216621161,0.131855249
jonah,a_l,1_12,1,12,4,0.131855249,-0.062622786,0.069232464,0.037409782,0.169265032,0.100032568
jonah,g_a,7_1,7,1,5,0.131370783,-0.031299114,0.100071669,0.099939346,0.231310129,0.131238461
jonah,a_t,1_20,1,20,5,0.131238461,0.015714407,0.146952868,0.131863356,0.263101816,0.116148949
jonah,t_e,20_5,20,5,5,0.116148949,0.137973785,0.254122734,0.22262311,0.338772058,0.084649324
jonah,e_d,5_4,5,4,5,0.084649324,0.093827248,0.178476572,0.216066599,0.300715923,0.122239351
jonah,d_~,4_0,4,0,5,0.122239351,-0.037414074,0.084825277,0.09991622,0.222155571,0.137330294
jonah,~_h,0_8,0,8,5,0.137330294,-0.01576519,0.121565104,0.084547043,0.221877337,0.100312233
jonah,h_i,8_9,8,9,5,0.100312233,0.099917173,0.200229406,0.193811178,0.294123411,0.093894005
jonah,i_n,9_14,9,14,5,0.093894005,0.084232807,0.178126812,0.184258223,0.278152227,0.100025415
jonah,n_d,14_4,14,4,5,0.100025415,-0.031251907,0.068773508,0.069178343,0.169203758,0.10043025
jonah,p_i,16_9,16,9,6,0.147331238,0.100426435,0.247757673,0.169597626,0.316928864,0.06917119
jonah,i_e,9_5,9,5,6,0.06917119,0.0312078,0.10037899,0.099919558,0.169090748,0.068711758
jonah,e_c,5_3,5,3,6,0.068711758,0.100415468,0.169127226,0.200833321,0.269545078,0.100417852
jonah,c_e,3_5,3,5,6,0.100417852,0.100414038,0.20083189,0.200829506,0.301247358,0.100415468
jonah,e_s,5_19,5,19,6,0.100415468,0.084900379,0.185315847,0.216675043,0.317090511,0.131774664
jonah,s_~,19_0,19,0,6,0.131774664,-0.031253338,0.100521326,0.138300896,0.27007556,0.169554234
jonah,~_l,0_12,0,12,6,0.169554234,0.278159618,0.447713852,0.400938511,0.570492744,0.122778893
jonah,l_y,12_25,12,25,6,0.122778893,0.10033083,0.223109722,0.216509581,0.339288473,0.116178751
jonah,y_e,25_5,25,5,6,0.116178751,0.031270266,0.147449017,0.116257668,0.232436419,0.084987402
jonah,k_e,11_5,11,5,3,0.099893332,0.053355217,0.153248549,0.169399977,0.269293308,0.11604476
jonah,e_y,5_25,5,25,3,0.11604476,0.015624523,0.131669283,0.15321517,0.26925993,0.137590647
jonah,y_~,25_0,25,0,3,0.137590647,0.557456493,0.69504714,0.663500071,0.801090717,0.106043577
jonah,~_d,0_4,0,4,3,0.106043577,0.170855999,0.276899576,0.301135778,0.407179356,0.130279779
jonah,d_i,4_9,4,9,3,0.130279779,-0.015720367,0.114559412,0.084789991,0.215069771,0.100510359
jonah,i_a,9_1,9,1,3,0.100510359,0.069368839,0.169879198,0.154149532,0.254659891,0.084780693
jonah,a_l,1_12,1,12,3,0.084780693,0.031388998,0.116169691,0.100524902,0.185305595,0.069135904
jonah,l_o,12_15,12,15,3,0.069135904,0.093892574,0.163028479,0.178714514,0.247850418,0.084821939
jonah,o_g,15_7,15,7,3,0.084821939,0.022207975,0.107029915,0.122139454,0.206961393,0.099931479
jonah,c_h,3_8,3,8,4,0.131859541,-0.084843874,0.047015667,0.031248331,0.163107872,0.116092205
jonah,h_u,8_21,8,21,4,0.116092205,0.084901333,0.200993538,0.185311556,0.301403761,0.100410223
jonah,u_m,21_13,21,13,4,0.100410223,0.100534678,0.200944901,0.201052904,0.301463127,0.100518227
jonah,m_~,13_0,13,0,4,0.100518227,0.031278372,0.131796598,0.116193771,0.216711998,0.0849154
jonah,~_b,0_2,0,2,4,0.0849154,0.137814522,0.222729921,0.238339424,0.323254824,0.100524902
jonah,b_i,2_9,2,9,4,0.100524902,-0.037883759,0.062641144,0.100418568,0.20094347,0.138302326
jonah,i_r,9_18,9,18,4,0.138302326,0.047022104,0.18532443,0.147467136,0.285769463,0.100445032
jonah,r_c,18_3,18,3,4,0.100445032,0.13166666,0.232111692,0.270105124,0.370550156,0.138438463
jonah,c_h,3_8,3,8,4,0.138438463,-0.053680897,0.084757566,0.015588999,0.154027462,0.069269896
jonah,l_a,12_1,12,1,5,0.100525379,0.015764713,0.116290092,0.131867647,0.232393026,0.116102934
jonah,a_u,1_21,1,21,5,0.116102934,-0.015737057,0.100365877,0.084731102,0.200834036,0.100468159
jonah,u_g,21_7,21,7,5,0.100468159,0.216695547,0.317163706,0.31710434,0.417572498,0.100408792
jonah,g_h,7_8,7,8,5,0.100408792,-0.015733004,0.084675789,0.131678581,0.232087374,0.147411585
jonah,h_~,8_0,8,0,5,0.147411585,-0.015624046,0.131787539,0.084793806,0.232205391,0.100417852
jonah,~_s,0_19,0,19,5,0.100417852,0.254194736,0.354612589,0.354623795,0.455041647,0.100429058
jonah,s_t,19_20,19,20,5,0.100429058,0.062640429,0.163069487,0.178791285,0.279220343,0.116150856
jonah,t_u,20_21,20,21,5,0.116150856,-0.046984673,0.069166183,0.037981987,0.154132843,0.08496666
jonah,u_n,21_14,21,14,5,0.08496666,0.084651947,0.169618607,0.184931993,0.269898653,0.100280046
jonah,v_a,22_1,22,1,6,0.14731741,-0.062408924,0.084908485,0.053497553,0.200814962,0.115906477
jonah,a_r,1_18,1,18,6,0.115906477,0.084507942,0.200414419,0.216282845,0.332189322,0.131774902
jonah,r_i,18_9,18,9,6,0.131774902,0.0155797,0.147354603,0.115991116,0.247766018,0.100411415
jonah,i_e,9_5,9,5,6,0.100411415,0.038023233,0.138434649,0.138442993,0.238854408,0.10041976
jonah,e_s,5_19,5,19,6,0.10041976,0.100250721,0.200670481,0.216292143,0.316711903,0.116041422
jonah,s_~,19_0,19,0,6,0.116041422,-0.053445816,0.062595606,0.06891489,0.184956312,0.122360706
jonah,~_c,0_3,0,3,6,0.122360706,0.031389952,0.153750658,0.100024939,0.222385645,0.068634987
jonah,c_r,3_18,3,18,6,0.068634987,0.116291523,0.18492651,0.232168913,0.3008039,0.11587739
jonah,r_y,18_25,18,25,6,0.11587739,0.53272748,0.64860487,0.66444993,0.78032732,0.13172245
jonah,y_a,25_1,25,1,3,0.069271564,-0.015764236,0.053507328,0.131775379,0.201046944,0.147539616
jonah,a_m,1_13,1,13,3,0.147539616,-0.031250715,0.1162889,0.153363705,0.30090332,0.18461442
jonah,m_~,13_0,13,0,3,0.18461442,-0.084162235,0.100452185,0.078284502,0.262898922,0.162446737
jonah,~_r,0_18,0,18,3,0.162446737,0.084788799,0.247235537,0.238801003,0.40124774,0.154012203
jonah,r_a,18_1,18,1,3,0.154012203,-0.06923604,0.084776163,0.046874762,0.200886965,0.116110802
jonah,a_n,1_14,1,14,3,0.116110802,0.015568018,0.13167882,0.137705803,0.253816605,0.122137785
jonah,n_d,14_4,14,4,3,0.122137785,0.062641382,0.184779167,0.17848897,0.300626755,0.115847588
jonah,d_o,4_15,4,15,3,0.115847588,0.021763563,0.137611151,0.08440423,0.200251818,0.062640667
jonah,o_m,15_13,15,13,3,0.062640667,0.115443468,0.178084135,0.200345993,0.26298666,0.084902525
jonah,f_i,6_9,6,9,4,0.115938663,-0.015518188,0.100420475,0.100521564,0.216460228,0.116039753
jonah,i_s,9_19,9,19,4,0.116039753,0.100466728,0.216506481,0.216223717,0.33226347,0.115756989
jonah,s_t,19_20,19,20,4,0.115756989,0.100526333,0.216283321,0.216067314,0.331824303,0.115540981
jonah,t_~,20_0,20,0,4,0.115540981,-0.031295776,0.084245205,0.122086525,0.237627506,0.153382301
jonah,~_t,0_20,0,20,4,0.153382301,0.062567234,0.215949535,0.162482262,0.315864563,0.099915028
jonah,t_r,20_18,20,18,4,0.099915028,0.115551233,0.215466261,0.268985033,0.368900061,0.1534338
jonah,r_a,18_1,18,1,4,0.1534338,-0.084840298,0.068593502,0.046877384,0.200311184,0.131717682
jonah,a_i,1_9,1,9,4,0.131717682,-0.078181744,0.053535938,0.021714687,0.153432369,0.099896431
jonah,i_n,9_14,9,14,4,0.099896431,0.100329161,0.200225592,0.184589148,0.284485579,0.084259987
jonah,b_a,2_1,2,1,5,0.116081953,-0.022246599,0.093835354,0.178153753,0.294235706,0.200400352
jonah,a_s,1_19,1,19,5,0.200400352,-0.078059196,0.122341156,0.100439072,0.300839424,0.178498268
jonah,s_i,19_9,19,9,5,0.178498268,-0.031250715,0.147247553,0.069181442,0.24767971,0.100432158
jonah,i_l,9_12,9,12,5,0.100432158,0.137887239,0.238319397,0.306164265,0.406596422,0.168277025
jonah,l_~,12_0,12,0,5,0.168277025,-0.067858219,0.100418806,0.07923913,0.247516155,0.147097349
jonah,~_u,0_21,0,21,5,0.147097349,0.131803989,0.278901339,0.231827259,0.378924608,0.10002327
jonah,u_n,21_14,21,14,5,0.10002327,0.100391865,0.200415134,0.200416327,0.300439596,0.100024462
jonah,n_t,14_20,14,20,5,0.100024462,0.022203207,0.122227669,0.138328314,0.238352776,0.116125107
jonah,t_o,20_15,20,15,5,0.116125107,-0.022216558,0.093908548,0.062611103,0.17873621,0.084827662
jonah,d_e,4_5,4,5,6,0.100470543,0.100527763,0.200998306,0.169594765,0.270065308,0.069067001
jonah,e_t,5_20,5,20,6,0.069067001,0.232019424,0.301086426,0.332426548,0.401493549,0.100407124
jonah,t_a,20_1,20,1,6,0.100407124,0.021771669,0.122178793,0.100038528,0.200445652,0.078266859
jonah,a_c,1_3,1,3,6,0.078266859,0.069219828,0.147486687,0.184704304,0.262971163,0.115484476
jonah,c_h,3_8,3,8,6,0.115484476,-0.015526533,0.099957943,0.116155624,0.2316401,0.131682158
jonah,h_~,8_0,8,0,6,0.131682158,-0.078173876,0.053508282,0.038116932,0.169799089,0.116290808
jonah,~_q,0_17,0,17,6,0.116290808,0.14729023,0.263581038,0.285619259,0.401910067,0.138329029
jonah,q_u,17_21,17,21,6,0.138329029,-0.022150278,0.116178751,0.099933386,0.238262415,0.122083664
jonah,u_a,21_1,21,1,6,0.122083664,0.046986341,0.169070005,0.131212234,0.253295898,0.084225893
jonah,w_i,23_9,23,9,3,0.100412607,0.015625238,0.116037846,0.11604166,0.216454268,0.100416422
jonah,i_z,9_26,9,26,3,0.100416422,0.031251431,0.131667852,0.131681919,0.232098341,0.100430489
jonah,z_~,26_0,26,0,3,0.100430489,-0.031251192,0.069179296,0.122526884,0.222957373,0.153778076
jonah,~_s,0_19,0,19,3,0.153778076,0.015764475,0.169542551,0.147555351,0.301333427,0.131790876
jonah,s_h,19_8,19,8,3,0.131790876,0.153974295,0.285765171,0.254460812,0.386251688,0.100486517
jonah,h_r,8_18,8,18,3,0.100486517,0.564687014,0.665173531,0.66504097,0.765527487,0.100353956
jonah,r_i,18_9,18,9,3,0.100353956,-0.015559196,0.08479476,0.08479619,0.185150146,0.100355387
jonah,i_n,9_14,9,14,3,0.100355387,0.10048008,0.200835466,0.200465202,0.300820589,0.099985123
jonah,n_k,14_11,14,11,3,0.099985123,0.100022793,0.200007915,0.216230869,0.316215992,0.116208076
jonah,o_n,15_14,15,14,4,0.100503683,0.116014719,0.216518402,0.216434717,0.3169384,0.100419998
jonah,n_l,14_12,14,12,4,0.100419998,0.12250495,0.222924948,0.254208565,0.354628563,0.131703615
jonah,l_y,12_25,12,25,4,0.131703615,0.031358242,0.163061857,0.169167042,0.300870657,0.1378088
jonah,y_~,25_0,25,0,4,0.1378088,-0.021755219,0.116053581,0.093892813,0.231701612,0.115648031
jonah,~_k,0_11,0,11,4,0.115648031,0.084825993,0.200474024,0.200975418,0.316623449,0.116149426
jonah,k_r,11_18,11,18,4,0.116149426,0.037924767,0.154074192,0.169107676,0.285257101,0.131182909
jonah,r_o,18_15,18,15,4,0.131182909,0.015674353,0.146857262,0.100521564,0.231704473,0.084847212
jonah,o_n,15_14,15,14,4,0.084847212,0.100524664,0.185371876,0.216675758,0.30152297,0.116151094
jonah,n_e,14_5,14,5,4,0.116151094,-0.015625238,0.100525856,0.100526571,0.216677666,0.11615181
jonah,y_o,25_15,25,15,5,0.131173849,0.03114152,0.162315369,0.100415945,0.231589794,0.069274426
jonah,o_d,15_4,15,4,5,0.069274426,0.085009336,0.154283762,0.185532808,0.254807234,0.100523472
jonah,d_e,4_5,4,5,5,0.100523472,0.116055727,0.216579199,0.21660924,0.317132711,0.100553513
jonah,e_l,5_12,5,12,5,0.100553513,-0.069315434,0.031238079,0.10059309,0.201146603,0.169908524
jonah,l_~,12_0,12,0,5,0.169908524,-0.069297552,0.100610971,0.100523949,0.270432472,0.169821501
jonah,~_e,0_5,0,5,5,0.169821501,0.046830893,0.216652393,0.153801918,0.323623419,0.106971025
jonah,e_c,5_3,5,3,5,0.106971025,0.100416183,0.207387209,0.232113361,0.339084387,0.131697178
jonah,c_h,3_8,3,8,5,0.131697178,-0.069059134,0.062638044,0.031253576,0.162950754,0.10031271
jonah,h_o,8_15,8,15,5,0.10031271,0.116089106,0.216401815,0.200700283,0.301012993,0.084611177
jonah,b_o,2_15,2,15,6,0.084292889,0.053295851,0.137588739,0.168989658,0.253282547,0.115693808
jonah,o_t,15_20,15,20,6,0.115693808,0.115903854,0.231597662,0.1628654,0.278559208,0.046961546
jonah,t_f,20_6,20,6,6,0.046961546,0.422839642,0.469801188,0.554066658,0.601028204,0.131227016
jonah,f_l,6_12,6,12,6,0.131227016,0.015732765,0.146959782,0.146920443,0.278147459,0.131187677
jonah,l_y,12_25,12,25,6,0.131187677,-0.015625954,0.115561724,0.10035944,0.231547117,0.115985394
jonah,y_~,25_0,25,0,6,0.115985394,0.021759272,0.137744665,0.115649462,0.231634855,0.09389019
jonah,~_t,0_20,0,20,6,0.09389019,0.137832403,0.231722593,0.269371986,0.363262177,0.131539583
jonah,t_u,20_21,20,21,6,0.131539583,-0.031251431,0.100288153,0.084641218,0.216180801,0.115892649
jonah,u_x,21_24,21,24,6,0.115892649,0.084679127,0.200571775,0.231516361,0.34740901,0.146837234
jonah,d_i,4_9,4,9,3,0.106479883,-0.037274361,0.069205523,0.10047555,0.206955433,0.13774991
jonah,i_g,9_7,9,7,3,0.13774991,0.015764236,0.153514147,0.116276741,0.254026651,0.100512505
jonah,g_~,7_0,7,0,3,0.100512505,-0.038038492,0.062474012,0.115437746,0.215950251,0.153476238
jonah,~_t,0_20,0,20,3,0.153476238,0.01573348,0.169209719,0.100528717,0.254004955,0.084795237
jonah,t_e,20_5,20,5,3,0.084795237,0.131688118,0.216483355,0.251593351,0.336388588,0.119905233
jonah,e_n,5_14,5,14,3,0.119905233,-0.050695658,0.069209576,0.065183163,0.185088396,0.11587882
jonah,n_d,14_4,14,4,3,0.11587882,0.068830729,0.184709549,0.184978724,0.300857544,0.116147995
jonah,d_o,4_15,4,15,3,0.116147995,0.301572084,0.417720079,0.386470318,0.502618313,0.084898233
jonah,o_n,15_14,15,14,3,0.084898233,0.116153955,0.201052189,0.200951338,0.285849571,0.084797382
jonah,n_o,14_15,14,15,4,0.116025686,0.100462675,0.216488361,0.216556311,0.332581997,0.116093636
jonah,o_d,15_4,15,4,4,0.116093636,-0.046876431,0.069217205,0.031250954,0.147344589,0.078127384
jonah,d_e,4_5,4,5,4,0.078127384,0.10646081,0.184588194,0.206934214,0.285061598,0.100473404
jonah,e_~,5_0,5,0,4,0.100473404,-0.037826061,0.062647343,0.078195333,0.178668737,0.116021395
jonah,~_p,0_16,0,16,4,0.116021395,-0.031180143,0.084841251,0.053720474,0.169741869,0.084900618
jonah,p_i,16_9,16,9,4,0.084900618,0.084791899,0.169692516,0.201053858,0.285954475,0.116261959
jonah,i_x,9_24,9,24,4,0.116261959,-0.015626192,0.100635767,0.084715843,0.200977802,0.100342035
jonah,x_e,24_5,24,5,4,0.100342035,0.084722519,0.185064554,0.216517448,0.316859484,0.13179493
jonah,e_l,5_12,5,12,4,0.13179493,-0.05352807,0.078266859,0.046904087,0.178699017,0.100432158
jonah,z_o,26_15,26,15,5,0.100307465,-0.031323671,0.068983793,0.046918392,0.147225857,0.078242064
jonah,o_n,15_14,15,14,5,0.078242064,0.084776402,0.163018465,0.185092449,0.263334513,0.100316048
jonah,n_a,14_1,14,1,5,0.100316048,0.037878752,0.138194799,0.169587374,0.269903421,0.131708622
jonah,a_l,1_12,1,12,5,0.131708622,-0.015517473,0.116191149,0.116256952,0.247965574,0.131774426
jonah,l_~,12_0,12,0,5,0.131774426,-0.031304598,0.100469828,0.069274902,0.201049328,0.1005795
jonah,~_o,0_15,0,15,5,0.1005795,0.062502384,0.163081884,0.184682369,0.285261869,0.122179985
jonah,o_g,15_7,15,7,5,0.122179985,0.131772518,0.253952503,0.21616888,0.338348866,0.084396362
jonah,g_r,7_18,7,18,5,0.084396362,0.14679575,0.231192112,0.215897322,0.300293684,0.069101572
jonah,r_e,18_5,18,5,5,0.069101572,0.116173744,0.185275316,0.216058016,0.285159588,0.099884272
jonah,t_r,20_18,20,18,6,0.084800243,0.116044998,0.200845242,0.216398478,0.301198721,0.100353479
jonah,r_o,18_15,18,15,6,0.100353479,0.031259775,0.131613255,0.137827873,0.238181353,0.106568098
jonah,o_v,15_22,15,22,6,0.106568098,0.015696764,0.122264862,0.116288424,0.222856522,0.10059166
jonah,v_e,22_5,22,5,6,0.10059166,0.100527525,0.201119184,0.185176849,0.285768509,0.084649324
jonah,e_r,5_18,5,18,6,0.084649324,0.078267097,0.162916422,0.200730562,0.285379887,0.122463465
jonah,r_~,18_0,18,0,6,0.122463465,-0.069061041,0.053402424,0.062590599,0.185054064,0.13165164
jonah,~_m,0_13,0,13,6,0.13165164,-0.046907663,0.084743977,0.069091082,0.200742722,0.115998745
jonah,m_u,13_21,13,21,6,0.115998745,0.084303856,0.200302601,0.168987989,0.284986734,0.084684134
jonah,u_g,21_7,21,7,6,0.084684134,0.047017574,0.131701708,0.147494793,0.232178926,0.100477219
jonah,a_c,1_3,1,3,3,0.116044521,-0.053478718,0.062565804,0.06251812,0.178562641,0.115996838
jonah,c_t,3_20,3,20,3,0.115996838,0.100299597,0.216296434,0.185096264,0.301093102,0.084796667
jonah,t_~,20_0,20,0,3,0.084796667,-0.031250477,0.05354619,0.100353479,0.185150146,0.131603956
jonah,~_m,0_13,0,13,3,0.131603956,-0.031146526,0.10045743,0.084896088,0.216500044,0.116042614
jonah,m_a,13_1,13,1,3,0.116042614,-0.015682697,0.100359917,0.100400686,0.2164433,0.116083384
jonah,a_r,1_18,1,18,3,0.116083384,-0.069151402,0.046931982,0.031250715,0.147334099,0.100402117
jonah,r_b,18_2,18,2,3,0.100402117,0.116048098,0.216450214,0.216474533,0.31687665,0.100426435
jonah,b_l,2_12,2,12,3,0.100426435,0.021798849,0.122225285,0.084300756,0.184727192,0.062501907
jonah,l_e,12_5,12,5,3,0.062501907,0.037915945,0.100417852,0.137939215,0.200441122,0.10002327
jonah,e_v,5_22,5,22,4,0.084551096,0.131703377,0.216254473,0.23225069,0.316801786,0.100547314
jonah,v_i,22_9,22,9,4,0.100547314,-0.046876192,0.053671122,0.053467512,0.154014826,0.100343704
jonah,i_l,9_12,9,12,4,0.100343704,0.069145441,0.169489145,0.185218811,0.285562515,0.11607337
jonah,l_~,12_0,12,0,4,0.11607337,-0.053431511,0.062641859,0.100311279,0.216384649,0.15374279
jonah,~_l,0_12,0,12,4,0.15374279,0.015734673,0.169477463,0.078128099,0.23187089,0.062393427
jonah,l_u,12_21,12,21,4,0.062393427,0.084821701,0.147215128,0.184760094,0.247153521,0.099938393
jonah,u_c,21_3,21,3,4,0.099938393,0.022289038,0.12222743,0.100529194,0.200467587,0.078240156
jonah,c_i,3_9,3,9,4,0.078240156,0.022283792,0.100523949,0.100550175,0.178790331,0.078266382
jonah,i_d,9_4,9,4,4,0.078266382,0.03791976,0.116186142,0.13836813,0.216634512,0.10044837
jonah,w_a,23_1,23,1,5,0.185218334,-0.053444624,0.13177371,0.1000669,0.285285234,0.153511524
jonah,a_k,1_11,1,11,5,0.153511524,-0.031294107,0.122217417,0.084487438,0.237998962,0.115781546
jonah,k_e,11_5,11,5,5,0.115781546,0.031142473,0.146924019,0.131778479,0.247560024,0.100636005
jonah,e_s,5_19,5,19,5,0.100636005,0.069273472,0.169909477,0.18531847,0.285954475,0.116044998
jonah,s_~,19_0,19,0,5,0.116044998,-0.015627623,0.100417376,0.131607533,0.247652531,0.147235155
jonah,~_c,0_3,0,3,5,0.147235155,-0.031194687,0.116040468,0.069232464,0.216467619,0.100427151
jonah,c_a,3_1,3,1,5,0.100427151,-0.015644789,0.084782362,0.131679058,0.232106209,0.147323847
jonah,a_r,1_18,1,18,5,0.147323847,-0.031250954,0.116072893,0.084733963,0.23205781,0.115984917
jonah,r_t,18_20,18,20,5,0.115984917,0.084960222,0.200945139,0.169709682,0.285694599,0.08474946
jonah,u_n,21_14,21,14,6,0.084656954,0.100297213,0.184954166,0.238384485,0.323041439,0.138087273
jonah,n_s,14_19,14,19,6,0.138087273,-0.022135496,0.115951777,0.147428751,0.285516024,0.169564247
jonah,s_a,19_1,19,1,6,0.169564247,-0.084869862,0.084694386,0.069115877,0.238680124,0.153985739
jonah,a_i,1_9,1,9,6,0.153985739,-0.022320986,0.131664753,0.084165812,0.23815155,0.106486797
jonah,i_d,9_4,9,4,6,0.106486797,0.03129673,0.137783527,0.147506714,0.253993511,0.116209984
jonah,d_~,4_0,4,0,6,0.116209984,-0.015715599,0.100494385,0.11615181,0.232361794,0.131867409
jonah,~_z,0_26,0,26,6,0.131867409,0.053595066,0.185462475,0.169201136,0.301068544,0.11560607
jonah,z_e,26_5,26,5,6,0.11560607,0.084857941,0.20046401,0.205800056,0.321406126,0.120942116
jonah,e_n,5_14,5,14,6,0.120942116,-0.058396578,0.062545538,0.031252146,0.152194262,0.089648724
jonah,p_a,16_1,16,1,3,0.10042882,-0.022162437,0.078266382,0.078266859,0.178695679,0.100429296
jonah,a_y,1_25,1,25,3,0.100429296,0.053598881,0.154028177,0.138500452,0.238929749,0.084901571
jonah,y_~,25_0,25,0,3,0.084901571,0.062394142,0.147295713,0.147293806,0.232195377,0.084899664
jonah,~_g,0_7,0,7,3,0.084899664,0.115543604,0.200443268,0.200486183,0.285385847,0.084942579
jonah,g_l,7_12,7,12,3,0.084942579,0.037835121,0.1227777,0.153883219,0.238825798,0.116048098
jonah,l_a,12_1,12,1,3,0.116048098,-0.037764788,0.07828331,0.100498438,0.216546535,0.138263226
jonah,a_r,1_18,1,18,3,0.138263226,-0.015655041,0.122608185,0.07823658,0.216499805,0.093891621
jonah,r_e,18_5,18,5,3,0.093891621,0.0848279,0.178719521,0.153554678,0.247446299,0.068726778
jonah,e_d,5_4,5,4,3,0.068726778,0.084842682,0.15356946,0.201066971,0.269793749,0.116224289
jonah,s_a,19_1,19,1,4,0.147275686,-0.100400209,0.046875477,0.037480354,0.184756041,0.137880564
jonah,a_l,1_12,1,12,4,0.137880564,-0.015651941,0.122228622,0.116263866,0.25414443,0.131915808
jonah,l_t,12_20,12,20,4,0.131915808,-0.031388998,0.10052681,0.084794521,0.216710329,0.116183519
jonah,t_~,20_0,20,0,4,0.116183519,-0.037919998,0.078263521,0.100530863,0.216714382,0.138450861
jonah,~_n,0_14,0,14,4,0.138450861,-0.015663147,0.122787714,0.062524796,0.200975657,0.078187943
jonah,n_u,14_21,14,21,4,0.078187943,0.100468874,0.178656816,0.185268164,0.263456106,0.08479929
jonah,u_r,21_18,21,18,4,0.08479929,0.031139612,0.115938902,0.138104916,0.222904205,0.106965303
jonah,r_s,18_19,18,19,4,0.106965303,0.047013521,0.153978825,0.147339106,0.254304409,0.100325584
jonah,s_e,19_5,19,5,4,0.100325584,0.03134203,0.131667614,0.131801605,0.23212719,0.100459576
jonah,s_a,19_1,19,1,5,0.169660568,-0.100526094,0.069134474,0.031286716,0.200947285,0.131812811
jonah,a_i,1_9,1,9,5,0.131812811,-0.053546906,0.078265905,0.046979904,0.178792715,0.10052681
jonah,i_n,9_14,9,14,5,0.10052681,0.084895849,0.185422659,0.200979471,0.301506281,0.116083622
jonah,n_t,14_20,14,20,5,0.116083622,-0.031181812,0.08490181,0.068851709,0.184935331,0.100033522
jonah,t_~,20_0,20,0,5,0.100033522,-0.015624285,0.084409237,0.084854126,0.184887648,0.100478411
jonah,~_d,0_4,0,4,5,0.100478411,0.031139612,0.131618023,0.14713788,0.247616291,0.115998268
jonah,d_u,4_21,4,21,5,0.115998268,-0.015552998,0.100445271,0.100435495,0.216433764,0.115988493
jonah,u_a,21_1,21,1,5,0.115988493,0.022148848,0.138137341,0.138190269,0.254178762,0.116041422
jonah,a_l,1_12,1,12,5,0.116041422,-0.022221804,0.093819618,0.0625875,0.178628922,0.084809303
jonah,g_r,7_18,7,18,6,0.08483243,0.138320446,0.223152876,0.270157099,0.354989529,0.131836653
jonah,r_a,18_1,18,1,6,0.131836653,-0.069196939,0.062639713,0.031252861,0.163089514,0.1004498
jonah,a_t,1_20,1,20,6,0.1004498,0.069072485,0.169522285,0.153967142,0.254416943,0.084894657
jonah,t_e,20_5,20,5,6,0.084894657,0.084759235,0.169653893,0.163024187,0.247918844,0.078264952
jonah,e_d,5_4,5,4,6,0.078264952,0.084751129,0.163016081,0.18538332,0.263648272,0.100632191
jonah,d_~,4_0,4,0,6,0.100632191,-0.015624523,0.085007668,0.100419998,0.201052189,0.116044521
jonah,~_w,0_23,0,23,6,0.116044521,-0.015521526,0.100522995,0.084863901,0.200908422,0.100385427
jonah,w_i,23_9,23,9,6,0.100385427,-0.015732527,0.084652901,0.084291935,0.184677362,0.100024462
jonah,i_g,9_7,9,7,6,0.100024462,0.031248808,0.13127327,0.131240845,0.231265306,0.099992037
jonah,r_a,18_1,18,1,3,0.16948247,-0.084755898,0.084726572,0.046876192,0.216358662,0.13163209
jonah,a_m,1_13,1,13,3,0.13163209,-0.062501192,0.069130898,0.084688425,0.216320515,0.147189617
jonah,m_~,13_0,13,0,3,0.147189617,-0.046756268,0.10043335,0.084962845,0.232152462,0.131719112
jonah,~_u,0_21,0,21,3,0.131719112,0.031252146,0.162971258,0.13173008,0.263449192,0.100477934
jonah,u_n,21_14,21,14,3,0.100477934,0.084710121,0.185188055,0.185257196,0.28573513,0.100547075
jonah,n_b,14_2,14,2,3,0.100547075,0.015563011,0.116110086,0.10033679,0.200883865,0.084773779
jonah,b_o,2_15,2,15,3,0.084773779,0.03781271,0.122586489,0.116075754,0.200849533,0.078263044
jonah,o_r,15_18,15,18,3,0.078263044,0.022093773,0.100356817,0.13774395,0.216006994,0.115650177
jonah,r_n,18_14,18,14,3,0.115650177,-0.015739679,0.099910498,0.046873093,0.16252327,0.062612772
jonah,z_e,26_5,26,5,4,0.095868111,0.069166183,0.165034294,0.216676712,0.312544823,0.147510529
jonah,e_a,5_1,5,1,4,0.147510529,-0.062640667,0.084869862,0.053485632,0.200996161,0.116126299
jonah,a_l,1_12,1,12,4,0.116126299,-0.022235155,0.093891144,0.100439787,0.216566086,0.122674942
jonah,l_~,12_0,12,0,4,0.122674942,-0.053455353,0.069219589,0.062505245,0.185180187,0.115960598
jonah,~_i,0_9,0,9,4,0.115960598,0.0379076,0.153868198,0.138332605,0.254293203,0.100425005
jonah,i_t,9_20,9,20,4,0.100425005,-0.015653849,0.084771156,0.084764242,0.185189247,0.100418091
jonah,t_e,20_5,20,5,4,0.100418091,0.100384235,0.200802326,0.216569662,0.316987753,0.116185427
jonah,e_m,5_13,5,13,4,0.116185427,0.015633821,0.131819248,0.11606741,0.232252836,0.100433588
jonah,m_s,13_19,13,19,4,0.100433588,0.146901131,0.247334719,0.247364521,0.347798109,0.10046339
jonah,f_i,6_9,6,9,5,0.11612606,0.733850956,0.849977016,0.818565607,0.934691668,0.084714651
jonah,i_r,9_18,9,18,5,0.084714651,-0.031357765,0.053356886,0.068619013,0.153333664,0.099976778
jonah,r_s,18_19,18,19,5,0.099976778,0.015701771,0.115678549,0.131706476,0.231683254,0.116004705
jonah,s_t,19_20,19,20,5,0.116004705,0.068558693,0.184563398,0.169009924,0.285014629,0.100451231
jonah,t_~,20_0,20,0,5,0.100451231,0.015624762,0.116075993,0.131619453,0.232070684,0.115994692
jonah,~_l,0_12,0,12,5,0.115994692,0.201018095,0.317012787,0.30792141,0.423916101,0.106903315
jonah,l_a,12_1,12,1,5,0.106903315,0.015627861,0.122531176,0.109452963,0.216356277,0.093825102
jonah,a_i,1_9,1,9,5,0.093825102,0.022169352,0.115994453,0.084823132,0.178648233,0.06265378
jonah,i_r,9_18,9,18,5,0.06265378,0.069173098,0.131826878,0.169643164,0.232296944,0.100470066
jonah,k_i,11_9,11,9,6,0.062529564,0.100371599,0.162901163,0.200813293,0.263342857,0.100441694
jonah,i_d,9_4,9,4,6,0.100441694,-0.015623808,0.084817886,0.053539515,0.153981209,0.069163322
jonah,d_n,4_14,4,14,6,0.069163322,0.046899319,0.116062641,0.168896198,0.238059521,0.12199688
jonah,n_e,14_5,14,5,6,0.12199688,-0.05297184,0.06902504,0.031395197,0.153392076,0.084367037
jonah,e_y,5_25,5,25,6,0.084367037,0.115555763,0.1999228,0.215900183,0.30026722,0.100344419
jonah,y_~,25_0,25,0,6,0.100344419,0.015625954,0.115970373,0.131218433,0.231562853,0.11559248
jonah,~_e,0_5,0,5,6,0.11559248,0.015624762,0.131217241,0.121592045,0.237184525,0.105967283
jonah,e_a,5_1,5,1,6,0.105967283,-0.052943468,0.053023815,0.093904495,0.199871778,0.146847963
jonah,a_r,1_18,1,18,6,0.146847963,-0.031249523,0.11559844,0.053556442,0.200404406,0.084805965
jonah,z_i,26_9,26,9,3,0.131740808,-0.037939072,0.093801737,0.06238842,0.194129229,0.100327492
jonah,i_g,9_7,9,7,3,0.100327492,0.471160173,0.571487665,0.555840731,0.656168222,0.084680557
jonah,g_~,7_0,7,0,3,0.084680557,-0.015629053,0.069051504,0.131243467,0.215924025,0.14687252
jonah,~_e,0_5,0,5,3,0.14687252,0.021668673,0.168541193,0.122155428,0.269027948,0.100486755
jonah,e_n,5_14,5,14,3,0.100486755,-0.037865162,0.062621593,0.078264713,0.178751469,0.116129875
jonah,n_r,14_18,14,18,3,0.116129875,0.037946224,0.154076099,0.153998137,0.270128012,0.116051912
jonah,r_i,18_9,18,9,3,0.116051912,-0.031391382,0.08466053,0.069052458,0.18510437,0.10044384
jonah,i_c,9_3,9,3,3,0.10044384,0.062654257,0.163098097,0.178130388,0.278574228,0.115476131
jonah,c_h,3_8,3,8,3,0.115476131,-0.062412262,0.053063869,0.038113594,0.153589725,0.100525856
jonah,q_u,17_21,17,21,4,0.100524664,-0.031365871,0.069158792,0.06927371,0.169798374,0.100639582
jonah,u_i,21_9,21,9,4,0.100639582,0.100409508,0.201049089,0.200320959,0.300960541,0.099911451
jonah,i_z,9_26,9,26,4,0.099911451,-0.015621424,0.084290028,0.099943638,0.199855089,0.115565062
jonah,z_~,26_0,26,0,4,0.115565062,-0.046916246,0.068648815,0.031362057,0.146927118,0.078278303
jonah,~_o,0_15,0,15,4,0.078278303,0.022166729,0.100445032,0.153907299,0.232185602,0.13174057
jonah,o_w,15_23,15,23,4,0.13174057,-0.031293631,0.100446939,0.084954977,0.216695547,0.116248608
jonah,w_n,23_14,23,14,4,0.116248608,0.031250715,0.147499323,0.100529432,0.21677804,0.069278717
jonah,n_e,14_5,14,5,4,0.069278717,0.031249046,0.100527763,0.116097689,0.185376406,0.084848642
jonah,e_d,5_4,5,4,4,0.084848642,0.084902048,0.16975069,0.200963497,0.28581214,0.116061449
jonah,o_m,15_13,15,13,5,0.084593058,0.09390378,0.178496838,0.163092852,0.247685909,0.069189072
jonah,m_i,13_9,13,9,5,0.069189072,0.100022078,0.169211149,0.200547218,0.26973629,0.100525141
jonah,i_t,9_20,9,20,5,0.100525141,-0.031250954,0.069274187,0.06914115,0.16966629,0.100392103
jonah,t_s,20_19,20,19,5,0.100392103,0.084316254,0.184708357,0.184842587,0.28523469,0.100526333
jonah,s_~,19_0,19,0,5,0.100526333,-0.053649664,0.046876669,0.084763527,0.18528986,0.138413191
jonah,~_b,0_2,0,2,5,0.138413191,0.031389475,0.169802666,0.147426367,0.285839558,0.116036892
jonah,b_a,2_1,2,1,5,0.116036892,0.031248093,0.147284985,0.16981864,0.285855532,0.138570547
jonah,a_r,1_18,1,18,5,0.138570547,-0.015672207,0.12289834,0.084851027,0.223421574,0.100523233
jonah,r_f,18_6,18,6,5,0.100523233,0.100525141,0.201048374,0.232383013,0.332906246,0.131857872
jonah,n_i,14_9,14,9,6,0.0847404,0.08432126,0.169061661,0.169091463,0.253831863,0.084770203
jonah,i_m,9_13,9,13,6,0.084770203,0.100368261,0.185138464,0.216454744,0.301224947,0.116086483
jonah,m_b,13_2,13,2,6,0.116086483,0.031321526,0.147408009,0.131763697,0.24785018,0.100442171
jonah,b_l,2_12,2,12,6,0.100442171,0.053644896,0.154087067,0.154080391,0.254522562,0.100435495
jonah,l_e,12_5,12,5,6,0.100435495,0.015717745,0.11615324,0.147496462,0.247931957,0.131778717
jonah,e_~,5_0,5,0,6,0.131778717,-0.015675545,0.116103172,0.100527048,0.232305765,0.116202593
jonah,~_p,0_16,0,16,6,0.116202593,0.053649187,0.16985178,0.154188633,0.270391226,0.100539446
jonah,p_l,16_12,16,12,6,0.100539446,0.100445271,0.200984716,0.200783014,0.30132246,0.100337744
jonah,l_y,12_25,12,25,6,0.100337744,-0.037836552,0.062501192,0.078136683,0.178474426,0.115973234
jonah,l_i,12_9,12,9,3,0.069036007,0.084285975,0.153321981,0.184269905,0.253305912,0.099983931
jonah,i_t,9_20,9,20,3,0.099983931,-0.015701056,0.084282875,0.10045433,0.200438261,0.116155386
jonah,t_~,20_0,20,0,3,0.116155386,-0.015727282,0.100428104,0.046920061,0.163075447,0.062647343
jonah,~_q,0_17,0,17,3,0.062647343,0.037382126,0.100029469,0.137906313,0.200553656,0.100524187
jonah,q_u,17_21,17,21,3,0.100524187,-0.022259474,0.078264713,0.062642097,0.163166285,0.084901571
jonah,u_o,21_15,21,15,3,0.084901571,0.100525618,0.185427189,0.185312271,0.270213842,0.084786654
jonah,o_t,15_20,15,20,3,0.084786654,-0.046902895,0.037883759,0.069302797,0.154089451,0.116205692
jonah,t_e,20_5,20,5,3,0.116205692,0.100445509,0.216651201,0.18521452,0.301420212,0.084769011
jonah,e_d,5_4,5,4,3,0.084769011,0.093800068,0.178569078,0.232178211,0.316947222,0.138378143
jonah,u_s,21_19,21,19,4,0.116115808,0.015620947,0.131736755,0.100433826,0.216549635,0.08481288
jonah,s_e,19_5,19,5,4,0.08481288,0.053044558,0.137857437,0.137886047,0.222698927,0.08484149
jonah,e_r,5_18,5,18,4,0.08484149,0.100518465,0.185359955,0.216737032,0.301578522,0.116218567
jonah,r_~,18_0,18,0,4,0.116218567,-0.015692949,0.100525618,0.116089106,0.232307673,0.131782055
jonah,~_s,0_19,0,19,4,0.131782055,-0.015627861,0.116154194,0.10044384,0.232225895,0.116071701
jonah,s_h,19_8,19,8,4,0.116071701,-0.031390429,0.084681273,0.062449455,0.178521156,0.093839884
jonah,h_o,8_15,8,15,4,0.093839884,0.084798336,0.17863822,0.185247421,0.279087305,0.100449085
jonah,o_r,15_18,15,18,4,0.100449085,0.022259474,0.122708559,0.100524902,0.200973988,0.078265429
jonah,r_e,18_5,18,5,4,0.078265429,0.084754229,0.163019657,0.223077059,0.301342487,0.13832283
jonah,d_e,4_5,4,5,5,0.084793568,0.068773746,0.153567314,0.184924126,0.269717693,0.116150379
jonah,e_a,5_1,5,1,5,0.116150379,-0.031344414,0.084805965,0.069185019,0.185335398,0.100529432
jonah,a_t,1_20,1,20,5,0.100529432,0.031342268,0.1318717,0.147466421,0.247995853,0.116124153
jonah,t_h,20_8,20,8,5,0.116124153,-0.046876192,0.069247961,0.069174767,0.18529892,0.116050959
jonah,h_~,8_0,8,0,5,0.116050959,-0.03136301,0.084687948,0.08484745,0.200898409,0.116210461
jonah,~_p,0_16,0,16,5,0.116210461,0.664695263,0.780905724,0.765159845,0.881370306,0.100464582
jonah,p_a,16_1,16,1,5,0.100464582,0.037945032,0.138409615,0.122654676,0.223119259,0.084709644
jonah,a_n,1_14,1,14,5,0.084709644,0.015763283,0.100472927,0.078264475,0.162974119,0.062501192
jonah,n_t,14_20,14,20,5,0.062501192,0.06923914,0.131740332,0.169240713,0.231741905,0.100001574
jonah,f_u,6_21,6,21,6,0.100430012,0.03125596,0.131685972,0.131700754,0.232130766,0.100444794
jonah,u_n,21_14,21,14,6,0.100444794,0.100589514,0.201034307,0.216661215,0.317106009,0.116071701
jonah,n_g,14_7,14,7,6,0.116071701,0.069196701,0.185268402,0.216516018,0.332587719,0.147319317
jonah,g_u,7_21,7,21,6,0.147319317,-0.031250477,0.11606884,0.069188595,0.216507912,0.100439072
jonah,u_s,21_19,21,19,6,0.100439072,0.03777504,0.138214111,0.153487682,0.253926754,0.115712643
jonah,s_~,19_0,19,0,6,0.115712643,0.031249762,0.146962404,0.100524187,0.21623683,0.069274426
jonah,~_d,0_4,0,4,6,0.069274426,0.116115093,0.185389519,0.263465881,0.332740307,0.147350788
jonah,d_o,4_15,4,15,6,0.147350788,-0.015573502,0.131777287,0.08486557,0.232216358,0.100439072
jonah,o_x,15_24,15,24,6,0.100439072,0.03125,0.131689072,0.168623924,0.269062996,0.137373924
jonah,j_a,10_1,10,1,3,0.131836891,0.015625,0.147461891,0.147311687,0.279148579,0.131686687
jonah,a_r,1_18,1,18,3,0.131686687,-0.04678607,0.084900618,0.084876299,0.216562986,0.131662369
jonah,r_~,18_0,18,0,3,0.131662369,-0.031227827,0.100434542,0.069246769,0.200909138,0.100474596
jonah,~_l,0_12,0,12,3,0.100474596,0.031250477,0.131725073,0.131163597,0.231638193,0.09991312
jonah,l_a,12_1,12,1,3,0.09991312,0.015654087,0.115567207,0.10060215,0.20051527,0.084948063
jonah,a_n,1_14,1,14,3,0.084948063,0.015534401,0.100482464,0.100337029,0.185285091,0.084802628
jonah,n_c,14_3,14,3,3,0.084802628,-0.031139612,0.053663015,0.069387674,0.154190302,0.100527287
jonah,c_e,3_5,3,5,3,0.100527287,0.084808111,0.185335398,0.185329676,0.285856962,0.100521564
jonah,e_s,5_19,5,19,3,0.100521564,0.062410116,0.162931681,0.232097626,0.33261919,0.16968751
jonah,m_e,13_5,13,5,4,0.140308857,-0.015620708,0.124688148,0.12263751,0.262946367,0.138258219
jonah,e_a,5_1,5,1,4,0.138258219,-0.062604189,0.07565403,0.069140911,0.20739913,0.1317451
jonah,a_n,1_14,1,14,4,0.1317451,-0.053579807,0.078165293,0.068557262,0.200302362,0.12213707
jonah,n_~,14_0,14,0,4,0.12213707,-0.006049156,0.116087914,0.115827084,0.237964153,0.12187624
jonah,~_r,0_18,0,18,4,0.12187624,0.015655041,0.137531281,0.084848642,0.206724882,0.069193602
jonah,r_e,18_5,18,5,4,0.069193602,0.07826519,0.147458792,0.215959311,0.285152912,0.13769412
jonah,e_l,5_12,5,12,4,0.13769412,-0.021714211,0.11597991,0.08477664,0.22247076,0.10649085
jonah,l_a,12_1,12,1,4,0.10649085,-0.022205591,0.084285259,0.131918669,0.238409519,0.15412426
jonah,a_x,1_24,1,24,4,0.15412426,-0.06927824,0.08484602,0.084836483,0.238960743,0.154114723
jonah,v_e,22_5,22,5,5,0.100525141,0.100527763,0.201052904,0.20097065,0.30149579,0.100442886
jonah,e_g,5_7,5,7,5,0.100442886,0.100537062,0.200979948,0.247697353,0.34814024,0.147160292
jonah,g_a,7_1,7,1,5,0.147160292,-0.031252146,0.115908146,0.115923405,0.263083696,0.14717555
jonah,a_n,1_14,1,14,5,0.14717555,-0.046806097,0.100369453,0.100374222,0.247549772,0.147180319
jonah,n_~,14_0,14,0,5,0.147180319,-0.046818495,0.100361824,0.068681717,0.215862036,0.115500212
jonah,~_w,0_23,0,23,5,0.115500212,-0.031309366,0.084190845,0.131675243,0.247175455,0.16298461
jonah,w_a,23_1,23,1,5,0.16298461,-0.084762335,0.078222275,0.031318426,0.194303036,0.116080761
jonah,a_l,1_12,1,12,5,0.116080761,-0.046876669,0.069204092,0.022271872,0.138352633,0.06914854
jonah,l_k,12_11,12,11,5,0.06914854,0.100470304,0.169618845,0.18514061,0.25428915,0.084670305
jonah,l_a,12_1,12,1,6,0.100554228,0.022138357,0.122692585,0.122080088,0.222634315,0.09994173
jonah,a_t,1_20,1,20,6,0.09994173,0.100447416,0.200389147,0.163065195,0.263006926,0.062617779
jonah,t_e,20_5,20,5,6,0.062617779,0.100559235,0.163177013,0.216593981,0.27921176,0.116034746
jonah,e_n,5_14,5,14,6,0.116034746,-0.046818495,0.069216251,0.069067001,0.185101748,0.115885496
jonah,n_t,14_20,14,20,6,0.115885496,0.015710592,0.131596088,0.152953625,0.268839121,0.137243032
jonah,t_~,20_0,20,0,6,0.137243032,-0.052919865,0.084323168,0.031404257,0.168647289,0.084324121
jonah,~_u,0_21,0,21,6,0.084324121,0.031250715,0.115574837,0.131217957,0.215542078,0.099967241
jonah,u_k,21_11,21,11,6,0.099967241,0.100024223,0.199991465,0.200496674,0.300463915,0.10047245
jonah,k_e,11_5,11,5,6,0.10047245,0.03125,0.13172245,0.100431681,0.200904131,0.069181681
jonah,v_a,22_1,22,1,3,0.15358448,-0.100022316,0.053562164,0.031252623,0.184837103,0.131274939
jonah,a_n,1_14,1,14,3,0.131274939,-0.046967745,0.084307194,0.100443602,0.23171854,0.147411346
jonah,n_~,14_0,14,0,3,0.147411346,-0.07828021,0.069131136,0.053369522,0.200780869,0.131649733
jonah,~_h,0_8,0,8,3,0.131649733,0.046965361,0.178615093,0.18516922,0.316818953,0.138203859
jonah,h_i,8_9,8,9,3,0.138203859,0.115719557,0.253923416,0.231291533,0.369495392,0.115571976
jonah,i_j,9_10,9,10,3,0.115571976,0.247789621,0.363361597,0.348230124,0.463802099,0.100440502
jonah,j_i,10_9,10,9,3,0.100440502,0.084219694,0.184660196,0.168643713,0.269084215,0.084424019
jonah,i_n,9_14,9,14,3,0.084424019,0.06927681,0.153700829,0.169799328,0.254223347,0.100522518
jonah,n_x,14_24,14,24,3,0.100522518,-0.031388998,0.06913352,0.08488369,0.185406208,0.116272688
jonah,j_u,10_21,10,21,4,0.100487709,0.093890429,0.194378138,0.178637505,0.279125214,0.084747076
jonah,u_r,21_18,21,18,4,0.084747076,0.022193432,0.106940508,0.138480425,0.223227501,0.116286993
jonah,r_y,18_25,18,25,4,0.116286993,-0.01576519,0.100521803,0.116082191,0.232369184,0.131847382
jonah,y_~,25_0,25,0,4,0.131847382,-0.031322718,0.100524664,0.046852827,0.178700209,0.078175545
jonah,~_f,0_6,0,6,4,0.078175545,0.03811574,0.116291285,0.138640881,0.216816425,0.100525141
jonah,f_o,6_15,6,15,4,0.100525141,0.031159401,0.131684542,0.084757328,0.185282469,0.053597927
jonah,o_a,15_1,15,1,4,0.053597927,0.046923161,0.100521088,0.147433043,0.20103097,0.100509882
jonah,a_m,1_13,1,13,4,0.100509882,-0.015517712,0.08499217,0.084908724,0.185418606,0.100426435
jonah,m_y,13_25,13,25,4,0.100426435,0.031282663,0.131709099,0.13130641,0.231732845,0.100023746
jonah,i_n,9_14,9,14,5,0.116083622,0.06916523,0.185248852,0.169628143,0.285711765,0.100462914
jonah,n_a,14_1,14,1,5,0.100462914,0.015680075,0.116142988,0.131423473,0.231886387,0.115743399
jonah,a_p,1_16,1,16,5,0.115743399,0.015624046,0.131367445,0.100525856,0.216269255,0.08490181
jonah,p_t,16_20,16,20,5,0.08490181,0.015623569,0.100525379,0.11605382,0.200955629,0.10043025
jonah,t_~,20_0,20,0,5,0.10043025,-0.031269789,0.069160461,0.100432634,0.200862885,0.131702423
jonah,~_j,0_10,0,10,5,0.131702423,-0.031204462,0.100497961,0.08446002,0.216162443,0.115664482
jonah,j_o,10_15,10,15,5,0.115664482,0.084896803,0.200561285,0.18515873,0.300823212,0.100261927
jonah,o_c,15_3,15,3,5,0.100261927,0.015670061,0.115931988,0.116034985,0.216296911,0.100364923
jonah,c_k,3_11,3,11,5,0.100364923,-0.015537262,0.084827662,0.069087267,0.16945219,0.084624529
jonah,a_r,1_18,1,18,6,0.178794146,-0.04689765,0.131896496,0.069223642,0.248017788,0.116121292
jonah,r_t,18_20,18,20,6,0.116121292,0.131774664,0.247895956,0.20084548,0.316966772,0.069070816
jonah,t_e,20_5,20,5,6,0.069070816,0.147274256,0.216345072,0.216375589,0.285446405,0.069101334
jonah,e_r,5_18,5,18,6,0.069101334,0.100410938,0.169512272,0.216478825,0.285580158,0.116067886
jonah,r_y,18_25,18,25,6,0.116067886,-0.046845675,0.069222212,0.084760427,0.200828314,0.131606102
jonah,y_~,25_0,25,0,6,0.131606102,-0.046878815,0.084727287,0.068711758,0.20031786,0.115590572
jonah,~_r,0_18,0,18,6,0.115590572,0.131783485,0.247374058,0.232307196,0.347897768,0.10052371
jonah,r_e,18_5,18,5,6,0.10052371,0.100079298,0.200603008,0.184816599,0.285340309,0.084737301
jonah,e_v,5_22,5,22,6,0.084737301,0.100064516,0.184801817,0.231226683,0.315963984,0.131162167
jonah,f_a,6_1,6,1,3,0.131844044,-0.053577185,0.078266859,0.069056034,0.200900078,0.122633219
jonah,a_n,1_14,1,14,3,0.122633219,-0.100445271,0.022187948,0.078157902,0.200791121,0.178603172
jonah,n_~,14_0,14,0,3,0.178603172,-0.046770096,0.131833076,0.057585716,0.236188889,0.104355812
jonah,~_b,0_2,0,2,3,0.104355812,0.196582079,0.300937891,0.344035864,0.448391676,0.147453785
jonah,b_e,2_5,2,5,3,0.147453785,-0.015666008,0.131787777,0.100332975,0.24778676,0.115998983
jonah,e_h,5_8,5,8,3,0.115998983,-0.015522003,0.10047698,0.100409508,0.216408491,0.115931511
jonah,h_a,8_1,8,1,3,0.115931511,0.200956345,0.316887856,0.323574543,0.439506054,0.122618198
jonah,a_l,1_12,1,12,3,0.122618198,-0.006545782,0.116072416,0.100167274,0.222785473,0.106713057
jonah,l_f,12_6,12,6,3,0.106713057,0.031359911,0.138072968,0.147004128,0.253717184,0.115644217
jonah,g_i,7_9,7,9,4,0.10032773,0.100462198,0.200789928,0.200411081,0.300738811,0.099948883
jonah,i_f,9_6,9,6,4,0.099948883,0.015625477,0.11557436,0.100362301,0.200311184,0.084736824
jonah,f_t,6_20,6,20,4,0.084736824,0.100479126,0.18521595,0.200828552,0.285565376,0.100349426
jonah,t_~,20_0,20,0,4,0.100349426,-0.031148911,0.069200516,0.100549936,0.200899363,0.131698847
jonah,~_u,0_21,0,21,4,0.131698847,0.046876431,0.178575277,0.147238016,0.278936863,0.100361586
jonah,u_n,21_14,21,14,4,0.100361586,0.0847435,0.185105085,0.20739007,0.307751656,0.12264657
jonah,n_z,14_26,14,26,4,0.12264657,0.015772343,0.138418913,0.131348372,0.253994942,0.115576029
jonah,z_i,26_9,26,9,4,0.115576029,-0.031363964,0.084212065,0.068564415,0.184140444,0.099928379
jonah,i_p,9_16,9,16,4,0.099928379,0.100470543,0.200398922,0.200492382,0.300420761,0.100021839
jonah,a_d,1_4,1,4,5,0.153399229,-0.015567064,0.137832165,0.100527763,0.253926992,0.116094828
jonah,d_m,4_13,4,13,5,0.116094828,-0.01551652,0.100578308,0.08489728,0.200992107,0.100413799
jonah,m_i,13_9,13,9,5,0.100413799,0.085012913,0.185426712,0.185482025,0.285895824,0.100469112
jonah,i_t,9_20,9,20,5,0.100469112,-0.038053036,0.062416077,0.078076839,0.178545952,0.116129875
jonah,t_~,20_0,20,0,5,0.116129875,0.022216082,0.138345957,0.154053211,0.270183086,0.13183713
jonah,~_q,0_17,0,17,5,0.13183713,-0.015626669,0.116210461,0.069183588,0.201020718,0.084810257
jonah,q_u,17_21,17,21,5,0.084810257,0.015646935,0.100457191,0.115970373,0.20078063,0.100323439
jonah,u_a,21_1,21,1,5,0.100323439,-0.03132081,0.069002628,0.13158679,0.231910229,0.1629076
jonah,a_t,1_20,1,20,5,0.1629076,-0.07675457,0.08615303,0.05356884,0.21647644,0.13032341
jonah,z_o,26_15,26,15,6,0.122678041,-0.069124937,0.053553104,0.015715361,0.138393402,0.084840298
jonah,o_n,15_14,15,14,6,0.084840298,0.08489871,0.169739008,0.200941086,0.285781384,0.116042376
jonah,n_e,14_5,14,5,6,0.116042376,-0.053539991,0.062502384,0.046878099,0.162920475,0.100418091
jonah,e_r,5_18,5,18,6,0.100418091,0.115969896,0.216387987,0.185204506,0.285622597,0.06923461
jonah,r_s,18_19,18,19,6,0.06923461,0.116072178,0.185306787,0.232219458,0.301454067,0.11614728
jonah,s_~,19_0,19,0,6,0.11614728,0.022340536,0.138487816,0.138350964,0.254498243,0.116010427
jonah,~_s,0_19,0,19,6,0.116010427,0.200981379,0.316991806,0.317051888,0.433062315,0.116070509
jonah,s_k,19_11,19,11,6,0.116070509,-0.031188011,0.084882498,0.069176197,0.185246706,0.100364208
jonah,k_i,11_9,11,9,6,0.100364208,0.07823801,0.178602219,0.146929979,0.247294188,0.068691969
jonah,m_i,13_9,13,9,3,0.100514889,0.084587336,0.185102224,0.200775146,0.301290035,0.116187811
jonah,i_d,9_4,9,4,3,0.116187811,-0.022338152,0.093849659,0.084218025,0.200405836,0.106556177
jonah,d_~,4_0,4,0,3,0.106556177,0.031303644,0.137859821,0.09993124,0.206487417,0.068627596
jonah,~_c,0_3,0,3,3,0.068627596,0.01568532,0.084312916,0.116197824,0.18482542,0.100512505
jonah,c_l,3_12,3,12,3,0.100512505,-0.022303343,0.078209162,0.062400579,0.162913084,0.084703922
jonah,l_a,12_1,12,1,3,0.084703922,0.037528753,0.122232676,0.169131041,0.253834963,0.131602287
jonah,a_n,1_14,1,14,3,0.131602287,-0.069090605,0.062511683,0.031142235,0.162744522,0.10023284
jonah,n_k,14_11,14,11,3,0.10023284,0.08481884,0.18505168,0.169804335,0.270037174,0.084985495
jonah,k_s,11_19,11,19,3,0.084985495,0.053510189,0.138495684,0.154037952,0.239023447,0.100527763
jonah,r_i,18_9,18,9,4,0.100387335,-0.015530109,0.084857225,0.084464073,0.184851408,0.099994183
jonah,i_t,9_20,9,20,4,0.099994183,0.046878338,0.14687252,0.146822691,0.246816874,0.099944353
jonah,t_e,20_5,20,5,4,0.099944353,0.116071701,0.216016054,0.200839758,0.300784111,0.084768057
jonah,e_~,5_0,5,0,4,0.084768057,-0.015622854,0.069145203,0.100524426,0.185292482,0.11614728
jonah,~_g,0_7,0,7,4,0.11614728,0.031251192,0.147398472,0.138316631,0.254463911,0.107065439
jonah,g_l,7_12,7,12,4,0.107065439,-0.022349119,0.08471632,0.062550783,0.169616222,0.084899902
jonah,l_i,12_9,12,9,4,0.084899902,0.084895611,0.169795513,0.185422897,0.2703228,0.100527287
jonah,i_d,9_4,9,4,4,0.100527287,0.031342983,0.13187027,0.131663322,0.232190609,0.100320339
jonah,d_e,4_5,4,5,4,0.100320339,0.069256306,0.169576645,0.169736385,0.270056725,0.10048008
jonah,r_a,18_1,18,1,5,0.116134644,0.115931749,0.232066393,0.238555193,0.354689837,0.122623444
jonah,a_d,1_4,1,4,5,0.122623444,0.062575102,0.185198545,0.199870348,0.322493792,0.137295246
jonah,d_i,4_9,4,9,5,0.137295246,-0.037280083,0.100015163,0.046934605,0.184229851,0.084214687
jonah,i_o,9_15,9,15,5,0.084214687,0.131367922,0.215582609,0.269271851,0.353486538,0.137903929
jonah,o_~,15_0,15,0,5,0.137903929,-0.084336758,0.053567171,0.062563658,0.200467587,0.146900415
jonah,~_z,0_26,0,26,5,0.146900415,0.084801197,0.231701612,0.27017045,0.417070866,0.185369253
jonah,z_e,26_5,26,5,5,0.185369253,0.084816217,0.270185471,0.200780869,0.386150122,0.115964651
jonah,e_u,5_21,5,21,5,0.115964651,-0.031144857,0.084819794,0.069298029,0.18526268,0.100442886
jonah,u_s,21_19,21,19,5,0.100442886,0.046783447,0.147226334,0.162924051,0.263366938,0.116140604
jonah,e_n,5_14,5,14,6,0.11618185,-0.031251431,0.08493042,0.116028309,0.232210159,0.147279739
jonah,n_i,14_9,14,9,6,0.147279739,0.424051762,0.571331501,0.524354935,0.671634674,0.100303173
jonah,i_g,9_7,9,7,6,0.100303173,0.031275272,0.131578445,0.115514517,0.21581769,0.084239244
jonah,g_m,7_13,7,13,6,0.084239244,0.100453615,0.18469286,0.232330322,0.316569567,0.131876707
jonah,m_a,13_1,13,1,6,0.131876707,0.037882566,0.169759274,0.185182095,0.317058802,0.147299528
jonah,a_~,1_0,1,0,6,0.147299528,-0.069124937,0.078174591,0.052958965,0.200258493,0.122083902
jonah,~_y,0_25,0,25,6,0.122083902,0.564415693,0.686499596,0.649261951,0.771345854,0.084846258
jonah,y_e,25_5,25,5,6,0.084846258,0.147456884,0.232303143,0.25401926,0.338865519,0.106562376
jonah,e_t,5_20,5,20,6,0.106562376,0.116135597,0.222697973,0.247368813,0.353931189,0.131233215
jonah,h_u,8_21,8,21,3,0.100448608,0.100353718,0.200802326,0.216593981,0.317042589,0.116240263
jonah,u_e,21_5,21,5,3,0.116240263,-0.015625477,0.100614786,0.084898472,0.201138735,0.100523949
jonah,e_~,5_0,5,0,3,0.100523949,-0.031388283,0.069135666,0.100433826,0.200957775,0.131822109
jonah,~_i,0_9,0,9,3,0.131822109,0.084398746,0.216220856,0.215981483,0.347803593,0.131582737
jonah,i_s,9_19,9,19,3,0.131582737,0.015721798,0.147304535,0.131870985,0.263453722,0.116149187
jonah,s_o,19_15,19,15,3,0.116149187,-0.015626192,0.100522995,0.084749222,0.200898409,0.100375414
jonah,o_m,15_13,15,13,3,0.100375414,0.084254742,0.184630156,0.215622425,0.315997839,0.131367683
jonah,m_e,13_5,13,5,3,0.131367683,-0.046942472,0.084425211,0.037927151,0.169294834,0.084869623
jonah,e_r,5_18,5,18,3,0.084869623,0.100525856,0.185395479,0.201092005,0.285961628,0.100566149
jonah,b_r,2_18,2,18,4,0.084900141,0.131609201,0.216509342,0.247298717,0.332198858,0.115689516
jonah,r_o,18_15,18,15,4,0.115689516,-0.031252384,0.084437132,0.100466251,0.216155767,0.131718636
jonah,o_w,15_23,15,23,4,0.131718636,-0.015663385,0.11605525,0.116204023,0.247922659,0.131867409
jonah,w_~,23_0,23,0,4,0.131867409,-0.031342745,0.100524664,0.084811926,0.216679335,0.116154671
jonah,~_q,0_17,0,17,4,0.116154671,0.053561449,0.16971612,0.185369015,0.301523685,0.131807566
jonah,q_u,17_21,17,21,4,0.131807566,-0.069216728,0.062590837,0.031254768,0.163062334,0.100471497
jonah,u_i,21_9,21,9,4,0.100471497,0.084900618,0.185372114,0.185373306,0.285844803,0.100472689
jonah,i_c,9_3,9,3,4,0.100472689,0.037693262,0.138165951,0.153851509,0.254324198,0.116158247
jonah,c_k,3_11,3,11,4,0.116158247,-0.03789258,0.078265667,0.084112406,0.200270653,0.122004986
jonah,t_h,20_8,20,8,5,0.131785631,-0.069164276,0.062621355,0.031252623,0.163038254,0.100416899
jonah,h_i,8_9,8,9,5,0.100416899,0.08432579,0.184742689,0.16931963,0.269736528,0.084993839
jonah,i_c,9_3,9,3,5,0.084993839,0.031248331,0.11624217,0.147310972,0.232304811,0.116062641
jonah,c_k,3_11,3,11,5,0.116062641,0.238838673,0.354901314,0.401826859,0.5178895,0.162988186
jonah,k_~,11_0,11,0,5,0.162988186,-0.015528202,0.147459984,0.122750044,0.28573823,0.138278246
jonah,~_f,0_6,0,6,5,0.138278246,0.116187572,0.254465818,0.232282877,0.370561123,0.116095304
jonah,f_a,6_1,6,1,5,0.116095304,-0.015625954,0.100469351,0.100362539,0.216457844,0.115988493
jonah,a_t,1_20,1,20,5,0.115988493,0.015709877,0.13169837,0.100453138,0.216441631,0.084743261
jonah,t_e,20_5,20,5,5,0.084743261,0.116178036,0.200921297,0.219110489,0.30385375,0.102932453
jonah,s_e,19_5,19,5,6,0.100392103,0.084828615,0.185220718,0.169510603,0.269902706,0.084681988
jonah,e_c,5_3,5,3,6,0.084681988,0.116064787,0.200746775,0.200298309,0.284980297,0.084233522
jonah,c_u,3_21,3,21,6,0.084233522,-0.006070137,0.078163385,0.099984407,0.18421793,0.106054544
jonah,u_r,21_18,21,18,6,0.106054544,0.031282187,0.137336731,0.100436449,0.206490993,0.069154263
jonah,r_e,18_5,18,5,6,0.069154263,0.093796492,0.162950754,0.232030392,0.301184654,0.1382339
jonah,e_~,5_0,5,0,6,0.1382339,-0.069145203,0.069088697,0.068684101,0.206918001,0.137829304
jonah,~_n,0_14,0,14,6,0.137829304,-0.03741312,0.100416183,0.078167439,0.215996742,0.115580559
jonah,n_u,14_21,14,21,6,0.115580559,0.084820271,0.200400829,0.169705153,0.285285711,0.084884882
jonah,u_t,21_20,21,20,6,0.084884882,0.053414583,0.138299465,0.169200659,0.254085541,0.115786076
jonah,n_o,14_15,14,15,3,0.10038209,0.25442028,0.35480237,0.386012077,0.486394167,0.131591797
jonah,o_d,15_4,15,4,3,0.131591797,0.062389374,0.193981171,0.169485092,0.301076889,0.107095718
jonah,d_~,4_0,4,0,3,0.107095718,-0.02235055,0.084745169,0.131915569,0.239011288,0.154266119
jonah,~_y,0_25,0,25,3,0.154266119,0.069041729,0.223307848,0.162925959,0.317192078,0.09388423
jonah,y_a,25_1,25,1,3,0.09388423,0.084786177,0.178670406,0.200436831,0.29432106,0.115650654
jonah,a_w,1_23,1,23,3,0.115650654,0.122231007,0.23788166,0.253986359,0.369637012,0.131755352
jonah,w_n,23_14,23,14,3,0.131755352,0.169831514,0.301586866,0.285902262,0.417657614,0.116070747
jonah,n_e,14_5,14,5,3,0.116070747,0.062412977,0.178483725,0.21600461,0.332075357,0.153591633
jonah,e_d,5_4,5,4,3,0.153591633,0.200425863,0.354017496,0.300870419,0.454462051,0.100444555
jonah,d_e,4_5,4,5,4,0.078267097,0.100525856,0.178792953,0.169704437,0.247971535,0.069178581
jonah,e_a,5_1,5,1,4,0.069178581,0.16966939,0.238847971,0.301334143,0.370512724,0.131664753
jonah,a_f,1_6,1,6,4,0.131664753,0.131780386,0.263445139,0.247739792,0.379404545,0.115959406
jonah,f_~,6_0,6,0,4,0.115959406,0.022305727,0.138265133,0.154083729,0.270043135,0.131778002
jonah,~_m,0_13,0,13,4,0.131778002,0.053404808,0.18518281,0.16963172,0.301409721,0.116226912
jonah,m_e,13_5,13,5,4,0.116226912,0.046876192,0.163103104,0.147326946,0.263553858,0.100450754
jonah,e_t,5_20,5,20,4,0.100450754,0.084320307,0.184771061,0.231719255,0.33217001,0.147398949
jonah,t_a,20_1,20,1,4,0.147398949,-0.046872377,0.100526571,0.06918788,0.216586828,0.116060257
jonah,a_l,1_12,1,12,4,0.116060257,-0.046876431,0.069183826,0.053564548,0.169624805,0.100440979
jonah,n_i,14_9,14,9,5,0.100404501,0.099965811,0.200370312,0.200413704,0.300818205,0.100447893
jonah,i_t,9_20,9,20,5,0.100447893,0.015536308,0.115984201,0.131650209,0.232098103,0.116113901
jonah,t_r,20_18,20,18,5,0.116113901,0.432747126,0.548861027,0.548826456,0.664940357,0.11607933
jonah,r_o,18_15,18,15,5,0.11607933,-0.031200886,0.084878445,0.106572866,0.222652197,0.137773752
jonah,o_~,15_0,15,0,5,0.137773752,0.015705347,0.153479099,0.10052824,0.238301992,0.084822893
jonah,~_v,0_22,0,22,5,0.084822893,0.015659571,0.100482464,0.116200686,0.201023579,0.100541115
jonah,v_i,22_9,22,9,5,0.100541115,0.084852219,0.185393333,0.213059664,0.313600779,0.128207445
jonah,i_e,9_5,9,5,5,0.128207445,-0.011977196,0.116230249,0.119525194,0.247732639,0.13150239
jonah,e_w,5_23,5,23,5,0.13150239,-0.031163454,0.100338936,0.084863424,0.216365814,0.116026878
jonah,y_e,25_5,25,5,6,0.069188356,0.131232977,0.200421333,0.247470617,0.316658974,0.11623764
jonah,e_s,5_19,5,19,6,0.11623764,0.037885904,0.154123545,0.154096603,0.270334244,0.116210699
jonah,s_t,19_20,19,20,6,0.116210699,0.03125,0.147460699,0.147293329,0.263504028,0.116043329
jonah,t_e,20_5,20,5,6,0.116043329,0.084850311,0.200893641,0.18530345,0.301346779,0.100453138
jonah,e_r,5_18,5,18,6,0.100453138,0.084809065,0.185262203,0.201045752,0.30149889,0.116236687
jonah,r_~,18_0,18,0,6,0.116236687,-0.015717745,0.100518942,0.100494385,0.216731071,0.11621213
jonah,~_k,0_11,0,11,6,0.11621213,-0.031335831,0.084876299,0.100026131,0.21623826,0.131361961
jonah,k_e,11_5,11,5,6,0.131361961,-0.047013998,0.084347963,0.069257975,0.200619936,0.116271973
jonah,e_g,5_7,5,7,6,0.116271973,0.084229469,0.200501442,0.231203556,0.347475529,0.146974087
jonah,q_a,17_1,17,1,3,0.116080523,0.053458452,0.169538975,0.238679647,0.35476017,0.185221195
jonah,a_t,1_20,1,20,3,0.185221195,-0.037914038,0.147307158,0.078127146,0.263348341,0.116041183
jonah,t_~,20_0,20,0,3,0.116041183,0.037940502,0.153981686,0.169717073,0.285758257,0.131776571
jonah,~_p,0_16,0,16,3,0.131776571,0.872702837,1.004479408,1.020025015,1.151801586,0.147322178
jonah,p_a,16_1,16,1,3,0.147322178,0.053529501,0.200851679,0.169620275,0.316942453,0.116090775
jonah,a_n,1_14,1,14,3,0.116090775,-0.031250715,0.084840059,0.100525856,0.216616631,0.131776571
jonah,n_t,14_20,14,20,3,0.131776571,-0.015732527,0.116044044,0.068953276,0.200729847,0.084685802
jonah,t_r,20_18,20,18,3,0.084685802,0.084811211,0.169497013,0.216640711,0.301326513,0.1318295
jonah,r_y,18_25,18,25,3,0.1318295,-0.069192648,0.062636852,0.046968699,0.178798199,0.116161346
jonah,t_u,20_21,20,21,4,0.100529909,0.154081821,0.254611731,0.270277262,0.370807171,0.11619544
jonah,u_s,21_19,21,19,4,0.11619544,0.015621185,0.131816626,0.147320986,0.263516426,0.1316998
jonah,s_k,19_11,19,11,4,0.1316998,-0.031163454,0.100536346,0.122645855,0.254345655,0.153809309
jonah,k_~,11_0,11,0,4,0.153809309,-0.037787437,0.116021872,0.093800545,0.247609854,0.131587982
jonah,~_j,0_10,0,10,4,0.131587982,0.006565094,0.138153076,0.107019663,0.238607645,0.100454569
jonah,j_u,10_21,10,21,4,0.100454569,0.078198195,0.178652763,0.16307354,0.263528109,0.084875345
jonah,u_n,21_14,21,14,4,0.084875345,0.084990501,0.169865847,0.169759274,0.254634619,0.084768772
jonah,n_k,14_11,14,11,4,0.084768772,0.068687916,0.153456688,0.169123411,0.253892183,0.100435495
jonah,k_s,11_19,11,19,4,0.100435495,0.031313658,0.131749153,0.131815672,0.232251167,0.100502014
jonah,p_a,16_1,16,1,5,0.100471973,0.015679359,0.116151333,0.131750584,0.232222557,0.116071224
jonah,a_n,1_14,1,14,5,0.116071224,-0.031252146,0.084819078,0.053570747,0.169641972,0.084822893
jonah,n_i,14_9,14,9,5,0.084822893,0.08468008,0.169502974,0.17160058,0.256423473,0.0869205
jonah,i_c,9_3,9,3,5,0.0869205,0.028799057,0.115719557,0.129236221,0.216156721,0.100437164
jonah,c_~,3_0,3,0,5,0.100437164,-0.022345543,0.078091621,0.099909782,0.200346947,0.122255325
jonah,~_t,0_20,0,20,5,0.122255325,-0.031932116,0.09032321,0.084726095,0.206981421,0.116658211
jonah,t_a,20_1,20,1,5,0.116658211,-0.022225142,0.094433069,0.100542784,0.217200994,0.122767925
jonah,a_g,1_7,1,7,5,0.122767925,0.01576376,0.138531685,0.100526333,0.223294258,0.084762573
jonah,g_s,7_19,7,19,5,0.084762573,0.047015667,0.13177824,0.163106441,0.247869015,0.116090775
jonah,m_a,13_1,13,1,6,0.153873444,-0.01553297,0.138340473,0.100488186,0.254361629,0.116021156
jonah,a_g,1_7,1,7,6,0.116021156,0.169668436,0.285689592,0.270069599,0.386090755,0.100401163
jonah,g_n,7_14,7,14,6,0.100401163,0.015775204,0.116176367,0.116302013,0.216703176,0.10052681
jonah,n_e,14_5,14,5,6,0.10052681,0.015625715,0.116152525,0.100414038,0.200940847,0.084788322
jonah,e_t,5_20,5,20,6,0.084788322,0.084720612,0.169508934,0.185135603,0.269923925,0.100414991
jonah,t_~,20_0,20,0,6,0.100414991,-0.037771463,0.062643528,0.078174353,0.178589344,0.115945816
jonah,~_o,0_15,0,15,6,0.115945816,0.021850109,0.137795925,0.137983561,0.253929377,0.116133451
jonah,o_w,15_23,15,23,6,0.116133451,-0.037958145,0.078175306,0.084822416,0.200955868,0.122780561
jonah,w_l,23_12,23,12,6,0.122780561,0.015762329,0.138542891,0.100525141,0.223305702,0.084762812
jonah,s_a,19_1,19,1,3,0.154062271,-0.084759951,0.06930232,0.046983242,0.201045513,0.131743193
jonah,a_x,1_24,1,24,3,0.131743193,-0.015624046,0.116119146,0.122517824,0.254261017,0.13814187
jonah,x_~,24_0,24,0,3,0.13814187,-0.068968296,0.069173574,0.078277588,0.216419458,0.147245884
jonah,~_n,0_14,0,14,3,0.147245884,-0.04698348,0.100262403,0.052927732,0.200173616,0.099911213
jonah,n_o,14_15,14,15,3,0.099911213,0.100640774,0.200551987,0.16970849,0.269619703,0.069067717
jonah,o_m,15_13,15,13,3,0.069067717,0.0782094,0.147277117,0.194214106,0.263281822,0.116004705
jonah,m_a,13_1,13,1,3,0.116004705,-0.031307459,0.084697247,0.106033564,0.222038269,0.137341022
jonah,a_d,1_4,1,4,3,0.137341022,-0.068655252,0.06868577,0.078219175,0.215560198,0.146874428
jonah,d_s,4_19,4,19,3,0.146874428,-0.031195641,0.115678787,0.084844112,0.23171854,0.116039753
jonah,w_i,23_9,23,9,4,0.09991169,-0.015622139,0.084289551,0.11593461,0.2158463,0.131556749
jonah,i_t,9_20,9,20,4,0.131556749,-0.015633345,0.115923405,0.084285021,0.21584177,0.099918365
jonah,t_s,20_19,20,19,4,0.099918365,0.315934658,0.415853024,0.431636333,0.531554699,0.115701675
jonah,s_~,19_0,19,0,4,0.115701675,0.015595675,0.13129735,0.116111517,0.231813192,0.100515842
jonah,~_c,0_3,0,3,4,0.100515842,0.084787846,0.185303688,0.154057741,0.254573584,0.069269896
jonah,c_r,3_18,3,18,4,0.069269896,0.116151333,0.185421228,0.201047897,0.270317793,0.084896564
jonah,r_u,18_21,18,21,4,0.084896564,-0.015625238,0.069271326,0.084897518,0.169794083,0.100522757
jonah,u_s,21_19,21,19,4,0.100522757,0.031144142,0.131666899,0.131667376,0.232190132,0.100523233
jonah,s_h,19_8,19,8,4,0.100523233,-0.015517712,0.085005522,0.069273472,0.169796705,0.084791183
jonah,u_m,21_13,21,13,5,0.100422621,0.100522518,0.200945139,0.238787651,0.339210272,0.138265133
jonah,m_b,13_2,13,2,5,0.138265133,-0.053416729,0.084848404,0.015776634,0.154041767,0.069193363
jonah,b_r,2_18,2,18,5,0.069193363,0.162913799,0.232107162,0.317065239,0.386258602,0.15415144
jonah,r_a,18_1,18,1,5,0.15415144,-0.053698301,0.100453138,0.062501192,0.216652632,0.116199493
jonah,a_~,1_0,1,0,5,0.116199493,0.022209406,0.138408899,0.13847065,0.254670143,0.116261244
jonah,~_y,0_25,0,25,5,0.116261244,0.301092863,0.417354107,0.401411772,0.517673016,0.100318909
jonah,y_a,25_1,25,1,5,0.100318909,0.064988136,0.165307045,0.200608015,0.300926924,0.135619879
jonah,a_w,1_23,1,23,5,0.135619879,-0.053546429,0.08207345,0.100352526,0.235972404,0.153898954
jonah,w_n,23_14,23,14,5,0.153898954,-0.03796792,0.115931034,0.046875477,0.200774431,0.084843397
jonah,h_o,8_15,8,15,6,0.100474119,0.162763834,0.263237953,0.269624949,0.370099068,0.106861115
jonah,o_n,15_14,15,14,6,0.106861115,0.093802929,0.200664043,0.200768948,0.307630062,0.106966019
jonah,n_e,14_5,14,5,6,0.106966019,-0.053399801,0.053566217,0.046994448,0.153960466,0.100394249
jonah,e_s,5_19,5,19,6,0.100394249,0.053422213,0.153816462,0.169708967,0.270103216,0.116286755
jonah,s_t,19_20,19,20,6,0.116286755,0.031160831,0.147447586,0.131777525,0.24806428,0.100616693
jonah,t_~,20_0,20,0,6,0.100616693,-0.031251669,0.069365025,0.084750891,0.185367584,0.11600256
jonah,~_j,0_10,0,10,6,0.11600256,0.670396328,0.786398888,0.764293909,0.880296469,0.093897581
jonah,j_o,10_15,10,15,6,0.093897581,0.184645891,0.278543472,0.253540277,0.347437859,0.068894386
jonah,o_g,15_7,15,7,6,0.068894386,0.046839952,0.115734339,0.136832952,0.205727339,0.089993
jonah,c_a,3_1,3,1,3,0.169632912,-0.015763283,0.153869629,0.084758997,0.254391909,0.10052228
jonah,a_t,1_20,1,20,3,0.10052228,0.031389236,0.131911516,0.16300416,0.26352644,0.131614923
jonah,t_~,20_0,20,0,3,0.131614923,0.015709162,0.147324085,0.138442516,0.27005744,0.122733355
jonah,~_w,0_23,0,23,3,0.122733355,0.062638998,0.185372353,0.247974634,0.370707989,0.185335636
jonah,w_a,23_1,23,1,3,0.185335636,-0.08479166,0.100543976,0.069180965,0.254516602,0.153972626
jonah,a_k,1_11,1,11,3,0.153972626,-0.022219658,0.131752968,0.078169107,0.232141733,0.100388765
jonah,k_e,11_5,11,5,3,0.100388765,0.022202253,0.122591019,0.153497696,0.253886461,0.131295443
jonah,e_u,5_21,5,21,3,0.131295443,-0.015534878,0.115760565,0.068826914,0.200122356,0.084361792
jonah,u_p,21_16,21,16,3,0.084361792,0.147341013,0.231702805,0.247878075,0.332239866,0.100537062
jonah,i_n,9_14,9,14,4,0.10040307,0.084865808,0.185268879,0.2165308,0.31693387,0.131664991
jonah,n_f,14_6,14,6,4,0.131664991,0.053595066,0.185260057,0.154024839,0.285689831,0.100429773
jonah,f_o,6_15,6,15,4,0.100429773,0.040499926,0.140929699,0.178222895,0.278652668,0.137722969
jonah,o_~,15_0,15,0,4,0.137722969,-0.046945333,0.090777636,0.089882612,0.227605581,0.136827946
jonah,~_h,0_8,0,8,4,0.136827946,0.147579193,0.284407139,0.29489994,0.431727886,0.147320747
jonah,h_e,8_5,8,5,4,0.147320747,0.015625477,0.162946224,0.100447416,0.247768164,0.084821939
jonah,e_r,5_18,5,18,4,0.084821939,0.116149664,0.200971603,0.216509342,0.301331282,0.100359678
jonah,r_b,18_2,18,2,4,0.100359678,0.022265196,0.122624874,0.138550997,0.238910675,0.116285801
jonah,b_s,2_19,2,19,4,0.116285801,0.062485933,0.178771734,0.153952599,0.2702384,0.091466665
jonah,m_a,13_1,13,1,5,0.138142109,-0.037769556,0.100372553,0.100370169,0.238512278,0.138139725
jonah,a_j,1_10,1,10,5,0.138139725,-0.022094488,0.116045237,0.078275681,0.216415405,0.100370169
jonah,j_o,10_15,10,15,5,0.100370169,0.084876776,0.185246944,0.185288191,0.28565836,0.100411415
jonah,o_r,15_18,15,18,5,0.100411415,-0.046822309,0.053589106,0.068734646,0.169146061,0.115556955
jonah,r_~,18_0,18,0,5,0.115556955,0.27021575,0.385772705,0.402131796,0.517688751,0.131916046
jonah,~_n,0_14,0,14,5,0.131916046,0.046875,0.178791046,0.18524456,0.317160606,0.13836956
jonah,n_a,14_1,14,1,5,0.13836956,-0.015679598,0.122689962,0.114624262,0.252993822,0.13030386
jonah,a_v,1_22,1,22,5,0.13030386,-0.067764282,0.062539577,0.076833963,0.207137823,0.144598246
jonah,v_y,22_25,22,25,5,0.144598246,-0.020174026,0.124424219,0.062568665,0.20716691,0.082742691
jonah,c_o,3_15,3,15,6,0.122859716,-0.037850142,0.085009575,0.078188419,0.201048136,0.116038561
jonah,o_u,15_21,15,21,6,0.116038561,0.154222727,0.270261288,0.285996914,0.402035475,0.131774187
jonah,u_g,21_7,21,7,6,0.131774187,0.154103041,0.285877228,0.270209789,0.401983976,0.116106749
jonah,g_a,7_1,7,1,6,0.116106749,-0.015626431,0.100480318,0.115969419,0.232076168,0.13159585
jonah,a_r,1_18,1,18,6,0.13159585,0.015583515,0.147179365,0.131843328,0.263439178,0.116259813
jonah,r_~,18_0,18,0,6,0.116259813,0.10037303,0.216632843,0.223047972,0.339307785,0.122674942
jonah,~_a,0_1,0,1,6,0.122674942,0.100480318,0.22315526,0.216715336,0.339390278,0.116235018
jonah,a_g,1_7,1,7,6,0.116235018,-0.053701401,0.062533617,0.062504292,0.178739309,0.116205692
jonah,g_e,7_5,7,5,6,0.116205692,0.099960089,0.216165781,0.203767538,0.31997323,0.103807449
jonah,u_s,21_19,21,19,3,0.116080284,-0.015664577,0.100415707,0.084749699,0.200829983,0.100414276
jonah,s_e,19_5,19,5,3,0.100414276,0.015766144,0.11618042,0.147363663,0.247777939,0.131597519
jonah,e_~,5_0,5,0,3,0.131597519,-0.031235933,0.100361586,0.069268227,0.200865746,0.10050416
jonah,~_v,0_22,0,22,3,0.10050416,0.031251907,0.131756067,0.162997723,0.263501883,0.131745815
jonah,v_o,22_15,22,15,3,0.131745815,-0.078274965,0.05347085,0.021699905,0.153445721,0.099974871
jonah,o_l,15_12,15,12,3,0.099974871,0.093900204,0.193875074,0.16249609,0.262470961,0.068595886
jonah,l_u,12_21,12,21,3,0.068595886,0.100098372,0.168694258,0.184919119,0.253515005,0.084820747
jonah,u_m,21_13,21,13,3,0.084820747,0.084267378,0.169088125,0.199099779,0.283920527,0.114832401
jonah,m_e,13_5,13,5,3,0.114832401,-0.008200169,0.106632233,0.085764647,0.200597048,0.093964815
jonah,y_a,25_1,25,1,4,0.069279671,0.100390434,0.169670105,0.23213172,0.30141139,0.131741285
jonah,a_l,1_12,1,12,4,0.131741285,-0.015540361,0.116200924,0.116182089,0.247923374,0.13172245
jonah,l_e,12_5,12,5,4,0.13172245,0.602242947,0.733965397,0.724358082,0.856080532,0.122115135
jonah,e_~,5_0,5,0,4,0.122115135,-0.052976847,0.069138288,0.078175306,0.200290442,0.131152153
jonah,~_z,0_26,0,26,4,0.131152153,0.116139174,0.247291327,0.222603559,0.353755713,0.106464386
jonah,z_o,26_15,26,15,4,0.106464386,-0.037309408,0.069154978,0.047025204,0.15348959,0.084334612
jonah,o_n,15_14,15,14,4,0.084334612,0.08489871,0.169233322,0.185531378,0.26986599,0.100632668
jonah,n_k,14_11,14,11,4,0.100632668,0.100030422,0.20066309,0.184761763,0.28539443,0.08473134
jonah,k_s,11_19,11,19,4,0.08473134,0.031269789,0.116001129,0.149617195,0.234348536,0.118347406
jonah,h_a,8_1,8,1,5,0.100441456,0.01576376,0.116205215,0.14754796,0.247989416,0.131784201
jonah,a_n,1_14,1,14,5,0.131784201,-0.031260014,0.100524187,0.100350857,0.232135057,0.13161087
jonah,n_d,14_4,14,4,5,0.13161087,0.015708685,0.147319555,0.115686178,0.247297049,0.099977493
jonah,d_y,4_25,4,25,5,0.099977493,-0.015647888,0.084329605,0.116217375,0.216194868,0.131865263
jonah,y_~,25_0,25,0,5,0.131865263,-0.015625715,0.116239548,0.069182396,0.201047659,0.084808111
jonah,~_i,0_9,0,9,5,0.084808111,0.069273949,0.15408206,0.201137781,0.285945892,0.131863832
jonah,i_r,9_18,9,18,5,0.131863832,0.43294692,0.564810753,0.548947096,0.680810928,0.116000175
jonah,r_o,18_15,18,15,5,0.116000175,-0.015652895,0.100347281,0.084193945,0.20019412,0.09984684
jonah,o_n,15_14,15,14,5,0.09984684,0.084870577,0.184717417,0.18489337,0.28474021,0.100022793
jonah,i_n,9_14,9,14,6,0.100533724,0.116072416,0.21660614,0.216544628,0.317078352,0.100472212
jonah,n_b,14_2,14,2,6,0.100472212,0.100444555,0.200916767,0.200660467,0.301132679,0.100215912
jonah,b_r,2_18,2,18,6,0.100215912,-0.037789583,0.062426329,0.046996593,0.147212505,0.084786177
jonah,r_e,18_5,18,5,6,0.084786177,0.08473897,0.169525146,0.200837374,0.28562355,0.116098404
jonah,e_d,5_4,5,4,6,0.116098404,0.084390402,0.200488806,0.184817076,0.30091548,0.100426674
jonah,d_~,4_0,4,0,6,0.100426674,-0.031250238,0.069176435,0.116158485,0.216585159,0.147408724
jonah,~_g,0_7,0,7,6,0.147408724,-0.031286478,0.116122246,0.053465128,0.200873852,0.084751606
jonah,g_e,7_5,7,5,6,0.084751606,0.10054493,0.185296535,0.232320786,0.317072392,0.131775856
jonah,e_m,5_13,5,13,6,0.131775856,-0.046876431,0.084899426,0.053617954,0.18539381,0.100494385
jonah,t_a,20_1,20,1,3,0.116070509,-0.03125,0.084820509,0.131672382,0.247742891,0.162922382
jonah,a_w,1_23,1,23,3,0.162922382,-0.046972752,0.115949631,0.08478117,0.247703552,0.131753922
jonah,w_~,23_0,23,0,3,0.131753922,-0.015521526,0.116232395,0.131762505,0.263516426,0.147284031
jonah,~_k,0_11,0,11,3,0.147284031,-0.031243801,0.11604023,0.069213152,0.216497183,0.100456953
jonah,k_u,11_21,11,21,3,0.100456953,0.084396124,0.184853077,0.184823036,0.285279989,0.100426912
jonah,u_n,21_14,21,14,3,0.100426912,0.084900856,0.185327768,0.216617823,0.317044735,0.131716967
jonah,n_g,14_7,14,7,3,0.131716967,-0.015733004,0.115983963,0.05307126,0.184788227,0.068804264
jonah,g_f,7_6,7,6,3,0.068804264,0.116076946,0.18488121,0.247850657,0.316654921,0.13177371
jonah,f_u,6_21,6,21,3,0.13177371,-0.062639236,0.069134474,0.031250715,0.163024426,0.093889952
jonah,v_i,22_9,22,9,4,0.116147757,-0.084887505,0.031260252,0.031250715,0.147398472,0.11613822
jonah,i_l,9_12,9,12,4,0.11613822,0.116147041,0.232285261,0.232182503,0.348320723,0.116035461
jonah,l_e,12_5,12,5,4,0.116035461,0.0692029,0.185238361,0.169672728,0.285708189,0.100469828
jonah,e_~,5_0,5,0,4,0.100469828,0.015621901,0.116091728,0.153984308,0.254454136,0.138362408
jonah,~_w,0_23,0,23,4,0.138362408,0.084599257,0.222961664,0.216433287,0.354795694,0.13183403
jonah,w_h,23_8,23,8,4,0.13183403,0.069051266,0.200885296,0.16949439,0.301328421,0.100443125
jonah,h_i,8_9,8,9,4,0.100443125,0.116208553,0.216651678,0.216731548,0.317174673,0.100522995
jonah,i_s,9_19,9,19,4,0.100522995,0.084760189,0.185283184,0.200968981,0.301491976,0.116208792
jonah,s_k,19_11,19,11,4,0.116208792,-0.037944317,0.078264475,0.078126192,0.194334984,0.116070509
jonah,j_o,10_15,10,15,5,0.120277166,-0.031251192,0.089025974,0.095894098,0.216171265,0.12714529
jonah,o_h,15_8,15,8,5,0.12714529,0.015663147,0.142808437,0.154206276,0.281351566,0.138543129
jonah,h_n,8_14,8,14,5,0.138543129,0.147321463,0.285864592,0.285644293,0.424187422,0.13832283
jonah,n_s,14_19,14,19,5,0.13832283,0.163092613,0.301415443,0.294772148,0.433094978,0.131679535
jonah,s_~,19_0,19,0,5,0.131679535,0.022296429,0.153975964,0.153493881,0.285173416,0.131197453
jonah,~_r,0_18,0,18,5,0.131197453,0.084850311,0.216047764,0.247854948,0.379052401,0.163004637
jonah,r_a,18_1,18,1,5,0.163004637,-0.062500238,0.100504398,0.053557158,0.216561794,0.116057396
jonah,a_i,1_9,1,9,5,0.116057396,-0.084809065,0.031248331,0.03121829,0.147275686,0.116027355
jonah,i_l,9_12,9,12,5,0.116027355,0.122234106,0.238261461,0.216037035,0.33206439,0.093802929
jonah,j_o,10_15,10,15,6,0.084959269,0.116039753,0.200999022,0.200852394,0.285811663,0.084812641
jonah,o_l,15_12,15,12,6,0.084812641,0.084190845,0.169003487,0.200394869,0.28520751,0.116204023
jonah,l_t,12_20,12,20,6,0.116204023,-0.031250954,0.08495307,0.053536654,0.169740677,0.084787607
jonah,t_e,20_5,20,5,6,0.084787607,0.131799221,0.216586828,0.185394526,0.270182133,0.053595304
jonah,e_r,5_18,5,18,6,0.053595304,0.093888521,0.147483826,0.2164011,0.269996405,0.122512579
jonah,r_~,18_0,18,0,6,0.122512579,-0.037805557,0.084707022,0.100479841,0.22299242,0.138285398
jonah,~_i,0_9,0,9,6,0.138285398,0.178470135,0.316755533,0.285360575,0.423645973,0.10689044
jonah,i_m,9_13,9,13,6,0.10689044,0.100306988,0.207197428,0.200713158,0.307603598,0.10040617
jonah,m_p,13_16,13,16,6,0.10040617,0.078275681,0.17868185,0.163069248,0.263475418,0.084793568
jonah,s_p,19_16,19,16,3,0.116058588,-0.031251907,0.084806681,0.084353924,0.200412512,0.115605831
jonah,p_a,16_1,16,1,3,0.115605831,0.015624046,0.131229877,0.131186724,0.246792555,0.115562677
jonah,a_~,1_0,1,0,3,0.115562677,0.116041183,0.231603861,0.253993034,0.369555712,0.137951851
jonah,~_r,0_18,0,18,3,0.137951851,0.062500238,0.200452089,0.169480562,0.307432413,0.106980324
jonah,r_e,18_5,18,5,3,0.106980324,0.100034714,0.207015038,0.200559139,0.307539463,0.100524426
jonah,e_j,5_10,5,10,3,0.100524426,0.078264475,0.1787889,0.194211721,0.294736147,0.115947247
jonah,j_e,10_5,10,5,3,0.115947247,-0.031147718,0.084799528,0.069039345,0.184986591,0.100187063
jonah,e_c,5_3,5,3,3,0.100187063,0.100278616,0.200465679,0.20056653,0.300753593,0.100287914
jonah,c_t,3_20,3,20,3,0.100287914,0.131492615,0.231780529,0.23828125,0.338569164,0.106788635
jonah,w_h,23_8,23,8,4,0.116213322,0.015625477,0.131838799,0.084259748,0.20047307,0.068634272
jonah,h_e,8_5,8,5,4,0.068634272,0.294536829,0.363171101,0.400987864,0.469622135,0.106451035
jonah,e_w,5_23,5,23,4,0.106451035,0.200973034,0.307424068,0.363647938,0.470098972,0.162674904
jonah,w_~,23_0,23,0,4,0.162674904,0.069218636,0.231893539,0.169242382,0.331917286,0.100023746
jonah,~_v,0_22,0,22,4,0.100023746,0.062501907,0.162525654,0.200471163,0.300494909,0.137969255
jonah,v_i,22_9,22,9,4,0.137969255,-0.053251505,0.084717751,0.031249762,0.169219017,0.084501266
jonah,i_o,9_15,9,15,4,0.084501266,0.100432158,0.184933424,0.201051712,0.285552979,0.100619555
jonah,o_l,15_12,15,12,4,0.100619555,0.100389957,0.201009512,0.20410347,0.304723024,0.103713512
jonah,l_a,12_1,12,1,4,0.103713512,0.29791832,0.401631832,0.429741859,0.533455372,0.13182354
jonah,c_o,3_15,3,15,5,0.100449085,-0.046873808,0.053575277,0.084230661,0.184679747,0.131104469
jonah,o_a,15_1,15,1,5,0.131104469,0.021743774,0.152848244,0.122157812,0.253262281,0.100414038
jonah,a_c,1_3,1,3,5,0.100414038,0.078173637,0.178587675,0.216702938,0.317116976,0.138529301
jonah,c_h,3_8,3,8,5,0.138529301,-0.053644896,0.084884405,0.062385559,0.20091486,0.116030455
jonah,h_~,8_0,8,0,5,0.116030455,-0.031134367,0.084896088,0.084826469,0.200856924,0.115960836
jonah,~_p,0_16,0,16,5,0.115960836,0.656097651,0.772058487,0.756623507,0.872584343,0.100525856
jonah,p_u,16_21,16,21,5,0.100525856,0.100289822,0.200815678,0.200784922,0.301310778,0.1004951
jonah,u_t,21_20,21,20,5,0.1004951,0.015626192,0.116121292,0.100415468,0.200910568,0.084789276
jonah,t_s,20_19,20,19,5,0.084789276,0.100413561,0.185202837,0.247585773,0.33237505,0.147172213
jonah,h_a,8_1,8,1,6,0.116142035,0.031299114,0.147441149,0.131821871,0.247963905,0.100522757
jonah,a_n,1_14,1,14,6,0.100522757,-0.015624762,0.084897995,0.100525856,0.201048613,0.116150618
jonah,n_g,14_7,14,7,6,0.116150618,0.031200647,0.147351265,0.147392988,0.263543606,0.116192341
jonah,g_u,7_21,7,21,6,0.116192341,0.006542206,0.122734547,0.122172117,0.238364458,0.115629911
jonah,u_p,21_16,21,16,6,0.115629911,0.131279469,0.24690938,0.26315999,0.378789902,0.131880522
jonah,p_~,16_0,16,0,6,0.131880522,0.053649426,0.185529947,0.169800997,0.301681519,0.116151571
jonah,~_r,0_18,0,18,6,0.116151571,0.116148949,0.23230052,0.25445199,0.370603561,0.138303041
jonah,r_o,18_15,18,15,6,0.138303041,0.01569891,0.154001951,0.131695747,0.269998789,0.115996838
jonah,o_b,15_2,15,2,6,0.115996838,0.184905767,0.300902605,0.316713333,0.432710171,0.131807566
jonah,o_w,15_23,15,23,3,0.100434065,0.031194687,0.131628752,0.131273508,0.231707573,0.100078821
jonah,w_s,23_19,23,19,3,0.100078821,0.100525618,0.200604439,0.2321136,0.332192421,0.131587982
jonah,s_~,19_0,19,0,3,0.131587982,-0.031301498,0.100286484,0.122044563,0.253632545,0.153346062
jonah,~_v,0_22,0,22,3,0.153346062,0.071516991,0.224863052,0.200508595,0.353854656,0.128991604
jonah,v_i,22_9,22,9,3,0.128991604,0.015739918,0.144731522,0.116301298,0.245292902,0.10056138
jonah,i_r,9_18,9,18,3,0.10056138,0.062526226,0.163087606,0.16238308,0.26294446,0.099856853
jonah,r_i,18_9,18,9,3,0.099856853,0.084797859,0.184654713,0.200421572,0.300278425,0.115623713
jonah,i_o,9_15,9,15,3,0.115623713,0.069262505,0.184886217,0.174013615,0.289637327,0.10475111
jonah,o_n,15_14,15,14,3,0.10475111,0.080195904,0.184947014,0.180219889,0.284970999,0.100023985
jonah,l_a,12_1,12,1,4,0.153903961,-0.053627253,0.100276709,0.062499762,0.216403723,0.116127014
jonah,a_s,1_19,1,19,4,0.116127014,-0.046876669,0.069250345,0.05354166,0.169668674,0.100418329
jonah,s_s,19_19,19,19,4,0.100418329,0.031248808,0.131667137,0.185256481,0.28567481,0.154007673
jonah,s_~,19_0,19,0,4,0.154007673,0.162415743,0.316423416,0.285026789,0.439034462,0.122611046
jonah,~_n,0_14,0,14,4,0.122611046,0.062642336,0.185253382,0.188708067,0.311319113,0.126065731
jonah,n_a,14_1,14,1,4,0.126065731,0.012070417,0.138136148,0.090345144,0.216410875,0.078274727
jonah,a_m,1_13,1,13,4,0.078274727,0.037766695,0.116041422,0.122139215,0.200413942,0.08437252
jonah,m_e,13_5,13,5,4,0.08437252,0.031390429,0.115762949,0.1319139,0.216286421,0.100523472
jonah,e_r,5_18,5,18,4,0.100523472,0.115612745,0.216136217,0.231726408,0.33224988,0.116113663
jonah,t_o,20_15,20,15,5,0.122072697,-0.052946806,0.069125891,0.047021151,0.169093847,0.099967957
jonah,o_n,15_14,15,14,5,0.099967957,0.084340572,0.184308529,0.215557337,0.315525293,0.131216764
jonah,n_e,14_5,14,5,5,0.131216764,-0.046874762,0.084342003,0.037289143,0.168505907,0.084163904
jonah,e_r,5_18,5,18,5,0.084163904,0.093791485,0.177955389,0.194243431,0.278407335,0.100451946
jonah,r_~,18_0,18,0,5,0.100451946,-0.031249762,0.069202185,0.0998559,0.200307846,0.131105661
jonah,~_b,0_2,0,2,5,0.131105661,0.084793568,0.215899229,0.222589493,0.353695154,0.137795925
jonah,b_a,2_1,2,1,5,0.137795925,-0.022312641,0.115483284,0.115644932,0.253440857,0.137957573
jonah,a_r,1_18,1,18,5,0.137957573,-0.031386614,0.106570959,0.100377321,0.238334894,0.131763935
jonah,r_n,18_14,18,14,5,0.131763935,-0.031400681,0.100363255,0.068535805,0.20029974,0.099936485
jonah,r_e,18_5,18,5,6,0.115594864,0.369107246,0.48470211,0.484699965,0.600294828,0.115592718
jonah,e_c,5_3,5,3,6,0.115592718,0.168687582,0.2842803,0.252967596,0.368560314,0.084280014
jonah,c_a,3_1,3,1,6,0.084280014,0.162968874,0.247248888,0.316286325,0.400566339,0.153317451
jonah,a_n,1_14,1,14,6,0.153317451,-0.053404808,0.099912643,0.100092649,0.253410101,0.153497458
jonah,n_e,14_5,14,5,6,0.153497458,0.084336281,0.237833738,0.199895382,0.353392839,0.115559101
jonah,e_~,5_0,5,0,6,0.115559101,0.015556812,0.131115913,0.168994427,0.284553528,0.153437614
jonah,~_w,0_23,0,23,6,0.153437614,-0.022117138,0.131320477,0.162965298,0.316402912,0.185082436
jonah,w_e,23_5,23,5,6,0.185082436,-0.062528372,0.122554064,0.084956408,0.270038843,0.147484779
jonah,e_e,5_5,5,5,6,0.147484779,0.053158998,0.200643778,0.185009956,0.332494736,0.131850958
