Subject,Char_Total_Str,Char_Total_Int,Char_Init,Char_End,Class,Current_Dwell,Interval,Press_Flight,Release_Flight,Digraph,Later_Dwell
alan,o_h,15_8,15,8,3,0.054853201,0.04488039,0.099733591,0.100730896,0.155584097,0.055850506
alan,h_m,8_13,8,13,3,0.055850506,0.069813251,0.125663757,0.129653215,0.185503721,0.059839964
alan,m_~,13_0,13,0,3,0.059839964,0.124666691,0.184506655,0.180516958,0.240356922,0.055850267
alan,~_f,0_6,0,6,3,0.055850267,0.080784321,0.136634588,0.13563776,0.191488028,0.054853439
alan,f_i,6_9,6,9,3,0.054853439,0.0249331,0.079786539,0.084773064,0.139626503,0.059839964
alan,i_l,9_12,9,12,3,0.059839964,0.130651951,0.190491915,0.200463772,0.260303736,0.069811821
alan,l_m,12_13,12,13,3,0.069811821,0.04488039,0.114692211,0.125663996,0.195475817,0.080783606
alan,m_e,13_5,13,5,3,0.080783606,0.024933815,0.105717421,0.079786777,0.160570383,0.054852962
alan,e_d,5_4,5,4,3,0.054852962,0.100730658,0.15558362,0.175530672,0.230383635,0.074800014
alan,h_e,8_5,8,5,4,0.060346603,0.044880629,0.105227232,0.110211849,0.170558453,0.065331221
alan,e_a,5_1,5,1,4,0.065331221,-0.009974003,0.055357218,0.05983901,0.125170231,0.069813013
alan,a_t,1_20,1,20,4,0.069813013,0.064826488,0.134639502,0.135637283,0.205450296,0.070810795
alan,t_~,20_0,20,0,4,0.070810795,0.064826488,0.135637283,0.134639978,0.205450773,0.06981349
alan,~_a,0_1,0,1,4,0.06981349,0.145610571,0.215424061,0.210437298,0.280250788,0.064826727
alan,a_t,1_20,1,20,4,0.064826727,0.09574461,0.160571337,0.120677233,0.18550396,0.024932623
alan,t_o,20_15,20,15,4,0.024932623,0.486205578,0.511138201,0.566990852,0.591923475,0.080785275
alan,o_m,15_13,15,13,4,0.080785275,-0.025930882,0.054854393,0.054852247,0.135637522,0.080783129
alan,m_s,13_19,13,19,4,0.080783129,-0.019945145,0.060837984,0.049866199,0.130649328,0.069811344
alan,c_h,3_8,3,8,5,0.069323778,0.060345173,0.129668951,0.130158663,0.199482441,0.06981349
alan,h_a,8_1,8,1,5,0.06981349,-0.009973526,0.059839964,0.07031703,0.14013052,0.080290556
alan,a_n,1_14,1,14,5,0.080290556,0.040891171,0.121181726,0.11070466,0.190995216,0.06981349
alan,n_t,14_20,14,20,5,0.06981349,0.004986048,0.074799538,0.079786301,0.149599791,0.074800253
alan,t_~,20_0,20,0,5,0.074800253,0.079786301,0.154586554,0.130650282,0.205450535,0.050863981
alan,~_a,0_1,0,1,5,0.050863981,0.235370636,0.286234617,0.395941734,0.446805716,0.160571098
alan,a_x,1_24,1,24,5,0.160571098,0.029920101,0.190491199,0.094746828,0.255317926,0.064826727
alan,x_i,24_9,24,9,5,0.064826727,0.024932861,0.089759588,0.111208916,0.176035643,0.086276054
alan,i_s,9_19,9,19,5,0.086276054,0.034906626,0.12118268,0.104719877,0.190995932,0.069813251
alan,o_l,15_12,15,12,6,0.081781387,0.130157709,0.211939096,0.185011387,0.266792774,0.054853678
alan,l_d,12_4,12,4,6,0.054853678,0.009972811,0.064826488,0.074306726,0.129160404,0.064333916
alan,d_i,4_9,4,9,6,0.064333916,0.070317507,0.134651423,0.146115065,0.21044898,0.075797558
alan,i_e,9_5,9,5,6,0.075797558,0.014960051,0.090757608,0.085278034,0.161075592,0.070317984
alan,e_s,5_19,5,19,6,0.070317984,0.054852962,0.125170946,0.13463974,0.204957724,0.079786777
alan,s_~,19_0,19,0,6,0.079786777,0.049866915,0.129653692,0.125664234,0.205451012,0.075797319
alan,~_b,0_2,0,2,6,0.075797319,0.405914307,0.481711626,0.476724863,0.552522182,0.070810556
alan,b_a,2_1,2,1,6,0.070810556,0.094746351,0.165556908,0.175037384,0.24584794,0.080291033
alan,a_y,1_25,1,25,6,0.080291033,0.06981349,0.150104523,0.13962698,0.219918013,0.06981349
alan,g_y,7_25,7,25,3,0.055850744,0.099241018,0.155091763,0.170557976,0.22640872,0.071316957
alan,y_m,25_13,25,13,3,0.071316957,0.024932623,0.09624958,0.090264797,0.161581755,0.065332174
alan,m_~,13_0,13,0,3,0.065332174,0.114692926,0.180025101,0.17453289,0.239865065,0.059839964
alan,~_z,0_26,0,26,3,0.059839964,0.812336445,0.872176409,0.862203121,0.922043085,0.049866676
alan,z_y,26_25,26,25,3,0.049866676,0.185503721,0.235370398,0.256315708,0.306182384,0.070811987
alan,y_g,25_7,25,7,3,0.070811987,0.124171972,0.194983959,0.180022478,0.250834465,0.055850506
alan,g_o,7_15,7,15,3,0.055850506,0.02444005,0.080290556,0.100239277,0.156089783,0.075799227
alan,o_t,15_20,15,20,3,0.075799227,0.0204494,0.096248627,0.070318222,0.146117449,0.049868822
alan,t_e,20_5,20,5,3,0.049868822,0.115195036,0.165063858,0.175035,0.224903822,0.059839964
alan,a_m,1_13,1,13,4,0.055850506,0.019947052,0.075797558,0.094747066,0.150597572,0.074800014
alan,m_i,13_9,13,9,4,0.074800014,0.059840441,0.134640455,0.135637283,0.210437298,0.075796843
alan,i_d,9_4,9,4,4,0.075796843,0.059840441,0.135637283,0.130650282,0.206447124,0.070809841
alan,d_~,4_0,4,0,4,0.070809841,0.070316792,0.141126633,0.125170231,0.195980072,0.054853439
alan,~_e,0_5,0,5,4,0.054853439,0.244346142,0.299199581,0.296207666,0.351061106,0.051861525
alan,e_x,5_24,5,24,4,0.051861525,0.114693642,0.166555166,0.175038815,0.226900339,0.060345173
alan,x_i,24_9,24,9,4,0.060345173,0.019946575,0.080291748,0.089267254,0.149612427,0.069320679
alan,i_l,9_12,9,12,4,0.069320679,0.281767368,0.351088047,0.346594095,0.415914774,0.064826727
alan,l_e,12_5,12,5,4,0.064826727,0.054853201,0.119679928,0.10970664,0.174533367,0.054853439
alan,k_i,11_9,11,9,5,0.064826727,0.120677233,0.18550396,0.186502695,0.251329422,0.065825462
alan,i_n,9_14,9,14,5,0.065825462,-0.02493453,0.040890932,0.079785109,0.145610571,0.104719639
alan,n_d,14_4,14,4,5,0.104719639,-0.014959812,0.089759827,0.07031846,0.175038099,0.085278273
alan,d_a,4_1,4,1,5,0.085278273,-0.029920578,0.055357695,0.039892673,0.125170946,0.069813251
alan,a_~,1_0,1,0,5,0.069813251,0.034906626,0.104719877,0.094747305,0.164560556,0.059840679
alan,~_m,0_13,0,13,5,0.059840679,0.121674776,0.181515455,0.171540737,0.231381416,0.049865961
alan,m_u,13_21,13,21,5,0.049865961,0.094747066,0.144613028,0.154586315,0.204452276,0.059839249
alan,u_t,21_20,21,20,5,0.059839249,0.009973526,0.069812775,0.069813728,0.129652977,0.059840202
alan,t_e,20_5,20,5,5,0.059840202,0.106220722,0.166060925,0.161581993,0.221422195,0.055361271
alan,r_a,18_1,18,1,6,0.086769819,0.018947601,0.105717421,0.079785347,0.166555166,0.060837746
alan,a_f,1_6,1,6,6,0.060837746,0.119679928,0.180517673,0.194983244,0.25582099,0.075303316
alan,f_t,6_20,6,20,6,0.075303316,0.135637283,0.210940599,0.195477486,0.270780802,0.059840202
alan,t_e,20_5,20,5,6,0.059840202,0.20046401,0.260304213,0.25981164,0.319651842,0.05934763
alan,e_r,5_18,5,18,6,0.05934763,0.181019545,0.240367174,0.246353149,0.305700779,0.065333605
alan,r_~,18_0,18,0,6,0.065333605,0.27078104,0.336114645,0.350567579,0.415901184,0.079786539
alan,~_v,0_22,0,22,6,0.079786539,0.250330925,0.330117464,0.311167479,0.390954018,0.060836554
alan,v_e,22_5,22,5,6,0.060836554,0.145611286,0.20644784,0.200464249,0.261300802,0.054852962
alan,e_x,5_24,5,24,6,0.054852962,0.135145426,0.189998388,0.195982218,0.25083518,0.060836792
alan,e_l,5_12,5,12,3,0.05983901,0.080784321,0.140623331,0.151102781,0.210941792,0.07031846
alan,l_f,12_6,12,6,3,0.07031846,0.009972811,0.080291271,0.060345173,0.130663633,0.050372362
alan,f_~,6_0,6,0,3,0.050372362,0.084773779,0.135146141,0.134639978,0.185012341,0.049866199
alan,~_j,0_10,0,10,3,0.049866199,0.176528215,0.226394415,0.261301756,0.311167955,0.08477354
alan,j_u,10_21,10,21,3,0.08477354,0.124665976,0.209439516,0.179519415,0.264292955,0.054853439
alan,u_i,21_9,21,9,3,0.054853439,0.14162159,0.196475029,0.201461315,0.256314754,0.059839725
alan,i_c,9_3,9,3,3,0.059839725,0.049866915,0.10970664,0.125172377,0.185012102,0.075305462
alan,c_e,3_5,3,5,3,0.075305462,0.134639502,0.209944963,0.195477247,0.270782709,0.060837746
alan,e_y,5_25,5,25,3,0.060837746,0.13065052,0.191488266,0.195477247,0.256314993,0.064826727
alan,l_i,12_9,12,9,4,0.074800253,0.125663519,0.200463772,0.206448555,0.281248808,0.080785036
alan,i_m,9_13,9,13,4,0.080785036,-0.025931835,0.054853201,0.059839487,0.140624523,0.085771322
alan,m_b,13_2,13,2,4,0.085771322,0.024932861,0.110704184,0.089759588,0.17553091,0.064826727
alan,b_~,2_0,2,0,4,0.064826727,0.079786539,0.144613266,0.135637045,0.200463772,0.055850506
alan,~_y,0_25,0,25,4,0.055850506,0.300197601,0.356048107,0.396444559,0.452295065,0.096246958
alan,y_o,25_15,25,15,4,0.096246958,0.02992034,0.126167297,0.054853678,0.151100636,0.024933338
alan,o_u,15_21,15,21,4,0.024933338,0.144613028,0.169546366,0.235370636,0.260303974,0.090757608
alan,u_n,21_14,21,14,4,0.090757608,-0.034906149,0.05585146,0.069813013,0.160570621,0.104719162
alan,n_g,14_7,14,7,4,0.104719162,0.004986525,0.109705687,0.081315517,0.186034679,0.076328993
alan,e_i,5_9,5,9,5,0.055850267,0.074307203,0.130157471,0.145622253,0.201472521,0.07131505
alan,i_g,9_7,9,7,5,0.07131505,0.004986763,0.076301813,0.059840202,0.131155252,0.054853439
alan,g_h,7_8,7,8,5,0.054853439,0.045384169,0.100237608,0.115197182,0.170050621,0.069813013
alan,h_t,8_20,8,20,5,0.069813013,-0.004986525,0.064826488,0.054853201,0.124666214,0.059839725
alan,t_~,20_0,20,0,5,0.059839725,0.079789162,0.139628887,0.150598049,0.210437775,0.070808887
alan,~_k,0_11,0,11,5,0.070808887,0.100730658,0.171539545,0.175529957,0.246338844,0.074799299
alan,k_n,11_14,11,14,5,0.074799299,-0.029919863,0.044879436,0.039893389,0.114692688,0.069813251
alan,n_o,14_15,14,15,5,0.069813251,0.08477354,0.154586792,0.144613266,0.214426517,0.059839725
alan,o_w,15_23,15,23,5,0.059839725,0.034906626,0.094746351,0.096741676,0.156581402,0.061835051
alan,w_r,23_18,23,18,6,0.099733114,0.070810795,0.170543909,0.140625477,0.240358591,0.069814682
alan,r_e,18_5,18,5,6,0.069814682,0.080298424,0.150113106,0.125178576,0.194993258,0.044880152
alan,e_n,5_14,5,14,6,0.044880152,0.020450354,0.065330505,0.100237131,0.145117283,0.079786777
alan,n_c,14_3,14,3,6,0.079786777,0.059839964,0.139626741,0.150597334,0.230384111,0.09075737
alan,c_h,3_8,3,8,6,0.09075737,0.070811033,0.161568403,0.160570383,0.251327753,0.08975935
alan,h_~,8_0,8,0,6,0.08975935,0.465754747,0.555514097,0.526101589,0.615860939,0.060346842
alan,~_f,0_6,0,6,6,0.060346842,0.120676756,0.181023598,0.175530195,0.235877037,0.054853439
alan,f_o,6_15,6,15,6,0.054853439,0.029920578,0.084774017,0.099733591,0.15458703,0.069813013
alan,o_x,15_24,15,24,6,0.069813013,0.060837507,0.13065052,0.12566328,0.195476294,0.064825773
alan,b_e,2_5,2,5,3,0.064825058,0.069812775,0.134637833,0.13463974,0.199464798,0.064826965
alan,e_d,5_4,5,4,3,0.064826965,0.136141777,0.200968742,0.190994501,0.255821466,0.054852724
alan,d_~,4_0,4,0,3,0.054852724,0.274770737,0.329623461,0.325634718,0.380487442,0.050863981
alan,~_a,0_1,0,1,3,0.050863981,0.250330448,0.301194429,0.315157175,0.366021156,0.064826727
alan,a_b,1_2,1,2,3,0.064826727,0.131648064,0.196474791,0.196474314,0.261301041,0.06482625
alan,b_j,2_10,2,10,3,0.06482625,0.335608006,0.400434256,0.395448923,0.460275173,0.059840918
alan,j_u,10_21,10,21,3,0.059840918,0.105716705,0.165557623,0.170542955,0.230383873,0.06482625
alan,u_r,21_18,21,18,3,0.06482625,0.024933815,0.089760065,0.095252275,0.160078526,0.07031846
alan,r_e,18_5,18,5,3,0.07031846,0.080292225,0.150610685,0.140132189,0.210450649,0.059839964
alan,p_o,16_15,16,15,4,0.070810556,0.059840441,0.130650997,0.145611048,0.216421604,0.085770607
alan,o_r,15_18,15,18,4,0.085770607,0.0249331,0.110703707,0.084773064,0.170543671,0.059839964
alan,r_k,18_11,18,11,4,0.059839964,0.059840918,0.119680882,0.125664234,0.185504198,0.065823317
alan,k_~,11_0,11,0,4,0.065823317,0.129653454,0.19547677,0.190490246,0.256313562,0.060836792
alan,~_d,0_4,0,4,4,0.060836792,0.450303316,0.511140108,0.516127348,0.57696414,0.065824032
alan,d_o,4_15,4,15,4,0.065824032,0.089759588,0.15558362,0.145609856,0.211433887,0.055850267
alan,o_r,15_18,15,18,4,0.055850267,0.035411119,0.091261387,0.104732513,0.160582781,0.069321394
alan,r_k,18_11,18,11,4,0.069321394,0.064826727,0.134148121,0.140131474,0.209452868,0.075304747
alan,k_y,11_25,11,25,4,0.075304747,0.10023737,0.175542116,0.171047688,0.246352434,0.070810318
alan,q_u,17_21,17,21,5,0.086769581,0.059839249,0.146608829,0.109705687,0.196475267,0.049866438
alan,u_i,21_9,21,9,5,0.049866438,0.124666452,0.17453289,0.184506178,0.234372616,0.059839725
alan,i_e,9_5,9,5,5,0.059839725,0.004986525,0.06482625,0.066821337,0.126661062,0.061834812
alan,e_t,5_20,5,20,5,0.061834812,0.114693403,0.176528215,0.174533129,0.236367941,0.059839725
alan,t_~,20_0,20,0,5,0.059839725,0.069813251,0.129652977,0.129653215,0.189492941,0.059839964
alan,~_g,0_7,0,7,5,0.059839964,0.385978937,0.445818901,0.446816683,0.506656647,0.060837746
alan,g_y,7_25,7,25,5,0.060837746,0.15060854,0.211446285,0.215943575,0.276781321,0.065335035
alan,y_r,25_18,25,18,5,0.065335035,0.169546127,0.234881163,0.22938633,0.294721365,0.059840202
alan,r_o,18_15,18,15,5,0.059840202,0.070810318,0.13065052,0.131648064,0.191488266,0.060837746
alan,q_u,17_21,17,21,6,0.07081008,0.044879675,0.115689754,0.129652977,0.200463057,0.084773302
alan,u_e,21_5,21,5,6,0.084773302,0.03490901,0.119682312,0.095744133,0.180517435,0.060835123
alan,e_n,5_14,5,14,6,0.060835123,0.034906626,0.095741749,0.114693165,0.175528288,0.079786539
alan,n_c,14_3,14,3,6,0.079786539,0.039893389,0.119679928,0.105717182,0.185503721,0.065823793
alan,c_h,3_8,3,8,6,0.065823793,0.049866676,0.11569047,0.119680166,0.18550396,0.06981349
alan,h_~,8_0,8,0,6,0.06981349,0.11070466,0.18051815,0.190490484,0.260303974,0.079785824
alan,~_h,0_8,0,8,6,0.079785824,0.250835419,0.330621243,0.321152449,0.400938272,0.07031703
alan,h_u,8_21,8,21,6,0.07031703,0.029920101,0.100237131,0.115690708,0.186007738,0.085770607
alan,u_g,21_7,21,7,6,0.085770607,0.029920101,0.115690708,0.099733591,0.185504198,0.06981349
alan,i_r,9_18,9,18,3,0.054853678,0.010478258,0.065331936,0.076301575,0.131155252,0.065823317
alan,r_k,18_11,18,11,3,0.065823317,0.054853439,0.120676756,0.109706402,0.175529718,0.054852962
alan,k_~,11_0,11,0,3,0.054852962,0.104720354,0.159573317,0.16456008,0.219413042,0.059839725
alan,~_o,0_15,0,15,3,0.059839725,0.111701012,0.171540737,0.167060614,0.226900339,0.055359602
alan,o_b,15_2,15,2,3,0.055359602,0.044878006,0.100237608,0.099241495,0.154601097,0.054363489
alan,b_j,2_10,2,10,3,0.054363489,0.08477354,0.13913703,0.145116806,0.199480295,0.060343266
alan,j_e,10_5,10,5,3,0.060343266,0.02992034,0.090263605,0.121184111,0.181527376,0.091263771
alan,e_c,5_3,5,3,3,0.091263771,-0.029919624,0.061344147,0.03989315,0.131156921,0.069812775
alan,c_t,3_20,3,20,3,0.069812775,0.109706879,0.179519653,0.170544147,0.240356922,0.060837269
alan,k_n,11_14,11,14,4,0.080784082,-0.020944118,0.059839964,0.059839964,0.140624046,0.080784082
alan,n_o,14_15,14,15,4,0.080784082,0.059840202,0.140624285,0.13065052,0.211434603,0.070810318
alan,o_t,15_20,15,20,4,0.070810318,0.009973526,0.080783844,0.06981349,0.140623808,0.059839964
alan,t_~,20_0,20,0,4,0.059839964,0.03989315,0.099733114,0.104719877,0.164559841,0.064826727
alan,~_v,0_22,0,22,4,0.064826727,0.130661964,0.195488691,0.195488691,0.260315418,0.064826727
alan,v_i,22_9,22,9,4,0.064826727,0.004986525,0.069813251,0.075303793,0.14013052,0.070317268
alan,i_t,9_20,9,20,4,0.070317268,0.060345888,0.130663157,0.115199327,0.185516596,0.054853439
alan,t_a,20_1,20,1,4,0.054853439,0.054855585,0.109709024,0.115690947,0.170544386,0.060835361
alan,a_l,1_12,1,12,4,0.060835361,0.004986286,0.065821648,0.059839487,0.120674849,0.054853201
alan,g_a,7_1,7,1,5,0.064826488,0.045877695,0.110704184,0.125664711,0.190491199,0.079787016
alan,a_t,1_20,1,20,5,0.079787016,0.049865961,0.129652977,0.099732399,0.179519415,0.049866438
alan,t_e,20_5,20,5,5,0.049866438,0.111212969,0.161079407,0.16606617,0.215932608,0.054853201
alan,e_d,5_4,5,4,5,0.054853201,0.074800014,0.129653215,0.129653215,0.184506416,0.054853201
alan,d_~,4_0,4,0,5,0.054853201,0.029920101,0.084773302,0.094746828,0.149600029,0.064826727
alan,~_h,0_8,0,8,5,0.064826727,0.146608114,0.211434841,0.216421127,0.281247854,0.069813013
alan,h_i,8_9,8,9,5,0.069813013,0.054853201,0.124666214,0.150103331,0.219916344,0.09525013
alan,i_n,9_14,9,14,5,0.09525013,-0.034906626,0.060343504,0.050372601,0.14562273,0.085279226
alan,n_d,14_4,14,4,5,0.085279226,0.034907103,0.120186329,0.110704422,0.195983648,0.075797319
alan,p_i,16_9,16,9,6,0.064829588,0.150594711,0.215424299,0.210434437,0.275264025,0.059839725
alan,i_e,9_5,9,5,6,0.059839725,0.060839653,0.120679379,0.115690708,0.175530434,0.054851055
alan,e_c,5_3,5,3,6,0.054851055,0.124666452,0.179517508,0.18051815,0.235369205,0.055851698
alan,c_e,3_5,3,5,6,0.055851698,0.145116091,0.200967789,0.214929342,0.27078104,0.069813251
alan,e_s,5_19,5,19,6,0.069813251,0.00099802,0.070811272,0.064826965,0.134640217,0.063828945
alan,s_~,19_0,19,0,6,0.063828945,0.029919624,0.093748569,0.074799776,0.138628721,0.044880152
alan,~_l,0_12,0,12,6,0.044880152,0.126661301,0.171541452,0.206952333,0.251832485,0.080291033
alan,l_y,12_25,12,25,6,0.080291033,0.054853201,0.135144234,0.124172688,0.20446372,0.069319487
alan,y_e,25_5,25,5,6,0.069319487,0.171551943,0.240871429,0.23637867,0.305698156,0.064826727
alan,k_e,11_5,11,5,3,0.085770845,0.110703468,0.196474314,0.165557861,0.251328707,0.054854393
alan,e_y,5_25,5,25,3,0.054854393,0.125665188,0.180519581,0.175530672,0.230385065,0.049865484
alan,y_~,25_0,25,0,3,0.049865484,0.049865961,0.099731445,0.100729704,0.150595188,0.050863743
alan,~_d,0_4,0,4,3,0.050863743,0.064826488,0.115690231,0.119680166,0.170543909,0.054853678
alan,d_i,4_9,4,9,3,0.054853678,0.055356741,0.110210419,0.11021018,0.165063858,0.054853439
alan,i_a,9_1,9,1,3,0.054853439,0.029920101,0.08477354,0.094747543,0.149600983,0.064827442
alan,a_l,1_12,1,12,3,0.064827442,0.166553974,0.231381416,0.231380463,0.296207905,0.064826488
alan,l_o,12_15,12,15,3,0.064826488,0.099733114,0.164559603,0.145117521,0.20994401,0.045384407
alan,o_g,15_7,15,7,3,0.045384407,0.009973288,0.055357695,0.059839725,0.105224133,0.049866438
alan,c_h,3_8,3,8,4,0.070317507,0.180024385,0.250341892,0.235875368,0.306192875,0.055850983
alan,h_u,8_21,8,21,4,0.055850983,0.104719639,0.160570621,0.109706163,0.165557146,0.004986525
alan,u_m,21_13,21,13,4,0.004986525,0.81731987,0.822306395,0.882146597,0.887133121,0.064826727
alan,m_~,13_0,13,0,4,0.064826727,0.149599791,0.214426517,0.201461554,0.26628828,0.051861763
alan,~_b,0_2,0,2,4,0.051861763,0.13514924,0.187011003,0.204468966,0.256330729,0.069319725
alan,b_i,2_9,2,9,4,0.069319725,0.0249331,0.094252825,0.090265036,0.159584761,0.065331936
alan,i_r,9_18,9,18,4,0.065331936,0.105225563,0.170557499,0.136142731,0.201474667,0.030917168
alan,r_c,18_3,18,3,4,0.030917168,0.144613266,0.175530434,0.204453945,0.235371113,0.059840679
alan,c_h,3_8,3,8,4,0.059840679,0.065823317,0.125663996,0.135636806,0.195477486,0.06981349
alan,l_a,12_1,12,1,5,0.06981349,0.020449638,0.090263128,0.075302601,0.145116091,0.054852962
alan,a_u,1_21,1,21,5,0.054852962,0.100731134,0.155584097,0.165557384,0.220410347,0.06482625
alan,u_g,21_7,21,7,5,0.06482625,0.284744501,0.349570751,0.351565838,0.416392088,0.066821337
alan,g_h,7_8,7,8,5,0.066821337,0.059347868,0.126169205,0.119187832,0.186009169,0.059839964
alan,h_~,8_0,8,0,5,0.059839964,0.175540686,0.23538065,0.236378193,0.296218157,0.060837507
alan,~_s,0_19,0,19,5,0.060837507,0.170543909,0.231381416,0.275263786,0.336101294,0.104719877
alan,s_t,19_20,19,20,5,0.104719877,-0.019946098,0.084773779,0.049866676,0.154586554,0.069812775
alan,t_u,20_21,20,21,5,0.069812775,0.009973049,0.079785824,0.090757608,0.160570383,0.080784559
alan,u_n,21_14,21,14,5,0.080784559,-0.020944118,0.059840441,0.054852962,0.135637522,0.075797081
alan,v_a,22_1,22,1,6,0.069812775,0.004986525,0.074799299,0.08477354,0.154586315,0.079787016
alan,a_r,1_18,1,18,6,0.079787016,0.074800253,0.154587269,0.146608114,0.22639513,0.071807861
alan,r_i,18_9,18,9,6,0.071807861,0.054853201,0.126661062,0.119679451,0.191487312,0.06482625
alan,i_e,9_5,9,5,6,0.06482625,0.054853439,0.119679689,0.159573317,0.224399567,0.104719877
alan,e_s,5_19,5,19,6,0.104719877,-0.014959812,0.089760065,0.071314573,0.176034451,0.086274385
alan,s_~,19_0,19,0,6,0.086274385,0.024933815,0.1112082,0.095250845,0.18152523,0.07031703
alan,~_c,0_3,0,3,6,0.07031703,0.129653215,0.199970245,0.199466705,0.269783735,0.06981349
alan,c_r,3_18,3,18,6,0.06981349,0.131648064,0.201461554,0.191487789,0.261301279,0.059839725
alan,r_y,18_25,18,25,6,0.059839725,0.169556618,0.229396343,0.224410057,0.284249783,0.054853439
alan,y_a,25_1,25,1,3,0.056850195,-0.005985022,0.050865173,0.059838295,0.11668849,0.065823317
alan,a_m,1_13,1,13,3,0.065823317,0.094746351,0.160569668,0.154586077,0.220409393,0.059839725
alan,m_~,13_0,13,0,3,0.059839725,0.099733353,0.159573078,0.154586792,0.214426517,0.054853439
alan,~_r,0_18,0,18,3,0.054853439,-0.003988743,0.050864697,0.066821814,0.121675253,0.070810556
alan,r_a,18_1,18,1,3,0.070810556,0.004986048,0.075796604,0.074799299,0.145609856,0.069813251
alan,a_n,1_14,1,14,3,0.069813251,0.009973764,0.079787016,0.07031703,0.140130281,0.060343266
alan,n_d,14_4,14,4,3,0.060343266,0.074799776,0.135143042,0.13463974,0.194983006,0.059839964
alan,d_o,4_15,4,15,3,0.059839964,0.059839964,0.119679928,0.175530434,0.235370398,0.11569047
alan,o_m,15_13,15,13,3,0.11569047,-0.034906626,0.080783844,0.060837746,0.176528215,0.095744371
alan,f_i,6_9,6,9,4,0.064826488,0.024933815,0.089760303,0.085770845,0.150597334,0.06083703
alan,i_s,9_19,9,19,4,0.06083703,0.029919863,0.090756893,0.145118475,0.205955505,0.115198612
alan,s_t,19_20,19,20,4,0.115198612,-0.029920101,0.085278511,0.044880152,0.160078764,0.074800253
alan,t_~,20_0,20,0,4,0.074800253,0.050370455,0.125170708,0.120184422,0.194984674,0.069813967
alan,~_t,0_20,0,20,4,0.069813967,0.215423584,0.285237551,0.281247854,0.351061821,0.06582427
alan,t_r,20_18,20,18,4,0.06582427,0.114693165,0.180517435,0.169548273,0.235372543,0.054855108
alan,r_a,18_1,18,1,4,0.054855108,0.004986525,0.059841633,0.070809126,0.125664234,0.065822601
alan,a_i,1_9,1,9,4,0.065822601,-0.00498724,0.060835361,0.064826012,0.130648613,0.069813251
alan,i_n,9_14,9,14,4,0.069813251,-0.019946337,0.049866915,0.045877457,0.115690708,0.065823793
alan,b_a,2_1,2,1,5,0.079787254,0.150597095,0.23038435,0.245343447,0.325130701,0.094746351
alan,a_s,1_19,1,19,5,0.094746351,-0.004986763,0.089759588,0.065823793,0.160570145,0.070810556
alan,s_i,19_9,19,9,5,0.070810556,0.034906626,0.105717182,0.105224133,0.176034689,0.070317507
alan,i_l,9_12,9,12,5,0.070317507,0.125171661,0.195489168,0.199971437,0.270288944,0.074799776
alan,l_~,12_0,12,0,5,0.074799776,0.099733114,0.17453289,0.165557146,0.240356922,0.065824032
alan,~_u,0_21,0,21,5,0.065824032,0.150597572,0.216421604,0.260303974,0.326128006,0.109706402
alan,u_n,21_14,21,14,5,0.109706402,0.009973764,0.119680166,0.085772276,0.195478678,0.075798512
alan,n_t,14_20,14,20,5,0.075798512,0.013961315,0.089759827,0.10571599,0.181514502,0.091754675
alan,t_o,20_15,20,15,5,0.091754675,0.284747601,0.376502275,0.345584869,0.437339544,0.060837269
alan,d_e,4_5,4,5,6,0.064826965,0.105223894,0.170050859,0.166564941,0.231391907,0.061341047
alan,e_t,5_20,5,20,6,0.061341047,0.10970664,0.171047688,0.164559841,0.225900888,0.054853201
alan,t_a,20_1,20,1,6,0.054853201,0.099733114,0.154586315,0.205450773,0.260303974,0.105717659
alan,a_c,1_3,1,3,6,0.105717659,0.019946814,0.125664473,0.090757132,0.196474791,0.070810318
alan,c_h,3_8,3,8,6,0.070810318,0.054854631,0.125664949,0.124667406,0.195477724,0.069812775
alan,h_~,8_0,8,0,6,0.069812775,0.139625549,0.209438324,0.215422869,0.285235643,0.075797319
alan,~_q,0_17,0,17,6,0.075797319,0.140624285,0.216421604,0.195477962,0.271275282,0.054853678
alan,q_u,17_21,17,21,6,0.054853678,0.049865961,0.104719639,0.115689993,0.170543671,0.065824032
alan,u_a,21_1,21,1,6,0.065824032,0.024934292,0.090758324,0.08976078,0.155584812,0.064826488
alan,w_i,23_9,23,9,3,0.059839964,0.00099802,0.060837984,0.060343504,0.120183468,0.059345484
alan,i_z,9_26,9,26,3,0.059345484,0.03989315,0.099238634,0.119680166,0.17902565,0.079787016
alan,z_~,26_0,26,0,3,0.079787016,0.050863504,0.13065052,0.120676756,0.200463772,0.069813251
alan,~_s,0_19,0,19,3,0.069813251,0.140624285,0.210437536,0.205450773,0.275264025,0.064826488
alan,s_h,19_8,19,8,3,0.064826488,0.16556859,0.230395079,0.230899334,0.295725822,0.065330744
alan,h_r,8_18,8,18,3,0.065330744,0.000997543,0.066328287,0.084773064,0.150103807,0.08377552
alan,r_i,18_9,18,9,3,0.08377552,0.020453215,0.104228735,0.125173569,0.208949089,0.104720354
alan,i_n,9_14,9,14,3,0.104720354,-0.02992034,0.074800014,0.06482625,0.169546604,0.09474659
alan,n_k,14_11,14,11,3,0.09474659,0.040890694,0.135637283,0.120676994,0.215423584,0.079786301
alan,o_n,15_14,15,14,4,0.074800014,-0.049866676,0.024933338,0.054853439,0.129653454,0.104720116
alan,n_l,14_12,14,12,4,0.104720116,0.075314522,0.180034637,0.150107384,0.254827499,0.074792862
alan,l_y,12_25,12,25,4,0.074792862,0.031423092,0.106215954,0.101236105,0.176028967,0.069813013
alan,y_~,25_0,25,0,4,0.069813013,0.094746351,0.164559364,0.164559603,0.234372616,0.069813251
alan,~_k,0_11,0,11,4,0.069813251,0.125665665,0.195478916,0.21143508,0.281248331,0.085769415
alan,k_r,11_18,11,18,4,0.085769415,0.024932861,0.110702276,0.094746351,0.180515766,0.06981349
alan,r_o,18_15,18,15,4,0.06981349,0.049866676,0.119680166,0.185504436,0.255317926,0.13563776
alan,o_n,15_14,15,14,4,0.13563776,-0.034906864,0.100730896,0.049866199,0.18550396,0.084773064
alan,n_e,14_5,14,5,4,0.084773064,-0.009973049,0.074800014,0.055850267,0.140623331,0.065823317
alan,y_o,25_15,25,15,5,0.080783844,-0.029920101,0.050863743,0.029921055,0.110704899,0.059841156
alan,o_d,15_4,15,4,5,0.059841156,0.134638548,0.194479704,0.270287037,0.330128193,0.135648489
alan,d_e,4_5,4,5,5,0.135648489,-0.030424118,0.105224371,0.055850506,0.191498995,0.086274624
alan,e_l,5_12,5,12,5,0.086274624,0.039893627,0.126168251,0.104720116,0.19099474,0.064826488
alan,l_~,12_0,12,0,5,0.064826488,0.104720592,0.169547081,0.185504675,0.250331163,0.080784082
alan,~_e,0_5,0,5,5,0.080784082,0.089759111,0.170543194,0.135636806,0.216420889,0.045877695
alan,e_c,5_3,5,3,5,0.045877695,0.124666452,0.170544147,0.200463772,0.246341467,0.075797319
alan,c_h,3_8,3,8,5,0.075797319,0.024934053,0.100731373,0.09474659,0.170543909,0.069812536
alan,h_o,8_15,8,15,5,0.069812536,0.106223822,0.176036358,0.181023121,0.250835657,0.074799299
alan,b_o,2_15,2,15,6,0.094254017,0.009970903,0.10422492,0.064824343,0.15907836,0.054853439
alan,o_t,15_20,15,20,6,0.054853439,0.33611393,0.390967369,0.396951437,0.451804876,0.060837507
alan,t_f,20_6,20,6,6,0.060837507,0.380980968,0.441818476,0.440821648,0.501659155,0.059840679
alan,f_l,6_12,6,12,6,0.059840679,0.034905672,0.094746351,0.105716228,0.165556908,0.070810556
alan,l_y,12_25,12,25,6,0.070810556,0.029920578,0.100731134,0.105223656,0.176034212,0.075303078
alan,y_~,25_0,25,0,6,0.075303078,0.114693403,0.189996481,0.209439993,0.284743071,0.09474659
alan,~_t,0_20,0,20,6,0.09474659,0.652278423,0.747025013,0.722595692,0.817342281,0.070317268
alan,t_u,20_21,20,21,6,0.070317268,0.039893627,0.110210896,0.104720116,0.175037384,0.064826488
alan,u_x,21_24,21,24,6,0.064826488,0.029920816,0.094747305,0.095743895,0.160570383,0.065823078
alan,d_i,4_9,4,9,3,0.059839725,-0.004986525,0.054853201,0.054853916,0.114693642,0.059840441
alan,i_g,9_7,9,7,3,0.059840441,0.075302839,0.13514328,0.125673294,0.185513735,0.050370455
alan,g_~,7_0,7,0,3,0.050370455,0.008977413,0.059347868,0.090757132,0.141127586,0.081779718
alan,~_t,0_20,0,20,3,0.081779718,0.174533367,0.256313086,0.244346619,0.326126337,0.069813251
alan,t_e,20_5,20,5,3,0.069813251,0.105717182,0.175530434,0.166062117,0.235875368,0.060344934
alan,e_n,5_14,5,14,3,0.060344934,0.000997543,0.061342478,0.09026432,0.150609255,0.089266777
alan,n_d,14_4,14,4,3,0.089266777,0.03989315,0.129159927,0.100238085,0.189504862,0.060344934
alan,d_o,4_15,4,15,3,0.060344934,0.034906626,0.09525156,0.146114826,0.206459761,0.1112082
alan,o_n,15_14,15,14,3,0.1112082,0.001000881,0.112209082,0.06482625,0.176034451,0.063825369
alan,n_o,14_15,14,15,4,0.079787016,0.044879198,0.124666214,0.11469245,0.194479465,0.069813251
alan,o_d,15_4,15,4,4,0.069813251,-0.009973049,0.059840202,0.105223179,0.17503643,0.115196228
alan,d_e,4_5,4,5,4,0.115196228,-0.044879436,0.070316792,0.044880152,0.16007638,0.089759588
alan,e_~,5_0,5,0,4,0.089759588,0.004986525,0.094746113,0.080783844,0.170543432,0.075797319
alan,~_p,0_16,0,16,4,0.075797319,0.265290499,0.341087818,0.346580029,0.422377348,0.08128953
alan,p_i,16_9,16,9,4,0.08128953,0.154092789,0.235382318,0.229397297,0.310686827,0.075304508
alan,i_x,9_24,9,24,4,0.075304508,0.024933577,0.100238085,0.090263605,0.165568113,0.065330029
alan,x_e,24_5,24,5,4,0.065330029,0.079786777,0.145116806,0.150597334,0.215927362,0.070810556
alan,e_l,5_12,5,12,4,0.070810556,0.000997782,0.071808338,0.059840202,0.130650759,0.058842421
alan,z_o,26_15,26,15,5,0.099733114,0.000997782,0.100730896,0.09474659,0.194479704,0.093748808
alan,o_n,15_14,15,14,5,0.093748808,-0.014959097,0.078789711,0.085770607,0.179519415,0.100729704
alan,n_a,14_1,14,1,5,0.100729704,0.105717182,0.206446886,0.175530672,0.276260376,0.06981349
alan,a_l,1_12,1,12,5,0.06981349,0.044879913,0.114693403,0.104719877,0.174533367,0.059839964
alan,l_~,12_0,12,0,5,0.059839964,0.085771084,0.145611048,0.161568165,0.221408129,0.075797081
alan,~_o,0_15,0,15,5,0.075797081,0.170050621,0.245847702,0.23487711,0.310674191,0.064826488
alan,o_g,15_7,15,7,5,0.064826488,0.004986525,0.069813013,0.079786777,0.144613266,0.074800253
alan,g_r,7_18,7,18,5,0.074800253,0.201461077,0.27626133,0.301698923,0.376499176,0.100237846
alan,r_e,18_5,18,5,5,0.100237846,-0.015957355,0.084280491,0.059346437,0.159584284,0.075303793
alan,t_r,20_18,20,18,6,0.075797319,0.115692377,0.191489697,0.175529718,0.251327038,0.059837341
alan,r_o,18_15,18,15,6,0.059837341,0.281248093,0.341085434,0.336103201,0.395940542,0.054855108
alan,o_v,15_22,15,22,6,0.054855108,0.069811821,0.124666929,0.145115137,0.199970245,0.075303316
alan,v_e,22_5,22,5,6,0.075303316,0.019946575,0.095249891,0.094747543,0.170050859,0.074800968
alan,e_r,5_18,5,18,6,0.074800968,0.034905672,0.10970664,0.105716944,0.180517912,0.070811272
alan,r_~,18_0,18,0,6,0.070811272,0.049865961,0.120677233,0.110703945,0.181515217,0.060837984
alan,~_m,0_13,0,13,6,0.060837984,0.155090809,0.215928793,0.214930296,0.27576828,0.059839487
alan,m_u,13_21,13,21,6,0.059839487,0.135651588,0.195491076,0.200478315,0.260317802,0.064826727
alan,u_g,21_7,21,7,6,0.064826727,-0.00997138,0.054855347,0.08029151,0.145118237,0.09026289
alan,a_c,1_3,1,3,3,0.084773064,0.000997782,0.085770845,0.054853678,0.139626741,0.053855896
alan,c_t,3_20,3,20,3,0.053855896,0.120676994,0.17453289,0.171541214,0.22539711,0.05086422
alan,t_~,20_0,20,0,3,0.05086422,0.019946337,0.070810556,0.074800014,0.125664234,0.054853678
alan,~_m,0_13,0,13,3,0.054853678,0.09474659,0.149600267,0.160571098,0.215424776,0.065824509
alan,m_a,13_1,13,1,3,0.065824509,-0.025931358,0.03989315,0.064827204,0.130651712,0.090758562
alan,a_r,1_18,1,18,3,0.090758562,-0.019947767,0.070810795,0.034906149,0.125664711,0.054853916
alan,r_b,18_2,18,2,3,0.054853916,0.145609617,0.200463533,0.200463295,0.255317211,0.054853678
alan,b_l,2_12,2,12,3,0.054853678,0.064827204,0.119680882,0.135637283,0.190490961,0.07081008
alan,l_e,12_5,12,5,3,0.07081008,0.009973526,0.080783606,0.064826965,0.135637045,0.054853439
alan,e_v,5_22,5,22,4,0.074307203,0.044881105,0.119188309,0.120185375,0.194492579,0.07530427
alan,v_i,22_9,22,9,4,0.07530427,0.05635643,0.1316607,0.106221914,0.181526184,0.049865484
alan,i_l,9_12,9,12,4,0.049865484,0.11469388,0.164559364,0.179519892,0.229385376,0.064826012
alan,l_~,12_0,12,0,4,0.064826012,0.114693403,0.179519415,0.166554689,0.231380701,0.051861286
alan,~_l,0_12,0,12,4,0.051861286,0.099733591,0.151594877,0.16456008,0.216421366,0.064826488
alan,l_u,12_21,12,21,4,0.064826488,0.140624046,0.205450535,0.216420889,0.281247377,0.075796843
alan,u_c,21_3,21,3,4,0.075796843,0.054853678,0.13065052,0.124666929,0.200463772,0.069813251
alan,c_i,3_9,3,9,4,0.069813251,0.045384645,0.115197897,0.110210657,0.180023909,0.064826012
alan,i_d,9_4,9,4,4,0.064826012,0.059840679,0.124666691,0.109707117,0.174533129,0.049866438
alan,w_a,23_1,23,1,5,0.100238085,-0.03042078,0.069817305,0.054853201,0.155091286,0.085273981
alan,a_k,1_11,1,11,5,0.085273981,0.074306726,0.159580708,0.140634775,0.225908756,0.066328049
alan,k_e,11_5,11,5,5,0.066328049,0.024933577,0.091261625,0.125171185,0.191499233,0.100237608
alan,e_s,5_19,5,19,5,0.100237608,-0.004986525,0.095251083,0.059839964,0.160077572,0.064826488
alan,s_~,19_0,19,0,5,0.064826488,0.054853678,0.119680166,0.129653215,0.194479704,0.074799538
alan,~_c,0_3,0,3,5,0.074799538,0.186501741,0.261301279,0.256314993,0.331114531,0.069813251
alan,c_a,3_1,3,1,5,0.069813251,0.014959812,0.084773064,0.084773064,0.154586315,0.069813251
alan,a_r,1_18,1,18,5,0.069813251,0.039893389,0.10970664,0.106714964,0.176528215,0.066821575
alan,r_t,18_20,18,20,5,0.066821575,0.344586134,0.411407709,0.42038393,0.487205505,0.075797796
alan,u_n,21_14,21,14,6,0.121184111,-0.014959574,0.106224537,0.074308634,0.195492744,0.089268208
alan,n_s,14_19,14,19,6,0.089268208,0.045877218,0.135145426,0.135145903,0.22441411,0.089268684
alan,s_a,19_1,19,1,6,0.089268684,-0.034906626,0.054362059,0.045387268,0.134655952,0.080293894
alan,a_i,1_9,1,9,6,0.080293894,0.029918671,0.110212564,0.101233959,0.181527853,0.071315289
alan,i_d,9_4,9,4,6,0.071315289,0.0249331,0.096248388,0.089759827,0.161075115,0.064826727
alan,d_~,4_0,4,0,6,0.064826727,0.029919863,0.09474659,0.104719877,0.169546604,0.074800014
alan,~_z,0_26,0,26,6,0.074800014,0.140624046,0.215424061,0.246341705,0.32114172,0.105717659
alan,z_e,26_5,26,5,6,0.105717659,-0.009974003,0.095743656,0.054852962,0.160570621,0.064826965
alan,e_n,5_14,5,14,6,0.064826965,0.014959812,0.079786777,0.084773064,0.149600029,0.069813251
alan,p_a,16_1,16,1,3,0.065330982,0.009973049,0.075304031,0.060836792,0.126167774,0.050863743
alan,a_y,1_25,1,25,3,0.050863743,0.124667168,0.17553091,0.174533129,0.225396872,0.049865961
alan,y_~,25_0,25,0,3,0.049865961,0.054855347,0.104721308,0.120678663,0.170544624,0.065823317
alan,~_g,0_7,0,7,3,0.065823317,0.195486784,0.261310101,0.250340223,0.31616354,0.054853439
alan,g_l,7_12,7,12,3,0.054853439,0.02992034,0.084773779,0.090264797,0.145118237,0.060344458
alan,l_a,12_1,12,1,3,0.060344458,0.04538393,0.105728388,0.120185375,0.180529833,0.074801445
alan,a_r,1_18,1,18,3,0.074801445,0.080783129,0.155584574,0.145609617,0.220411062,0.064826488
alan,r_e,18_5,18,5,3,0.064826488,0.110703707,0.175530195,0.165556908,0.230383396,0.054853201
alan,e_d,5_4,5,4,3,0.054853201,0.074799538,0.129652739,0.13065052,0.185503721,0.055850983
alan,s_a,19_1,19,1,4,0.09474659,-0.019946575,0.074800014,0.050863981,0.145610571,0.070810556
alan,a_l,1_12,1,12,4,0.070810556,-0.014959097,0.05585146,0.074799776,0.145610332,0.089758873
alan,l_t,12_20,12,20,4,0.089758873,0.054853201,0.144612074,0.120677233,0.210436106,0.065824032
alan,t_~,20_0,20,0,4,0.065824032,0.030426502,0.096250534,0.090265036,0.156089067,0.059838533
alan,~_n,0_14,0,14,4,0.059838533,0.104720116,0.164558649,0.194480181,0.254318714,0.089760065
alan,n_u,14_21,14,21,4,0.089760065,0.054853201,0.144613266,0.131648064,0.221408129,0.076794863
alan,u_r,21_18,21,18,4,0.076794863,0.049866438,0.126661301,0.099733829,0.176528692,0.049867392
alan,r_s,18_19,18,19,4,0.049867392,0.149611473,0.199478865,0.229903221,0.279770613,0.080291748
alan,s_e,19_5,19,5,4,0.080291748,-0.01994729,0.060344458,0.039893627,0.120185375,0.059840918
alan,s_a,19_1,19,1,5,0.074799776,-0.044879436,0.02992034,0.035904408,0.110704184,0.080783844
alan,a_i,1_9,1,9,5,0.080783844,0.00498724,0.085771084,0.075797081,0.156580925,0.070809841
alan,i_n,9_14,9,14,5,0.070809841,-0.014959812,0.055850029,0.044879913,0.115689754,0.059839725
alan,n_t,14_20,14,20,5,0.059839725,-0.009973049,0.049866676,0.059839964,0.119679689,0.069813013
alan,t_~,20_0,20,0,5,0.069813013,0.070319176,0.140132189,0.125172853,0.194985867,0.054853678
alan,~_d,0_4,0,4,5,0.054853678,0.261301756,0.316155434,0.331115246,0.385968924,0.06981349
alan,d_u,4_21,4,21,5,0.06981349,0.054852009,0.124665499,0.099732161,0.16954565,0.044880152
alan,u_a,21_1,21,1,5,0.044880152,0.216434956,0.261315107,0.271288872,0.316169024,0.054853916
alan,a_l,1_12,1,12,5,0.054853916,0.064826012,0.119679928,0.114692688,0.169546604,0.049866676
alan,g_r,7_18,7,18,6,0.059839964,0.140624762,0.200464725,0.215424538,0.275264502,0.074799776
alan,r_a,18_1,18,1,6,0.074799776,0.049867153,0.124666929,0.126167774,0.20096755,0.076300621
alan,a_t,1_20,1,20,6,0.076300621,0.034906626,0.111207247,0.094746351,0.171046972,0.059839725
alan,t_e,20_5,20,5,6,0.059839725,0.104720354,0.16456008,0.154587269,0.214426994,0.049866915
alan,e_d,5_4,5,4,6,0.049866915,0.06981349,0.119680405,0.126660824,0.176527739,0.056847334
alan,d_~,4_0,4,0,6,0.056847334,0.029921055,0.086768389,0.079787254,0.136634588,0.049866199
alan,~_w,0_23,0,23,6,0.049866199,0.039400578,0.089266777,0.095253706,0.145119905,0.055853128
alan,w_i,23_9,23,9,6,0.055853128,0.019943953,0.075797081,0.089263439,0.145116568,0.069319487
alan,i_g,9_7,9,7,6,0.069319487,0.050370932,0.119690418,0.110211372,0.179530859,0.059840441
alan,r_a,18_1,18,1,3,0.099733353,-0.004986286,0.094747066,0.0718081,0.171541452,0.076794386
alan,a_m,1_13,1,13,3,0.076794386,0.0249331,0.101727486,0.094746351,0.171540737,0.069813251
alan,m_~,13_0,13,0,3,0.069813251,0.124666929,0.194480181,0.189493656,0.259306908,0.064826727
alan,~_u,0_21,0,21,3,0.064826727,0.231380939,0.296207666,0.336606741,0.401433468,0.105225801
alan,u_n,21_14,21,14,3,0.105225801,-0.029920101,0.0753057,0.054853916,0.160079718,0.084774017
alan,n_b,14_2,14,2,3,0.084774017,0.321140289,0.405914307,0.396447182,0.481221199,0.075306892
alan,b_o,2_15,2,15,3,0.075306892,0.175036907,0.2503438,0.235381126,0.310688019,0.060344219
alan,o_r,15_18,15,18,3,0.060344219,0.100238085,0.160582304,0.160077333,0.220421553,0.059839249
alan,r_n,18_14,18,14,3,0.059839249,0.084773064,0.144612312,0.155583858,0.215423107,0.070810795
alan,z_e,26_5,26,5,4,0.0608356,0.185504198,0.246339798,0.265290737,0.326126337,0.079786539
alan,e_a,5_1,5,1,4,0.079786539,0.000997782,0.080784321,0.060343742,0.140130281,0.059345961
alan,a_l,1_12,1,12,4,0.059345961,0.049866915,0.109212875,0.11569047,0.17503643,0.065823555
alan,l_~,12_0,12,0,4,0.065823555,0.129653215,0.19547677,0.185504436,0.251327991,0.055851221
alan,~_i,0_9,0,9,4,0.055851221,0.155091524,0.210942745,0.225901604,0.281752825,0.07081008
alan,i_t,9_20,9,20,4,0.07081008,0.029427528,0.100237608,0.084280729,0.155090809,0.054853201
alan,t_e,20_5,20,5,4,0.054853201,0.095250845,0.150104046,0.140638828,0.195492029,0.045387983
alan,e_m,5_13,5,13,4,0.045387983,0.044879436,0.09026742,0.11021018,0.155598164,0.065330744
alan,m_s,13_19,13,19,4,0.065330744,0.044879675,0.110210419,0.100730658,0.166061401,0.055850983
alan,f_i,6_9,6,9,5,0.074799538,0.049866915,0.124666452,0.104720116,0.179519653,0.054853201
alan,i_r,9_18,9,18,5,0.054853201,0.019946337,0.074799538,0.070811272,0.125664473,0.050864935
alan,r_s,18_19,18,19,5,0.050864935,0.034906149,0.085771084,0.150597095,0.20146203,0.115690947
alan,s_t,19_20,19,20,5,0.115690947,-0.029920578,0.085770369,0.029919863,0.145610809,0.059840441
alan,t_~,20_0,20,0,5,0.059840441,0.004986286,0.064826727,0.069812775,0.129653215,0.064826488
alan,~_l,0_12,0,12,5,0.064826488,0.171048164,0.235874653,0.230888367,0.295714855,0.059840202
alan,l_a,12_1,12,1,5,0.059840202,-0.009973288,0.049866915,0.049866199,0.109706402,0.059839487
alan,a_i,1_9,1,9,5,0.059839487,0.079787016,0.139626503,0.150598049,0.210437536,0.070811033
alan,i_r,9_18,9,18,5,0.070811033,-0.004986525,0.065824509,0.059839249,0.130650282,0.064825773
alan,k_i,11_9,11,9,6,0.069320202,0.105224371,0.174544573,0.165572643,0.234892845,0.060348272
alan,i_d,9_4,9,4,6,0.060348272,0.024929523,0.085277796,0.085767031,0.146115303,0.060837507
alan,d_n,4_14,4,14,6,0.060837507,0.084774971,0.145612478,0.164559841,0.225397348,0.07978487
alan,n_e,14_5,14,5,6,0.07978487,0.014959812,0.094744682,0.080784082,0.160568953,0.06582427
alan,e_y,5_25,5,25,6,0.06582427,0.124666691,0.190490961,0.185503721,0.251327991,0.06083703
alan,y_~,25_0,25,0,6,0.06083703,0.049866676,0.110703707,0.114693165,0.175530195,0.064826488
alan,~_e,0_5,0,5,6,0.064826488,0.120687008,0.185513496,0.210438013,0.275264502,0.089751005
alan,e_a,5_1,5,1,6,0.089751005,-0.00498724,0.084763765,0.081291676,0.171042681,0.086278915
alan,a_r,1_18,1,18,6,0.086278915,0.009972811,0.096251726,0.069812536,0.156091452,0.059839725
alan,z_i,26_9,26,9,3,0.08975935,0.054852962,0.144612312,0.115690708,0.205450058,0.060837746
alan,i_g,9_7,9,7,3,0.060837746,0.150598526,0.211436272,0.220916271,0.281754017,0.070317745
alan,g_~,7_0,7,0,3,0.070317745,0.124173164,0.19449091,0.195487976,0.265805721,0.071314812
alan,~_e,0_5,0,5,3,0.071314812,1.09209156,1.163406372,1.16190505,1.233219862,0.06981349
alan,e_n,5_14,5,14,3,0.06981349,0.034907103,0.104720592,0.106715202,0.176528692,0.0718081
alan,n_r,14_18,14,18,3,0.0718081,0.049866438,0.121674538,0.10970664,0.18151474,0.059840202
alan,r_i,18_9,18,9,3,0.059840202,0.059840202,0.119680405,0.130158663,0.189998865,0.07031846
alan,i_c,9_3,9,3,3,0.07031846,0.049865723,0.120184183,0.114199877,0.184518337,0.064334154
alan,c_h,3_8,3,8,3,0.064334154,0.04638195,0.110716105,0.106222391,0.170556545,0.059840441
alan,q_u,17_21,17,21,4,0.060835123,0.049866438,0.110701561,0.105716944,0.166552067,0.055850506
alan,u_i,21_9,21,9,4,0.055850506,0.109706879,0.165557384,0.165063858,0.220914364,0.055356979
alan,i_z,9_26,9,26,4,0.055356979,0.019946575,0.075303555,0.084774256,0.140131235,0.064827681
alan,z_~,26_0,26,0,4,0.064827681,0.070316076,0.135143757,0.11519599,0.18002367,0.044879913
alan,~_o,0_15,0,15,4,0.044879913,0.120676994,0.165556908,0.18550396,0.230383873,0.064826965
alan,o_w,15_23,15,23,4,0.064826965,0.070810795,0.13563776,0.125664473,0.190491438,0.054853678
alan,w_n,23_14,23,14,4,0.054853678,0.039892673,0.094746351,0.094746113,0.149599791,0.054853439
alan,n_e,14_5,14,5,4,0.054853439,0.019946575,0.074800014,0.09075737,0.145610809,0.070810795
alan,e_d,5_4,5,4,4,0.070810795,0.069813013,0.140623808,0.129652977,0.200463772,0.059839964
alan,o_m,15_13,15,13,5,0.084773064,-0.009973288,0.074799776,0.064826488,0.149599552,0.074799776
alan,m_i,13_9,13,9,5,0.074799776,0.090264797,0.165064573,0.140635014,0.21543479,0.050370216
alan,i_t,9_20,9,20,5,0.050370216,0.019946575,0.070316792,0.080784082,0.131154299,0.060837507
alan,t_s,20_19,20,19,5,0.060837507,0.119692802,0.18053031,0.194493055,0.255330563,0.074800253
alan,s_~,19_0,19,0,5,0.074800253,0.069813251,0.144613504,0.11569047,0.190490723,0.045877218
alan,~_b,0_2,0,2,5,0.045877218,0.140623808,0.186501026,0.190490246,0.236367464,0.049866438
alan,b_a,2_1,2,1,5,0.049866438,0.049866438,0.099732876,0.119679928,0.169546366,0.06981349
alan,a_r,1_18,1,18,5,0.06981349,-0.03490591,0.034907579,0.029920101,0.099733591,0.064826012
alan,r_f,18_6,18,6,5,0.064826012,0.121675014,0.186501026,0.15658164,0.221407652,0.034906626
alan,n_i,14_9,14,9,6,0.09075737,0.089760542,0.180517912,0.185504913,0.276262283,0.095744371
alan,i_m,9_13,9,13,6,0.095744371,-0.03490591,0.060838461,0.059839249,0.15558362,0.094745159
alan,m_b,13_2,13,2,6,0.094745159,0.069813013,0.164558172,0.124666452,0.219411612,0.054853439
alan,b_l,2_12,2,12,6,0.054853439,0.055850506,0.110703945,0.115690947,0.170544386,0.059840441
alan,l_e,12_5,12,5,6,0.059840441,0.07081151,0.130651951,0.145610571,0.205451012,0.074799061
alan,e_~,5_0,5,0,6,0.074799061,0.024932861,0.099731922,0.074799538,0.149598598,0.049866676
alan,~_p,0_16,0,16,6,0.049866676,0.10970664,0.159573317,0.170543909,0.220410585,0.060837269
alan,p_l,16_12,16,12,6,0.060837269,-0.024931192,0.035906076,0.055357218,0.116194487,0.08028841
alan,l_y,12_25,12,25,6,0.08028841,0.044880629,0.125169039,0.125170946,0.205459356,0.080290318
alan,l_i,12_9,12,9,3,0.050863743,0.104720116,0.155583858,0.165557861,0.216421604,0.060837746
alan,i_t,9_20,9,20,3,0.060837746,0.014959812,0.075797558,0.069813013,0.130650759,0.054853201
alan,t_~,20_0,20,0,3,0.054853201,0.054853916,0.109707117,0.114693403,0.169546604,0.059839487
alan,~_q,0_17,0,17,3,0.059839487,-0.004985571,0.054853916,0.065824032,0.125663519,0.070809603
alan,q_u,17_21,17,21,3,0.070809603,0.039895296,0.110704899,0.095743895,0.166553497,0.055848598
alan,u_o,21_15,21,15,3,0.055848598,0.244850636,0.300699234,0.305688381,0.36153698,0.060837746
alan,o_t,15_20,15,20,3,0.060837746,0.039892673,0.100730419,0.099732399,0.160570145,0.059839725
alan,t_e,20_5,20,5,3,0.059839725,0.124666691,0.184506416,0.180517673,0.240357399,0.055850983
alan,e_d,5_4,5,4,3,0.055850983,0.079786539,0.135637522,0.141127348,0.196978331,0.061340809
alan,u_s,21_19,21,19,4,0.055357933,0.000997543,0.056355476,0.09474659,0.150104523,0.093749046
alan,s_e,19_5,19,5,4,0.093749046,-0.034906626,0.058842421,0.030424833,0.12417388,0.065331459
alan,e_r,5_18,5,18,4,0.065331459,0.075797796,0.141129255,0.140623808,0.205955267,0.064826012
alan,r_~,18_0,18,0,4,0.064826012,0.049866676,0.114692688,0.089760065,0.154586077,0.039893389
alan,~_s,0_19,0,19,4,0.039893389,0.030917645,0.070811033,0.095743895,0.135637283,0.06482625
alan,s_h,19_8,19,8,4,0.06482625,0.044880152,0.109706402,0.110703945,0.175530195,0.065823793
alan,h_o,8_15,8,15,4,0.065823793,0.109706402,0.175530195,0.185504436,0.25132823,0.075798035
alan,o_r,15_18,15,18,4,0.075798035,-0.015957832,0.059840202,0.039893389,0.115691423,0.055851221
alan,r_e,18_5,18,5,4,0.055851221,0.084773064,0.140624285,0.144612789,0.20046401,0.059839725
alan,d_e,4_5,4,5,5,0.064826727,0.100730896,0.165557623,0.18550396,0.250330687,0.084773064
alan,e_a,5_1,5,1,5,0.084773064,-0.029920101,0.054852962,0.059840441,0.144613504,0.089760542
alan,a_t,1_20,1,20,5,0.089760542,0.066331625,0.156092167,0.120693207,0.210453749,0.054361582
alan,t_h,20_8,20,8,5,0.054361582,0.014960527,0.069322109,0.090265751,0.144627333,0.075305223
alan,h_~,8_0,8,0,5,0.075305223,0.130158186,0.205463409,0.180024624,0.255329847,0.049866438
alan,~_p,0_16,0,16,5,0.049866438,0.110704184,0.160570621,0.201461792,0.25132823,0.090757608
alan,p_a,16_1,16,1,5,0.090757608,0.0249331,0.115690708,0.089759588,0.180517197,0.064826488
alan,a_n,1_14,1,14,5,0.064826488,0.054854155,0.119680643,0.139626741,0.20445323,0.084772587
alan,n_t,14_20,14,20,5,0.084772587,0.040890694,0.12566328,0.131648064,0.21642065,0.09075737
alan,f_u,6_21,6,21,6,0.075309277,0.049868584,0.12517786,0.114692926,0.190002203,0.064824343
alan,u_n,21_14,21,14,6,0.064824343,-0.029919624,0.034904718,0.049866915,0.114691257,0.079786539
alan,n_g,14_7,14,7,6,0.079786539,0.009973288,0.089759827,0.065824509,0.145611048,0.055851221
alan,g_u,7_21,7,21,6,0.055851221,0.059839487,0.115690708,0.125663519,0.18151474,0.065824032
alan,u_s,21_19,21,19,6,0.065824032,0.029919863,0.095743895,0.109706402,0.175530434,0.079786539
alan,s_~,19_0,19,0,6,0.079786539,0.044388533,0.124175072,0.095253229,0.175039768,0.050864697
alan,~_d,0_4,0,4,6,0.050864697,0.275784254,0.326648951,0.325652122,0.376516819,0.049867868
alan,d_o,4_15,4,15,6,0.049867868,0.049865723,0.099733591,0.099732637,0.149600506,0.049866915
alan,o_x,15_24,15,24,6,0.049866915,-0.014960289,0.034906626,0.066821575,0.11668849,0.081781864
alan,j_a,10_1,10,1,3,0.064826965,-0.004987001,0.059839964,0.089759588,0.154586554,0.09474659
alan,a_r,1_18,1,18,3,0.09474659,-0.024933338,0.069813251,0.02992034,0.124666929,0.054853678
alan,r_~,18_0,18,0,3,0.054853678,0.08577013,0.140623808,0.146607876,0.201461554,0.060837746
alan,~_l,0_12,0,12,3,0.060837746,0.109706163,0.170543909,0.17453289,0.235370636,0.064826727
alan,l_a,12_1,12,1,3,0.064826727,0.014960051,0.079786777,0.080291748,0.145118475,0.065331697
alan,a_n,1_14,1,14,3,0.065331697,0.034905434,0.100237131,0.100730181,0.166061878,0.065824747
alan,n_c,14_3,14,3,3,0.065824747,0.009972095,0.075796843,0.074798822,0.140623569,0.064826727
alan,c_e,3_5,3,5,3,0.064826727,0.115690947,0.180517673,0.195477247,0.260303974,0.079786301
alan,e_s,5_19,5,19,3,0.079786301,-0.014959812,0.064826488,0.060838223,0.140624523,0.075798035
alan,m_e,13_5,13,5,4,0.066329241,0.004985809,0.07131505,0.09525013,0.16157937,0.09026432
alan,e_a,5_1,5,1,4,0.09026432,-0.035410643,0.054853678,0.054853201,0.145117521,0.090263844
alan,a_n,1_14,1,14,4,0.090263844,0.014960051,0.105223894,0.065330982,0.155594826,0.050370932
alan,n_~,14_0,14,0,4,0.050370932,0.104721069,0.155092001,0.150597095,0.200968027,0.045876026
alan,~_r,0_18,0,18,4,0.045876026,0.049866915,0.095742941,0.094747305,0.140623331,0.04488039
alan,r_e,18_5,18,5,4,0.04488039,0.08577013,0.13065052,0.140623569,0.18550396,0.054853439
alan,e_l,5_12,5,12,4,0.054853439,0.009973288,0.064826727,0.074799776,0.129653215,0.064826488
alan,l_a,12_1,12,1,4,0.064826488,0.0249331,0.089759588,0.115691185,0.180517673,0.090758085
alan,a_x,1_24,1,24,4,0.090758085,0.019946098,0.110704184,0.105716944,0.196475029,0.085770845
alan,v_e,22_5,22,5,5,0.069320202,-0.034413576,0.034906626,0.055850983,0.125171185,0.090264559
alan,e_g,5_7,5,7,5,0.090264559,0.060345411,0.15060997,0.135144472,0.225409031,0.074799061
alan,g_a,7_1,7,1,5,0.074799061,0.01546526,0.09026432,0.08029294,0.155092001,0.064827681
alan,a_n,1_14,1,14,5,0.064827681,0.000997066,0.065824747,0.070316553,0.135144234,0.069319487
alan,n_~,14_0,14,0,5,0.069319487,0.09474659,0.164066076,0.145610332,0.214929819,0.050863743
alan,~_w,0_23,0,23,5,0.050863743,0.029920101,0.080783844,0.120677471,0.171541214,0.09075737
alan,w_a,23_1,23,1,5,0.09075737,-0.030917406,0.059839964,0.03989315,0.13065052,0.070810556
alan,a_l,1_12,1,12,5,0.070810556,-0.009973049,0.060837507,0.099733353,0.170543909,0.109706402
alan,l_k,12_11,12,11,5,0.109706402,-0.029919624,0.079786777,0.044880152,0.154586554,0.074799776
alan,l_a,12_1,12,1,6,0.054853439,0.005985022,0.060838461,0.060837507,0.115690947,0.054852486
alan,a_t,1_20,1,20,6,0.054852486,0.17453289,0.229385376,0.255317211,0.310169697,0.080784321
alan,t_e,20_5,20,5,6,0.080784321,0.130650759,0.21143508,0.19547677,0.276261091,0.064826012
alan,e_n,5_14,5,14,6,0.064826012,0.034906864,0.099732876,0.109708071,0.174534082,0.074801207
alan,n_t,14_20,14,20,6,0.074801207,0.045876265,0.120677471,0.106220722,0.181021929,0.060344458
alan,t_~,20_0,20,0,6,0.060344458,0.054853201,0.115197659,0.090272903,0.150617361,0.035419703
alan,~_u,0_21,0,21,6,0.035419703,0.224393606,0.259813309,0.305177689,0.340597391,0.080784082
alan,u_k,21_11,21,11,6,0.080784082,0.170543909,0.251327991,0.235370874,0.316154957,0.064826965
alan,k_e,11_5,11,5,6,0.064826965,0.039892673,0.104719639,0.08975935,0.154586315,0.049866676
alan,v_a,22_1,22,1,3,0.074799299,0.019947529,0.094746828,0.094747543,0.169546843,0.074800014
alan,a_n,1_14,1,14,3,0.074800014,0.009972572,0.084772587,0.060836315,0.13563633,0.050863743
alan,n_~,14_0,14,0,3,0.050863743,0.105717659,0.156581402,0.155583858,0.206447601,0.049866199
alan,~_h,0_8,0,8,3,0.049866199,0.144625425,0.194491625,0.229400158,0.279266357,0.084774733
alan,h_i,8_9,8,9,3,0.084774733,0.056354761,0.141129494,0.121685743,0.206460476,0.065330982
alan,i_j,9_10,9,10,3,0.065330982,0.254319429,0.319650412,0.326127529,0.391458511,0.0718081
alan,j_i,10_9,10,9,3,0.0718081,1.011799335,1.083607435,1.076133013,1.147941113,0.064333677
alan,i_n,9_14,9,14,3,0.064333677,-0.029427052,0.034906626,0.06582427,0.130157948,0.095251322
alan,n_x,14_24,14,24,3,0.095251322,0.130156755,0.225408077,0.210448503,0.305699825,0.080291748
alan,j_u,10_21,10,21,4,0.060837746,0.090756655,0.1515944,0.145610094,0.20644784,0.054853439
alan,u_r,21_18,21,18,4,0.054853439,0.034906864,0.089760303,0.114694118,0.169547558,0.079787254
alan,r_y,18_25,18,25,4,0.079787254,0.074799061,0.154586315,0.136635065,0.216422319,0.061836004
alan,y_~,25_0,25,0,4,0.061836004,0.134638786,0.196474791,0.194480896,0.2563169,0.05984211
alan,~_f,0_6,0,6,4,0.05984211,0.351564169,0.411406279,0.421376228,0.481218338,0.069812059
alan,f_o,6_15,6,15,4,0.069812059,0.0249331,0.094745159,0.094747543,0.164559603,0.069814444
alan,o_a,15_1,15,1,4,0.069814444,0.055356026,0.125170469,0.116193295,0.186007738,0.060837269
alan,a_m,1_13,1,13,4,0.060837269,0.019458532,0.080295801,0.094254017,0.155091286,0.074795485
alan,m_y,13_25,13,25,4,0.074795485,0.060345888,0.135141373,0.140636444,0.215431929,0.080290556
alan,i_n,9_14,9,14,5,0.099733114,-0.019946337,0.079786777,0.060839415,0.160572529,0.080785751
alan,n_a,14_1,14,1,5,0.080785751,0.170542002,0.251327753,0.225395441,0.306181192,0.054853439
alan,a_p,1_16,1,16,5,0.054853439,0.034906387,0.089759827,0.094746113,0.149599552,0.059839725
alan,p_t,16_20,16,20,5,0.059839725,0.044883251,0.104722977,0.105717659,0.165557384,0.060834408
alan,t_~,20_0,20,0,5,0.060834408,0.06582427,0.126658678,0.120676994,0.181511402,0.054852724
alan,~_j,0_10,0,10,5,0.054852724,0.219925642,0.274778366,0.290734529,0.345587254,0.070808887
alan,j_o,10_15,10,15,5,0.070808887,0.030425549,0.101234436,0.105224609,0.176033497,0.074799061
alan,o_c,15_3,15,3,5,0.074799061,0.019948006,0.094747066,0.089761257,0.164560318,0.069813251
alan,c_k,3_11,3,11,5,0.069813251,0.074798822,0.144612074,0.144612312,0.214425564,0.06981349
alan,a_r,1_18,1,18,6,0.080784082,0.074800014,0.155584097,0.119680405,0.200464487,0.04488039
alan,r_t,18_20,18,20,6,0.04488039,0.165557146,0.210437536,0.225396633,0.270277023,0.059839487
alan,t_e,20_5,20,5,6,0.059839487,0.06582427,0.125663757,0.181021452,0.240860939,0.115197182
alan,e_r,5_18,5,18,6,0.115197182,0.014959812,0.130156994,0.060344219,0.175541401,0.045384407
alan,r_y,18_25,18,25,6,0.045384407,0.099732876,0.145117283,0.190490484,0.235874891,0.090757608
alan,y_~,25_0,25,0,6,0.090757608,0.124666452,0.215424061,0.210436821,0.301194429,0.085770369
alan,~_r,0_18,0,18,6,0.085770369,0.114693403,0.200463772,0.17952013,0.265290499,0.064826727
alan,r_e,18_5,18,5,6,0.064826727,0.116688013,0.18151474,0.166554928,0.231381655,0.049866915
alan,e_v,5_22,5,22,6,0.049866915,0.104719639,0.154586554,0.160077572,0.209944487,0.055357933
alan,f_a,6_1,6,1,3,0.070319653,0.019946575,0.090266228,0.080784082,0.151103735,0.060837507
alan,a_n,1_14,1,14,3,0.060837507,-0.004987001,0.055850506,0.059839725,0.120677233,0.064826727
alan,n_~,14_0,14,0,3,0.064826727,0.119679928,0.184506655,0.174533367,0.239360094,0.054853439
alan,~_b,0_2,0,2,3,0.054853439,1.749850035,1.804703474,1.815674067,1.870527506,0.065824032
alan,b_e,2_5,2,5,3,0.065824032,0.405936718,0.47176075,0.485723257,0.551547289,0.079786539
alan,e_h,5_8,5,8,3,0.079786539,0.109706163,0.189492702,0.175530672,0.255317211,0.065824509
alan,h_a,8_1,8,1,3,0.065824509,0.049866438,0.115690947,0.145610332,0.211434841,0.095743895
alan,a_l,1_12,1,12,3,0.095743895,0.009973526,0.105717421,0.09474659,0.190490484,0.084773064
alan,l_f,12_6,12,6,3,0.084773064,0.03989315,0.124666214,0.110703945,0.195477009,0.070810795
alan,g_i,7_9,7,9,4,0.080291986,0.094746351,0.175038338,0.205450058,0.285742044,0.110703707
alan,i_f,9_6,9,6,4,0.110703707,0.155586243,0.266289949,0.235371113,0.34607482,0.07978487
alan,f_t,6_20,6,20,4,0.07978487,0.15559721,0.23538208,0.220425367,0.300210238,0.064828157
alan,t_~,20_0,20,0,4,0.064828157,0.085276127,0.150104284,0.150606871,0.215435028,0.065330744
alan,~_u,0_21,0,21,4,0.065330744,0.205450773,0.270781517,0.306181669,0.371512413,0.100730896
alan,u_n,21_14,21,14,4,0.100730896,-0.035904408,0.064826488,0.059839725,0.160570621,0.095744133
alan,n_z,14_26,14,26,4,0.095744133,0.210437775,0.306181908,0.281248331,0.376992464,0.070810556
alan,z_i,26_9,26,9,4,0.070810556,0.134640455,0.205451012,0.209439278,0.280249834,0.074798822
alan,i_p,9_16,9,16,4,0.074798822,0.200970173,0.275768995,0.265796661,0.340595484,0.064826488
alan,a_d,1_4,1,4,5,0.059841633,0.049864769,0.109706402,0.110702276,0.170543909,0.060837507
alan,d_m,4_13,4,13,5,0.060837507,0.024439812,0.085277319,0.085277796,0.146115303,0.060837984
alan,m_i,13_9,13,9,5,0.060837984,0.064333916,0.1251719,0.124173403,0.185011387,0.059839487
alan,i_t,9_20,9,20,5,0.059839487,0.015465736,0.075305223,0.075305223,0.135144711,0.059839487
alan,t_~,20_0,20,0,5,0.059839487,0.060344219,0.120183706,0.12118125,0.181020737,0.06083703
alan,~_q,0_17,0,17,5,0.06083703,0.159573317,0.220410347,0.215425014,0.276262045,0.055851698
alan,q_u,17_21,17,21,5,0.055851698,0.200462818,0.256314516,0.275262833,0.331114531,0.074800014
alan,u_a,21_1,21,1,5,0.074800014,0.034906626,0.10970664,0.09574461,0.170544624,0.060837984
alan,a_t,1_20,1,20,5,0.060837984,0.094745874,0.155583858,0.159572601,0.220410585,0.064826727
alan,z_o,26_15,26,15,6,0.08975935,0.019949198,0.109708548,0.125170946,0.214930296,0.105221748
alan,o_n,15_14,15,14,6,0.105221748,-0.014960051,0.090261698,0.074799299,0.180021048,0.08975935
alan,n_e,14_5,14,5,6,0.08975935,0.064826965,0.154586315,0.155584097,0.245343447,0.090757132
alan,e_r,5_18,5,18,6,0.090757132,0.065824509,0.15658164,0.140624046,0.231381178,0.074799538
alan,r_s,18_19,18,19,6,0.074799538,0.114201546,0.189001083,0.194985628,0.269785166,0.080784082
alan,s_~,19_0,19,0,6,0.080784082,0.155594826,0.236378908,0.220925808,0.30170989,0.065330982
alan,~_s,0_19,0,19,6,0.065330982,0.610367775,0.675698757,0.682175875,0.747506857,0.0718081
alan,s_k,19_11,19,11,6,0.0718081,0.003989458,0.075797558,0.054853678,0.126661777,0.05086422
alan,k_i,11_9,11,9,6,0.05086422,0.079786062,0.130650282,0.134639263,0.185503483,0.054853201
alan,m_i,13_9,13,9,3,0.069319963,0.105225563,0.174545527,0.165570021,0.234889984,0.060344458
alan,i_d,9_4,9,4,3,0.060344458,0.029919863,0.09026432,0.091261625,0.151606083,0.061341763
alan,d_~,4_0,4,0,3,0.061341763,0.114693165,0.176034927,0.174533129,0.235874891,0.059839964
alan,~_c,0_3,0,3,3,0.059839964,0.034906626,0.09474659,0.099733114,0.159573078,0.064826488
alan,c_l,3_12,3,12,3,0.064826488,0.039893389,0.104719877,0.101728439,0.166554928,0.061835051
alan,l_a,12_1,12,1,3,0.061835051,0.009974003,0.071809053,0.084773064,0.146608114,0.074799061
alan,a_n,1_14,1,14,3,0.074799061,0.029920578,0.104719639,0.079786777,0.154585838,0.049866199
alan,n_k,14_11,14,11,3,0.049866199,0.079786777,0.129652977,0.149599791,0.19946599,0.069813013
alan,k_s,11_19,11,19,3,0.069813013,0.196475267,0.26628828,0.256818056,0.326631069,0.060342789
alan,r_i,18_9,18,9,4,0.064825773,0.069813251,0.134639025,0.13065052,0.195476294,0.060837269
alan,i_t,9_20,9,20,4,0.060837269,0.039893866,0.100731134,0.105718613,0.166555882,0.065824747
alan,t_e,20_5,20,5,4,0.065824747,0.099733114,0.165557861,0.174041986,0.239866734,0.074308872
alan,e_~,5_0,5,0,4,0.074308872,0.044879675,0.119188547,0.106221199,0.180530071,0.061341524
alan,~_g,0_7,0,7,4,0.061341524,0.285251856,0.34659338,0.350078106,0.41141963,0.06482625
alan,g_l,7_12,7,12,4,0.06482625,0.034906864,0.099733114,0.095744133,0.160570383,0.060837269
alan,l_i,12_9,12,9,4,0.060837269,0.100730896,0.161568165,0.155583858,0.216421127,0.054852962
alan,i_d,9_4,9,4,4,0.054852962,0.014960051,0.069813013,0.064826727,0.119679689,0.049866676
alan,d_e,4_5,4,5,4,0.049866676,0.094746351,0.144613028,0.155584097,0.205450773,0.060837746
alan,r_a,18_1,18,1,5,0.079786777,0.024933338,0.104720116,0.114693165,0.194479942,0.089759827
alan,a_d,1_4,1,4,5,0.089759827,0.009973764,0.099733591,0.071808577,0.161568403,0.061834812
alan,d_i,4_9,4,9,5,0.061834812,0.019946337,0.081781149,0.094746113,0.156580925,0.074799776
alan,i_o,9_15,9,15,5,0.074799776,-0.004986763,0.069813013,0.064828157,0.139627934,0.06981492
alan,o_~,15_0,15,0,5,0.06981492,0.154584885,0.224399805,0.231379509,0.301194429,0.076794624
alan,~_z,0_26,0,26,5,0.076794624,0.229387283,0.306181908,0.300198555,0.376993179,0.070811272
alan,z_e,26_5,26,5,5,0.070811272,0.084772348,0.15558362,0.130649567,0.201460838,0.045877218
alan,e_u,5_21,5,21,5,0.045877218,0.054853201,0.100730419,0.130159616,0.176036835,0.075306416
alan,u_s,21_19,21,19,5,0.075306416,-0.009974003,0.065332413,0.054359436,0.129665852,0.064333439
alan,e_n,5_14,5,14,6,0.069319487,0.014960289,0.084279776,0.091263294,0.160582781,0.076303005
alan,n_i,14_9,14,9,6,0.076303005,0.069812536,0.146115541,0.150104046,0.226407051,0.08029151
alan,i_g,9_7,9,7,6,0.08029151,0.004987001,0.085278511,0.06981349,0.150105,0.064826488
alan,g_m,7_13,7,13,6,0.064826488,0.09474659,0.159573078,0.186501741,0.25132823,0.091755152
alan,m_a,13_1,13,1,6,0.091755152,0.000997066,0.092752218,0.079786301,0.171541452,0.078789234
alan,a_~,1_0,1,0,6,0.078789234,0.054852962,0.133642197,0.124666452,0.203455687,0.06981349
alan,~_y,0_25,0,25,6,0.06981349,0.356047869,0.425861359,0.391457796,0.461271286,0.035409927
alan,y_e,25_5,25,5,6,0.035409927,0.014960289,0.050370216,0.129653215,0.165063143,0.114692926
alan,e_t,5_20,5,20,6,0.114692926,0.090756893,0.20544982,0.165557384,0.280250311,0.074800491
alan,h_u,8_21,8,21,3,0.070317984,0.044880629,0.115198612,0.099733353,0.170051336,0.054852724
alan,u_e,21_5,21,5,3,0.054852724,0.044879675,0.099732399,0.114693642,0.169546366,0.069813967
alan,e_~,5_0,5,0,3,0.069813967,0.054852962,0.124666929,0.11170125,0.181515217,0.056848288
alan,~_i,0_9,0,9,3,0.056848288,0.374997139,0.431845427,0.455780983,0.512629271,0.080783844
alan,i_s,9_19,9,19,3,0.080783844,0.044879913,0.125663757,0.125170469,0.205954313,0.080290556
alan,s_o,19_15,19,15,3,0.080290556,0.351060867,0.431351423,0.415887594,0.49617815,0.064826727
alan,o_m,15_13,15,13,3,0.064826727,0.209453344,0.274280071,0.260823965,0.325650692,0.051370621
alan,m_e,13_5,13,5,3,0.051370621,0.019946098,0.071316719,0.074799299,0.12616992,0.054853201
alan,e_r,5_18,5,18,3,0.054853201,0.065331459,0.12018466,0.140132189,0.19498539,0.07480073
alan,b_r,2_18,2,18,4,0.064826488,0.154586315,0.219412804,0.220410585,0.285237074,0.06582427
alan,r_o,18_15,18,15,4,0.06582427,0.008975744,0.074800014,0.075798273,0.141622543,0.066822529
alan,o_w,15_23,15,23,4,0.066822529,0.029919863,0.096742392,0.104718685,0.171541214,0.074798822
alan,w_~,23_0,23,0,4,0.074798822,0.034907103,0.109705925,0.099733591,0.174532413,0.064826488
alan,~_q,0_17,0,17,4,0.064826488,0.075303078,0.140129566,0.136140347,0.200966835,0.060837269
alan,q_u,17_21,17,21,4,0.060837269,0.014960051,0.075797319,0.074799776,0.135637045,0.059839725
alan,u_i,21_9,21,9,4,0.059839725,0.120678425,0.18051815,0.180517435,0.240357161,0.05983901
alan,i_c,9_3,9,3,4,0.05983901,0.024933338,0.084772348,0.114693165,0.174532175,0.089759827
alan,c_k,3_11,3,11,4,0.089759827,0.066328287,0.156088114,0.140635014,0.23039484,0.074306726
alan,t_h,20_8,20,8,5,0.086274862,0.094746351,0.181021214,0.15957284,0.245847702,0.064826488
alan,h_i,8_9,8,9,5,0.064826488,0.089759827,0.154586315,0.16456008,0.229386568,0.074800253
alan,i_c,9_3,9,3,5,0.074800253,-0.054852724,0.019947529,0.025930882,0.100731134,0.080783606
alan,c_k,3_11,3,11,5,0.080783606,0.095743656,0.176527262,0.180517197,0.261300802,0.08477354
alan,k_~,11_0,11,0,5,0.08477354,0.099732876,0.184506416,0.169546604,0.254320145,0.069813728
alan,~_f,0_6,0,6,5,0.069813728,0.035904646,0.105718374,0.106714964,0.176528692,0.070810318
alan,f_a,6_1,6,1,5,0.070810318,0.039892673,0.110702991,0.134639263,0.205449581,0.09474659
alan,a_t,1_20,1,20,5,0.09474659,-0.004985809,0.08976078,0.054854155,0.149600744,0.059839964
alan,t_e,20_5,20,5,5,0.059839964,0.095743895,0.155583858,0.170542955,0.230382919,0.074799061
alan,s_e,19_5,19,5,6,0.110213757,-0.014962673,0.095251083,0.049864292,0.160078049,0.064826965
alan,e_c,5_3,5,3,6,0.064826965,0.09525013,0.160077095,0.15559721,0.220424175,0.06034708
alan,c_u,3_21,3,21,6,0.06034708,0.009973526,0.070320606,0.080784082,0.141131163,0.070810556
alan,u_r,21_18,21,18,6,0.070810556,0.034906626,0.105717182,0.089759827,0.160570383,0.054853201
alan,r_e,18_5,18,5,6,0.054853201,0.074800253,0.129653454,0.135637283,0.190490484,0.06083703
alan,e_~,5_0,5,0,6,0.06083703,0.02992034,0.09075737,0.094747066,0.155584097,0.064826727
alan,~_n,0_14,0,14,6,0.064826727,0.115691662,0.180518389,0.195477486,0.260304213,0.079785824
alan,n_u,14_21,14,21,6,0.079785824,0.03490591,0.114691734,0.11569047,0.195476294,0.080784559
alan,u_t,21_20,21,20,6,0.080784559,0.000997543,0.081782103,0.069812775,0.150597334,0.068815231
alan,n_o,14_15,14,15,3,0.069813013,0.110703945,0.180516958,0.17553091,0.245343924,0.064826965
alan,o_d,15_4,15,4,3,0.064826965,0.02045536,0.085282326,0.081291199,0.146118164,0.060835838
alan,d_~,4_0,4,0,3,0.060835838,0.034907341,0.095743179,0.099246025,0.160081863,0.064338684
alan,~_y,0_25,0,25,3,0.064338684,0.255333424,0.319672108,0.281264067,0.345602751,0.025930643
alan,y_a,25_1,25,1,3,0.025930643,0.500661135,0.526591778,0.591418743,0.617349386,0.090757608
alan,a_w,1_23,1,23,3,0.090757608,0.029919386,0.120676994,0.08975935,0.180516958,0.059839964
alan,w_n,23_14,23,14,3,0.059839964,0.074801922,0.134641886,0.161074638,0.220914602,0.086272717
alan,n_e,14_5,14,5,3,0.086272717,0.044879913,0.13115263,0.089759827,0.176032543,0.044879913
alan,e_d,5_4,5,4,3,0.044879913,0.09474659,0.139626503,0.160571575,0.205451488,0.065824986
alan,d_e,4_5,4,5,4,0.040890932,0.10023737,0.141128302,0.164570332,0.205461264,0.064332962
alan,e_a,5_1,5,1,4,0.064332962,0.004986525,0.069319487,0.090268612,0.154601574,0.085282087
alan,a_f,1_6,1,6,4,0.085282087,0.019944668,0.105226755,0.090262651,0.175544739,0.070317984
alan,f_~,6_0,6,0,4,0.070317984,0.035903931,0.106221914,0.085770845,0.156088829,0.049866915
alan,~_m,0_13,0,13,4,0.049866915,0.109706402,0.159573317,0.175530672,0.225397587,0.06582427
alan,m_e,13_5,13,5,4,0.06582427,-0.010970831,0.054853439,0.034906626,0.100730896,0.045877457
alan,e_t,5_20,5,20,4,0.045877457,0.099732876,0.145610332,0.150596857,0.196474314,0.050863981
alan,t_a,20_1,20,1,4,0.050863981,0.019947052,0.070811033,0.089762211,0.140626192,0.069815159
alan,a_l,1_12,1,12,4,0.069815159,0.004984856,0.074800014,0.070809603,0.140624762,0.065824747
alan,n_i,14_9,14,9,5,0.065823555,0.125171423,0.190994978,0.189997911,0.255821466,0.064826488
alan,i_t,9_20,9,20,5,0.064826488,0.039894581,0.104721069,0.104720116,0.169546604,0.064825535
alan,t_r,20_18,20,18,5,0.064825535,0.090757847,0.155583382,0.161567926,0.226393461,0.07081008
alan,r_o,18_15,18,15,5,0.07081008,0.019946575,0.090756655,0.074307919,0.145117998,0.054361343
alan,o_~,15_0,15,0,5,0.054361343,0.110210657,0.164572001,0.175037384,0.229398727,0.064826727
alan,~_v,0_22,0,22,5,0.064826727,0.100238085,0.165064812,0.17653966,0.241366386,0.076301575
alan,v_i,22_9,22,9,5,0.076301575,0.029920578,0.106222153,0.09474659,0.171048164,0.064826012
alan,i_e,9_5,9,5,5,0.064826012,0.054854155,0.119680166,0.134640455,0.199466467,0.079786301
alan,e_w,5_23,5,23,5,0.079786301,-0.019946814,0.059839487,0.045877218,0.125663519,0.065824032
alan,y_e,25_5,25,5,6,0.059839964,0.000997305,0.060837269,0.099733114,0.159573078,0.098735809
alan,e_s,5_19,5,19,6,0.098735809,-0.029919147,0.068816662,0.055357933,0.154093742,0.085277081
alan,s_t,19_20,19,20,6,0.085277081,0.135637522,0.220914602,0.205451012,0.290728092,0.06981349
alan,t_e,20_5,20,5,6,0.06981349,0.110703707,0.180517197,0.170543671,0.240357161,0.059839964
alan,e_r,5_18,5,18,6,0.059839964,0.090757132,0.150597095,0.136141777,0.195981741,0.045384645
alan,r_~,18_0,18,0,6,0.045384645,0.039892912,0.085277557,0.089266062,0.134650707,0.04937315
alan,~_k,0_11,0,11,6,0.04937315,0.140130758,0.189503908,0.200474262,0.249847412,0.060343504
alan,k_e,11_5,11,5,6,0.060343504,-0.014959574,0.04538393,0.039893627,0.100237131,0.054853201
alan,e_g,5_7,5,7,6,0.054853201,0.130650759,0.18550396,0.190490246,0.245343447,0.059839487
alan,q_a,17_1,17,1,3,0.084773302,0.180517197,0.265290499,0.231381655,0.316154957,0.050864458
alan,a_t,1_20,1,20,3,0.050864458,0.526099443,0.576963902,0.611378193,0.662242651,0.085278749
alan,t_~,20_0,20,0,3,0.085278749,0.280767441,0.36604619,0.345593691,0.43087244,0.06482625
alan,~_p,0_16,0,16,3,0.06482625,0.475727797,0.540554047,0.546538591,0.611364841,0.070810795
alan,p_a,16_1,16,1,3,0.070810795,0.014960051,0.085770845,0.094746351,0.165557146,0.079786301
alan,a_n,1_14,1,14,3,0.079786301,0.055850744,0.135637045,0.120677471,0.200463772,0.064826727
alan,n_t,14_20,14,20,3,0.064826727,0.014959812,0.079786539,0.080290794,0.145117521,0.065330982
alan,t_r,20_18,20,18,3,0.065330982,0.089760065,0.155091047,0.170543909,0.235874891,0.080783844
alan,r_y,18_25,18,25,3,0.080783844,0.000997782,0.081781626,0.048869848,0.129653692,0.047872066
alan,t_u,20_21,20,21,4,0.064826727,0.019946814,0.08477354,0.08477354,0.149600267,0.064826727
alan,u_s,21_19,21,19,4,0.064826727,0.06482625,0.129652977,0.134639263,0.19946599,0.069813013
alan,s_k,19_11,19,11,4,0.069813013,0.066823006,0.136636019,0.136634827,0.20644784,0.069811821
alan,k_~,11_0,11,0,4,0.069811821,0.114693642,0.184505463,0.174533129,0.24434495,0.059839487
alan,~_j,0_10,0,10,4,0.059839487,0.821814299,0.881653786,0.877665281,0.937504768,0.055850983
alan,j_u,10_21,10,21,4,0.055850983,0.079293728,0.135144711,0.150608301,0.206459284,0.071314573
alan,u_n,21_14,21,14,4,0.071314573,-0.004987001,0.066327572,0.070317507,0.14163208,0.075304508
alan,n_k,14_11,14,11,4,0.075304508,0.094746351,0.170050859,0.154586792,0.2298913,0.059840441
alan,k_s,11_19,11,19,4,0.059840441,0.014959574,0.074800014,0.06482625,0.124666691,0.049866676
alan,p_a,16_1,16,1,5,0.069813251,0.009973288,0.079786539,0.074801207,0.144614458,0.064827919
alan,a_n,1_14,1,14,5,0.064827919,0.05485177,0.119679689,0.114691496,0.179519415,0.059839725
alan,n_i,14_9,14,9,5,0.059839725,0.05485487,0.114694595,0.131648302,0.191488028,0.076793432
alan,i_c,9_3,9,3,5,0.076793432,0.014960051,0.091753483,0.089760542,0.166553974,0.074800491
alan,c_~,3_0,3,0,5,0.074800491,0.054852724,0.129653215,0.109705687,0.184506178,0.054852962
alan,~_t,0_20,0,20,5,0.054852962,0.160077572,0.214930534,0.225902081,0.280755043,0.065824509
alan,t_a,20_1,20,1,5,0.065824509,0.054852724,0.120677233,0.145610094,0.211434603,0.09075737
alan,a_g,1_7,1,7,5,0.09075737,0.034906864,0.125664234,0.094746828,0.185504198,0.059839964
alan,g_s,7_19,7,19,5,0.059839964,0.095251083,0.155091047,0.16557169,0.225411654,0.070320606
alan,m_a,13_1,13,1,6,0.064826488,-0.014959335,0.049867153,0.059839964,0.124666452,0.074799299
alan,a_g,1_7,1,7,6,0.074799299,0.034907579,0.109706879,0.090826988,0.165626287,0.055919409
alan,g_n,7_14,7,14,6,0.055919409,0.104650497,0.160569906,0.165488243,0.221407652,0.060837746
alan,n_e,14_5,14,5,6,0.060837746,0.084772825,0.145610571,0.154586077,0.215423822,0.069813251
alan,e_t,5_20,5,20,6,0.069813251,0.120676994,0.190490246,0.170544386,0.240357637,0.049867392
alan,t_~,20_0,20,0,6,0.049867392,0.040395975,0.090263367,0.095249891,0.145117283,0.054853916
alan,~_o,0_15,0,15,6,0.054853916,0.150608778,0.205462694,0.206460238,0.261314154,0.05585146
alan,o_w,15_23,15,23,6,0.05585146,-0.005984783,0.049866676,0.069812536,0.125663996,0.075797319
alan,w_l,23_12,23,12,6,0.075797319,0.074800014,0.150597334,0.139626503,0.215423822,0.064826488
alan,s_a,19_1,19,1,3,0.126168013,0.060343981,0.186511993,0.135143757,0.261311769,0.074799776
alan,a_x,1_24,1,24,3,0.074799776,0.094747066,0.169546843,0.175533056,0.250332832,0.08078599
alan,x_~,24_0,24,0,3,0.08078599,0.049864292,0.130650282,0.100729465,0.181515455,0.050865173
alan,~_n,0_14,0,14,3,0.050865173,0.1795187,0.230383873,0.249331951,0.300197124,0.069813251
alan,n_o,14_15,14,15,3,0.069813251,0.111701488,0.18151474,0.161568403,0.231381655,0.049866915
alan,o_m,15_13,15,13,3,0.049866915,0.199970484,0.249837399,0.274770498,0.324637413,0.074800014
alan,m_a,13_1,13,1,3,0.074800014,0.035904884,0.110704899,0.110704422,0.185504436,0.074799538
alan,a_d,1_4,1,4,3,0.074799538,0.249841928,0.324641466,0.326632023,0.401431561,0.076790094
alan,d_s,4_19,4,19,3,0.076790094,0.049372911,0.126163006,0.134650707,0.211440802,0.085277796
alan,w_i,23_9,23,9,4,0.045384407,0.034906626,0.080291033,0.095250368,0.140634775,0.060343742
alan,i_t,9_20,9,20,4,0.060343742,0.044879913,0.105223656,0.1112082,0.171551943,0.066328287
alan,t_s,20_19,20,19,4,0.066328287,0.129653215,0.195981503,0.209439993,0.27576828,0.079786777
alan,s_~,19_0,19,0,4,0.079786777,0.0249331,0.104719877,0.079786539,0.159573317,0.054853439
alan,~_c,0_3,0,3,4,0.054853439,0.436831951,0.49168539,0.481711864,0.536565304,0.044879913
alan,c_r,3_18,3,18,4,0.044879913,0.120676994,0.165556908,0.175530672,0.220410585,0.054853678
alan,r_u,18_21,18,21,4,0.054853678,0.024932861,0.079786539,0.084772825,0.139626503,0.059839964
alan,u_s,21_19,21,19,4,0.059839964,0.039893627,0.099733591,0.110704899,0.170544863,0.070811272
alan,s_h,19_8,19,8,4,0.070811272,0.024932384,0.095743656,0.080783844,0.151595116,0.05585146
alan,u_m,21_13,21,13,5,0.059840202,0.120187044,0.180027246,0.190000057,0.24984026,0.069813013
alan,m_b,13_2,13,2,5,0.069813013,0.156581402,0.226394415,0.201460838,0.271273851,0.044879436
alan,b_r,2_18,2,18,5,0.044879436,0.054853439,0.099732876,0.154586792,0.199466228,0.099733353
alan,r_a,18_1,18,1,5,0.099733353,0.000997782,0.100731134,0.084773302,0.184506655,0.08377552
alan,a_~,1_0,1,0,5,0.08377552,0.491686344,0.575461864,0.552522421,0.636297941,0.060836077
alan,~_y,0_25,0,25,5,0.060836077,0.731055498,0.791891575,0.806853533,0.86768961,0.075798035
alan,y_a,25_1,25,1,5,0.075798035,0.119679451,0.195477486,0.209439516,0.285237551,0.089760065
alan,a_w,1_23,1,23,5,0.089760065,-0.014960289,0.074799776,0.055852175,0.14561224,0.070812464
alan,w_n,23_14,23,14,5,0.070812464,0.024931669,0.095744133,0.07978487,0.150597334,0.054853201
alan,h_o,8_15,8,15,6,0.064826727,0.014960766,0.079787493,0.081293106,0.146119833,0.06633234
alan,o_n,15_14,15,14,6,0.06633234,0.079294205,0.145626545,0.154094219,0.220426559,0.074800014
alan,n_e,14_5,14,5,6,0.074800014,0.004987001,0.079787016,0.090264797,0.165064812,0.085277796
alan,e_s,5_19,5,19,6,0.085277796,-0.009973049,0.075304747,0.130157232,0.215435028,0.140130281
alan,s_t,19_20,19,20,6,0.140130281,-0.019946814,0.120183468,0.050863743,0.190994024,0.070810556
alan,t_~,20_0,20,0,6,0.070810556,0.039895058,0.110705614,0.099733353,0.170543909,0.059838295
alan,~_j,0_10,0,10,6,0.059838295,0.616351604,0.676189899,0.676696062,0.736534357,0.060344458
alan,j_o,10_15,10,15,6,0.060344458,0.085769653,0.146114111,0.150595903,0.210940361,0.06482625
alan,o_g,15_7,15,7,6,0.06482625,0.049867153,0.114693403,0.109706879,0.174533129,0.059839725
alan,c_a,3_1,3,1,3,0.075797796,0.004986525,0.080784321,0.08935523,0.165153027,0.084368706
alan,a_t,1_20,1,20,3,0.084368706,0.035904169,0.120272875,0.08029151,0.164660215,0.044387341
alan,t_~,20_0,20,0,3,0.044387341,0.044879198,0.089266539,0.100240469,0.14462781,0.055361271
alan,~_w,0_23,0,23,3,0.055361271,0.03490591,0.090267181,0.121181965,0.176543236,0.086276054
alan,w_a,23_1,23,1,3,0.086276054,-0.030426025,0.055850029,0.054852962,0.141129017,0.085278988
alan,a_k,1_11,1,11,3,0.085278988,-0.014957905,0.070321083,0.049866676,0.135145664,0.064824581
alan,k_e,11_5,11,5,3,0.064824581,0.009974003,0.074798584,0.084773302,0.149597883,0.074799299
alan,e_u,5_21,5,21,3,0.074799299,0.326128006,0.400927305,0.385969877,0.460769176,0.059841871
alan,u_p,21_16,21,16,3,0.059841871,0.170542717,0.230384588,0.231379271,0.291221142,0.060836554
alan,i_n,9_14,9,14,4,0.094746351,-0.034906626,0.059839725,0.044880152,0.139626503,0.079786777
alan,n_f,14_6,14,6,4,0.079786777,-0.014960051,0.064826727,0.049866438,0.129653215,0.064826488
alan,f_o,6_15,6,15,4,0.064826488,0.049866915,0.114693403,0.126661301,0.191487789,0.076794386
alan,o_~,15_0,15,0,4,0.076794386,0.054854393,0.131648779,0.139626265,0.21642065,0.084771872
alan,~_h,0_8,0,8,4,0.084771872,0.221419573,0.306191444,0.300712824,0.385484695,0.079293251
alan,h_e,8_5,8,5,4,0.079293251,-0.029920101,0.04937315,0.055357456,0.134650707,0.085277557
alan,e_r,5_18,5,18,4,0.085277557,0.054853201,0.140130758,0.149599552,0.23487711,0.094746351
alan,r_b,18_2,18,2,4,0.094746351,0.100731373,0.195477724,0.191488028,0.286234379,0.090756655
alan,b_s,2_19,2,19,4,0.090756655,0.014959574,0.105716228,0.079786301,0.170542955,0.064826727
alan,m_a,13_1,13,1,5,0.089760303,0.014959574,0.104719877,0.095743656,0.18550396,0.080784082
alan,a_j,1_10,1,10,5,0.080784082,0.089760065,0.170544147,0.165557861,0.246341944,0.075797796
alan,j_o,10_15,10,15,5,0.075797796,0.089759111,0.165556908,0.176036119,0.251833916,0.086277008
alan,o_r,15_18,15,18,5,0.086277008,-0.015958548,0.07031846,0.064825535,0.151102543,0.080784082
alan,r_~,18_0,18,0,5,0.080784082,0.054852724,0.135636806,0.134640217,0.215424299,0.079787493
alan,~_n,0_14,0,14,5,0.079787493,0.104719162,0.184506655,0.190490246,0.270277739,0.085771084
alan,n_a,14_1,14,1,5,0.085771084,-0.014960051,0.070811033,0.090268373,0.176039457,0.105228424
alan,a_v,1_22,1,22,5,0.105228424,-0.009971619,0.095256805,0.060837746,0.16606617,0.070809364
alan,v_y,22_25,22,25,5,0.070809364,0.124687433,0.195496798,0.199482441,0.270291805,0.074795008
alan,c_o,3_15,3,15,6,0.064826488,-0.014959812,0.049866676,0.044879913,0.109706402,0.059839725
alan,o_u,15_21,15,21,6,0.059839725,0.044880152,0.104719877,0.12067771,0.180517435,0.075797558
alan,u_g,21_7,21,7,6,0.075797558,0.080783606,0.156581163,0.130651236,0.206448793,0.04986763
alan,g_a,7_1,7,1,6,0.04986763,0.059839487,0.109707117,0.174532175,0.224399805,0.114692688
alan,a_r,1_18,1,18,6,0.114692688,-0.024933338,0.08975935,0.040890932,0.15558362,0.06582427
alan,r_~,18_0,18,0,6,0.06582427,0.028922796,0.094747066,0.10970664,0.17553091,0.080783844
alan,~_a,0_1,0,1,6,0.080783844,0.100730181,0.181514025,0.215928078,0.296711922,0.115197897
alan,a_g,1_7,1,7,6,0.115197897,-0.019946575,0.095251322,0.039893389,0.155091286,0.059839964
alan,g_e,7_5,7,5,6,0.059839964,0.119679928,0.179519892,0.281248093,0.341088057,0.161568165
alan,u_s,21_19,21,19,3,0.064823627,0.0249331,0.089756727,0.116194963,0.181018591,0.091261864
alan,s_e,19_5,19,5,3,0.091261864,-0.049866676,0.041395187,0.024933338,0.116195202,0.074800014
alan,e_~,5_0,5,0,3,0.074800014,0.044880152,0.119680166,0.104719877,0.179519892,0.059839725
alan,~_v,0_22,0,22,3,0.059839725,0.069813251,0.129652977,0.135637522,0.195477247,0.06582427
alan,v_o,22_15,22,15,3,0.06582427,0.024933815,0.090758085,0.095744371,0.161568642,0.070810556
alan,o_l,15_12,15,12,3,0.070810556,0.08975935,0.160569906,0.149599314,0.22040987,0.059839964
alan,l_u,12_21,12,21,3,0.059839964,0.130650759,0.190490723,0.190490484,0.250330448,0.059839725
alan,u_m,21_13,21,13,3,0.059839725,0.120679617,0.180519342,0.18550396,0.245343685,0.064824343
alan,m_e,13_5,13,5,3,0.064824343,0.014960051,0.079784393,0.079787016,0.144611359,0.064826965
alan,y_a,25_1,25,1,4,0.049867153,0.044879436,0.09474659,0.114692926,0.16456008,0.06981349
alan,a_l,1_12,1,12,4,0.06981349,0.044879675,0.114693165,0.104719877,0.174533367,0.059840202
alan,l_e,12_5,12,5,4,0.059840202,0.015958786,0.075798988,0.086768866,0.146609068,0.07081008
alan,e_~,5_0,5,0,4,0.07081008,0.054853678,0.125663757,0.119679689,0.190489769,0.064826012
alan,~_z,0_26,0,26,4,0.064826012,0.441326857,0.506152868,0.526099443,0.590925455,0.084772587
alan,z_o,26_15,26,15,4,0.084772587,0.014959812,0.099732399,0.090265512,0.175038099,0.0753057
alan,o_n,15_14,15,14,4,0.0753057,-0.019946575,0.055359125,0.060346603,0.135652304,0.080293179
alan,n_k,14_11,14,11,4,0.080293179,0.1002388,0.180531979,0.165065289,0.245358467,0.064826488
alan,k_s,11_19,11,19,4,0.064826488,0.019946814,0.084773302,0.07031846,0.135144949,0.050371647
alan,h_a,8_1,8,1,5,0.07131505,0.06482625,0.1361413,0.144613981,0.215929031,0.079787731
alan,a_n,1_14,1,14,5,0.079787731,-0.04986763,0.029920101,0.069812059,0.149599791,0.119679689
alan,n_d,14_4,14,4,5,0.119679689,0.140624285,0.260303974,0.201461554,0.321141243,0.060837269
alan,d_y,4_25,4,25,5,0.060837269,0.079786301,0.140623569,0.129653215,0.190490484,0.049866915
alan,y_~,25_0,25,0,5,0.049866915,0.074799776,0.124666691,0.149599791,0.199466705,0.074800014
alan,~_i,0_9,0,9,5,0.074800014,0.105718136,0.18051815,0.156581163,0.231381178,0.050863028
alan,i_r,9_18,9,18,5,0.050863028,0.014960527,0.065823555,0.064826727,0.115689754,0.049866199
alan,r_o,18_15,18,15,5,0.049866199,0.064827204,0.114693403,0.149600029,0.199466228,0.084772825
alan,o_n,15_14,15,14,5,0.084772825,-0.009973526,0.074799299,0.06582427,0.150597095,0.075797796
alan,i_n,9_14,9,14,6,0.075304031,-0.020450592,0.054853439,0.059840441,0.135144472,0.080291033
alan,n_b,14_2,14,2,6,0.080291033,0.110214472,0.190505505,0.181025505,0.261316538,0.070811033
alan,b_r,2_18,2,18,6,0.070811033,0.000997543,0.071808577,0.054852962,0.125663996,0.053855419
alan,r_e,18_5,18,5,6,0.053855419,0.099733114,0.153588533,0.16057086,0.214426279,0.060837746
alan,e_d,5_4,5,4,6,0.060837746,0.129652739,0.190490484,0.179519892,0.240357637,0.049867153
alan,d_~,4_0,4,0,6,0.049867153,0.054853439,0.104720592,0.11569047,0.165557623,0.06083703
alan,~_g,0_7,0,7,6,0.06083703,0.506151199,0.56698823,0.536071301,0.596908331,0.029920101
alan,g_e,7_5,7,5,6,0.029920101,0.105717897,0.135637999,0.170543909,0.20046401,0.064826012
alan,e_m,5_13,5,13,6,0.064826012,-0.004986763,0.059839249,0.061341763,0.126167774,0.066328526
alan,t_a,20_1,20,1,3,0.074800014,0.081781387,0.156581402,0.166554689,0.241354704,0.084773302
alan,a_w,1_23,1,23,3,0.084773302,-0.029920101,0.054853201,0.034906626,0.119679928,0.064826727
alan,w_~,23_0,23,0,3,0.064826727,0.059839964,0.124666691,0.120184183,0.18501091,0.060344219
alan,~_k,0_11,0,11,3,0.060344219,0.135144234,0.195488453,0.190995216,0.251339436,0.055850983
alan,k_u,11_21,11,21,3,0.055850983,0.124666452,0.180517435,0.199466228,0.255317211,0.074799776
alan,u_n,21_14,21,14,3,0.074799776,-0.024932861,0.049866915,0.059840441,0.134640217,0.084773302
alan,n_g,14_7,14,7,3,0.084773302,-0.003988504,0.080784798,0.06083703,0.145610332,0.064825535
alan,g_f,7_6,7,6,3,0.064825535,0.135637522,0.200463057,0.195477724,0.260303259,0.059840202
alan,f_u,6_21,6,21,3,0.059840202,0.0249331,0.084773302,0.074799538,0.13463974,0.049866438
alan,v_i,22_9,22,9,4,0.054852962,0.034906626,0.089759588,0.085770369,0.140623331,0.050863743
alan,i_l,9_12,9,12,4,0.050863743,0.119680166,0.170543909,0.184506655,0.235370398,0.064826488
alan,l_e,12_5,12,5,4,0.064826488,0.009973288,0.074799776,0.070811033,0.135637522,0.060837746
alan,e_~,5_0,5,0,4,0.060837746,0.064826488,0.125664234,0.119680405,0.18051815,0.054853916
alan,~_w,0_23,0,23,4,0.054853916,0.120676994,0.17553091,0.186007977,0.240861893,0.065330982
alan,w_h,23_8,23,8,4,0.065330982,0.185011387,0.250342369,0.260808468,0.32613945,0.075797081
alan,h_i,8_9,8,9,4,0.075797081,0.039893389,0.11569047,0.104719877,0.180516958,0.064826488
alan,i_s,9_19,9,19,4,0.064826488,0.045877934,0.110704422,0.11569047,0.180516958,0.069812536
alan,s_k,19_11,19,11,4,0.069812536,0.049867153,0.119679689,0.104720354,0.17453289,0.054853201
alan,j_o,10_15,10,15,5,0.054852962,0.175544739,0.230397701,0.245863199,0.300716162,0.07031846
alan,o_h,15_8,15,8,5,0.07031846,0.024931431,0.095249891,0.100236416,0.170554876,0.075304985
alan,h_n,8_14,8,14,5,0.075304985,0.054852724,0.130157709,0.119679451,0.194984436,0.064826727
alan,n_s,14_19,14,19,5,0.064826727,0.06981349,0.134640217,0.145610809,0.210437536,0.075797319
alan,s_~,19_0,19,0,5,0.075797319,0.085770369,0.161567688,0.145610571,0.22140789,0.059840202
alan,~_r,0_18,0,18,5,0.059840202,0.129652977,0.189493179,0.204453468,0.264293671,0.074800491
alan,r_a,18_1,18,1,5,0.074800491,0.051861286,0.126661777,0.111701012,0.186501503,0.059839725
alan,a_i,1_9,1,9,5,0.059839725,0.019946575,0.079786301,0.069813251,0.129652977,0.049866676
alan,i_l,9_12,9,12,5,0.049866676,0.125170231,0.175036907,0.185010195,0.234876871,0.059839964
alan,j_o,10_15,10,15,6,0.064830065,0.141125202,0.205955267,0.205459356,0.270289421,0.064334154
alan,o_l,15_12,15,12,6,0.064334154,0.125170708,0.189504862,0.190501451,0.254835606,0.065330744
alan,l_t,12_20,12,20,6,0.065330744,0.286234617,0.351565361,0.361034393,0.426365137,0.074799776
alan,t_e,20_5,20,5,6,0.074799776,0.099733353,0.174533129,0.175530434,0.25033021,0.075797081
alan,e_r,5_18,5,18,6,0.075797081,0.054853201,0.130650282,0.135637522,0.211434603,0.080784321
alan,r_~,18_0,18,0,6,0.080784321,0.03989315,0.120677471,0.099733114,0.180517435,0.059839964
alan,~_i,0_9,0,9,6,0.059839964,0.100237846,0.16007781,0.190995932,0.250835896,0.090758085
alan,i_m,9_13,9,13,6,0.090758085,-0.019947529,0.070810556,0.069812536,0.160570621,0.089760065
alan,m_p,13_16,13,16,6,0.089760065,0.190490723,0.280250788,0.270277023,0.360037088,0.079786301
alan,m_e,13_5,13,5,3,0.07480073,-0.00498724,0.06981349,0.044879198,0.119679928,0.049866438
alan,e_t,5_20,5,20,3,0.049866438,0.099733353,0.149599791,0.15658164,0.206448078,0.056848288
alan,t_~,20_0,20,0,3,0.056848288,0.029920101,0.086768389,0.074799776,0.131648064,0.044879675
alan,~_o,0_15,0,15,3,0.044879675,0.129653454,0.174533129,0.179519892,0.224399567,0.049866438
alan,o_o,15_15,15,15,3,0.049866438,0.080291748,0.130158186,0.141129017,0.190995455,0.060837269
alan,o_z,15_26,15,26,3,0.060837269,0.035409689,0.096246958,0.100235939,0.161073208,0.06482625
alan,z_i,26_9,26,9,3,0.06482625,0.094747782,0.159574032,0.194479942,0.259306192,0.099732161
alan,i_n,9_14,9,14,3,0.099732161,-0.034906626,0.064825535,0.049866676,0.149598837,0.084773302
alan,n_g,14_7,14,7,3,0.084773302,0.010971546,0.095744848,0.0718081,0.156581402,0.060836554
alan,o_i,15_9,15,9,4,0.069813013,0.296206713,0.366019726,0.371511459,0.441324472,0.075304747
alan,i_l,9_12,9,12,4,0.075304747,0.099732399,0.175037146,0.174532175,0.249836922,0.074799776
alan,l_y,12_25,12,25,4,0.074799776,-0.014959812,0.059839964,0.064827204,0.13962698,0.079787016
alan,y_~,25_0,25,0,4,0.079787016,0.065823793,0.145610809,0.120676756,0.200463772,0.054852962
alan,~_s,0_19,0,19,4,0.054852962,0.070812464,0.125665426,0.1550951,0.209948063,0.084282637
alan,s_t,19_20,19,20,4,0.084282637,0.050864697,0.135147333,0.120186329,0.204468966,0.069321632
alan,t_r,20_18,20,18,4,0.069321632,0.126168966,0.195490599,0.211447477,0.28076911,0.085278511
alan,r_i,18_9,18,9,4,0.085278511,0.089759827,0.175038338,0.174533129,0.25981164,0.084773302
alan,i_p,9_16,9,16,4,0.084773302,0.151594877,0.236368179,0.231381655,0.316154957,0.079786777
alan,m_a,13_1,13,1,5,0.104720116,0.009973288,0.114693403,0.081781387,0.186501503,0.0718081
alan,a_z,1_26,1,26,5,0.0718081,0.364531279,0.436339378,0.455290318,0.527098417,0.090759039
alan,z_e,26_5,26,5,5,0.090759039,0.160568953,0.251327991,0.275261879,0.366020918,0.114692926
alan,e_s,5_19,5,19,5,0.114692926,0.115703106,0.230396032,0.201473951,0.316166878,0.085770845
alan,s_~,19_0,19,0,5,0.085770845,0.084279537,0.170050383,0.149610996,0.235381842,0.065331459
alan,~_t,0_20,0,20,5,0.065331459,0.156089067,0.221420527,0.23088932,0.296220779,0.074800253
alan,t_o,20_15,20,15,5,0.074800253,0.044879913,0.119680166,0.114693165,0.189493418,0.069813251
alan,o_r,15_18,15,18,5,0.069813251,0.03989315,0.109706402,0.115690708,0.18550396,0.075797558
alan,r_o,18_15,18,15,5,0.075797558,0.019947052,0.09574461,0.080784082,0.15658164,0.06083703
alan,t_w,20_23,20,23,6,0.07480073,0.069812536,0.144613266,0.144612551,0.21941328,0.074800014
alan,w_i,23_9,23,9,6,0.074800014,-0.003988743,0.070811272,0.085770369,0.160570383,0.089759111
alan,i_n,9_14,9,14,6,0.089759111,-0.024933338,0.064825773,0.070811033,0.160570145,0.095744371
alan,n_e,14_5,14,5,6,0.095744371,0.004986525,0.100730896,0.074799776,0.170544147,0.069813251
alan,e_r,5_18,5,18,6,0.069813251,0.075304031,0.145117283,0.145117521,0.214930773,0.06981349
alan,r_~,18_0,18,0,6,0.06981349,0.030425549,0.100239038,0.095252037,0.165065527,0.064826488
alan,~_m,0_13,0,13,6,0.064826488,0.160570145,0.225396633,0.251329184,0.316155672,0.090759039
alan,m_o,13_15,13,15,6,0.090759039,0.034905434,0.125664473,0.109704971,0.20046401,0.074799538
alan,o_w,15_23,15,23,6,0.074799538,-0.019946098,0.054853439,0.064826965,0.139626503,0.084773064
alan,e_n,5_14,5,14,3,0.06981349,0.03989315,0.10970664,0.104719877,0.174533367,0.064826727
alan,n_s,14_19,14,19,3,0.064826727,0.039892912,0.104719639,0.135143995,0.199970722,0.095251083
alan,s_~,19_0,19,0,3,0.095251083,0.075797796,0.17104888,0.145610571,0.240861654,0.069812775
alan,~_z,0_26,0,26,3,0.069812775,0.170544386,0.240357161,0.260304213,0.330116987,0.089759827
alan,z_i,26_9,26,9,3,0.089759827,0.035410166,0.125169992,0.111207724,0.20096755,0.075797558
alan,i_z,9_26,9,26,3,0.075797558,0.079293728,0.155091286,0.134651184,0.210448742,0.055357456
alan,z_z,26_26,26,26,3,0.055357456,0.084772825,0.140130281,0.150103807,0.205461264,0.065330982
alan,z_l,26_12,26,12,3,0.065330982,0.029919863,0.095250845,0.101235867,0.166566849,0.071316004
alan,l_e,12_5,12,5,3,0.071316004,0.029919863,0.101235867,0.09474659,0.166062593,0.064826727
alan,b_o,2_15,2,15,4,0.066821337,0.03989315,0.106714487,0.084772825,0.151594162,0.044879675
alan,o_o,15_15,15,15,4,0.044879675,0.084774017,0.129653692,0.159573793,0.204453468,0.074799776
alan,o_k,15_11,15,11,4,0.074799776,-0.009973049,0.064826727,0.069812775,0.144612551,0.079785824
alan,k_~,11_0,11,0,4,0.079785824,0.111702204,0.191488028,0.176529169,0.256314993,0.064826965
alan,~_c,0_3,0,3,4,0.064826965,0.009972334,0.074799299,0.08477211,0.149599075,0.074799776
alan,c_a,3_1,3,1,4,0.074799776,0.024933338,0.099733114,0.104719877,0.179519653,0.079786539
alan,a_r,1_18,1,18,4,0.079786539,0.009973526,0.089760065,0.06582427,0.145610809,0.055850744
alan,r_e,18_5,18,5,4,0.055850744,0.074801207,0.130651951,0.135637045,0.191487789,0.060835838
alan,e_d,5_4,5,4,4,0.060835838,0.06981349,0.130649328,0.129653454,0.190489292,0.059839964
alan,h_u,8_21,8,21,5,0.064826488,0.06582427,0.130650759,0.125664473,0.190490961,0.059840202
alan,u_t,21_20,21,20,5,0.059840202,0.009972811,0.069813013,0.069812775,0.129652977,0.059839964
alan,t_c,20_3,20,3,5,0.059839964,0.115690708,0.175530672,0.175530672,0.235370636,0.059839964
alan,c_h,3_8,3,8,5,0.059839964,0.025930882,0.085770845,0.085771084,0.145611048,0.059840202
alan,h_~,8_0,8,0,5,0.059840202,0.119185925,0.179026127,0.185009718,0.24484992,0.065823793
alan,~_t,0_20,0,20,5,0.065823793,0.00997448,0.075798273,0.080784082,0.146607876,0.070809603
alan,t_a,20_1,20,1,5,0.070809603,0.054852962,0.125662565,0.13962698,0.210436583,0.084774017
alan,a_r,1_18,1,18,5,0.084774017,-0.009973288,0.07480073,0.06582427,0.150598288,0.075797558
alan,r_t,18_20,18,20,5,0.075797558,0.089759111,0.165556669,0.149106026,0.224903584,0.059346914
alan,u_n,21_14,21,14,6,0.080291748,0.064827681,0.145119429,0.115689754,0.195981503,0.050862074
alan,n_p,14_16,14,16,6,0.050862074,0.164559841,0.215421915,0.23038435,0.281246424,0.065824509
alan,p_a,16_1,16,1,6,0.065824509,0.014960051,0.080784559,0.104719639,0.170544147,0.089759588
alan,a_c,1_3,1,3,6,0.089759588,-0.03989315,0.049866438,0.045877457,0.135637045,0.085770607
alan,c_k,3_11,3,11,6,0.085770607,0.109706402,0.195477009,0.200464725,0.286235332,0.090758324
alan,k_~,11_0,11,0,6,0.090758324,0.169546366,0.260304689,0.220915079,0.311673403,0.051368713
alan,~_d,0_4,0,4,6,0.051368713,0.440820932,0.492189646,0.500169516,0.551538229,0.059348583
alan,d_o,4_15,4,15,6,0.059348583,0.02094388,0.080292463,0.075797319,0.135145903,0.054853439
alan,o_s,15_19,15,19,6,0.054853439,0.034413815,0.089267254,0.099240303,0.154093742,0.064826488
